<kml xmlns="http://www.opengis.net/kml/2.2" xmlns:atom="http://www.w3.org/2005/Atom" xmlns:gx="http://www.google.com/kml/ext/2.2">
  <Document>
    <Style id="QueryArea">
      <LineStyle>
        <color>ffc0c000</color>
        <width>3</width>
      </LineStyle>
      <PolyStyle>
        <color>80ffffaa</color>
      </PolyStyle>
    </Style>
    <Style id="F3548v21Accepted">
      <LineStyle>
        <color>ff00c000</color>
        <width>3</width>
      </LineStyle>
      <PolyStyle>
        <color>80c0c0c0</color>
      </PolyStyle>
    </Style>
    <Style id="F3548v21Activated">
      <LineStyle>
        <color>ff00c000</color>
        <width>3</width>
      </LineStyle>
      <PolyStyle>
        <color>8000ff00</color>
      </PolyStyle>
    </Style>
    <Style id="F3548v21Nonconforming">
      <LineStyle>
        <color>ff00ffff</color>
        <width>5</width>
      </LineStyle>
      <PolyStyle>
        <color>8000ffff</color>
      </PolyStyle>
    </Style>
    <Style id="F3548v21Contingent">
      <LineStyle>
        <color>ff0000ff</color>
        <width>5</width>
      </LineStyle>
      <PolyStyle>
        <color>80ff0000ff</color>
      </PolyStyle>
    </Style>
    <Style id="F3548v21AcceptedFuture">
      <LineStyle>
        <color>80c0c0c0</color>
        <width>1</width>
      </LineStyle>
      <PolyStyle>
        <color>00000000</color>
      </PolyStyle>
    </Style>
    <Style id="F3548v21ActivatedFuture">
      <LineStyle>
        <color>8040c040</color>
        <width>1</width>
      </LineStyle>
      <PolyStyle>
        <color>00000000</color>
      </PolyStyle>
    </Style>
    <Style id="F3548v21NonconformingFuture">
      <LineStyle>
        <color>8000ffff</color>
        <width>1</width>
      </LineStyle>
      <PolyStyle>
        <color>00000000</color>
      </PolyStyle>
    </Style>
    <Style id="F3548v21ContingentFuture">
      <LineStyle>
        <color>80ff0000ff</color>
        <width>1</width>
      </LineStyle>
      <PolyStyle>
        <color>00000000</color>
      </PolyStyle>
    </Style>
    <Style id="Planned_Nominal">
      <LineStyle>
        <color>ff00c000</color>
        <width>3</width>
      </LineStyle>
      <PolyStyle>
        <color>80808080</color>
      </PolyStyle>
    </Style>
    <Style id="InUse_Nominal">
      <LineStyle>
        <color>ff00c000</color>
        <width>3</width>
      </LineStyle>
      <PolyStyle>
        <color>8000ff00</color>
      </PolyStyle>
    </Style>
    <Style id="InUse_OffNominal">
      <LineStyle>
        <color>ff00ffff</color>
        <width>5</width>
      </LineStyle>
      <PolyStyle>
        <color>8000ff00</color>
      </PolyStyle>
    </Style>
    <Style id="InUse_Contingent">
      <LineStyle>
        <color>ff0000ff</color>
        <width>5</width>
      </LineStyle>
      <PolyStyle>
        <color>8000ff00</color>
      </PolyStyle>
    </Style>
    <Style id="unmodifiedtelemetry">
      <IconStyle>
        <scale>1.4</scale>
        <Icon>
          <href>http://maps.google.com/mapfiles/kml/shapes/placemark_circle.png</href>
        </Icon>
      </IconStyle>
    </Style>
    <Style id="modifiedtelemetry">
      <IconStyle>
        <scale>1.4</scale>
        <Icon>
          <href>http://maps.google.com/mapfiles/kml/shapes/placemark_square.png</href>
        </Icon>
      </IconStyle>
    </Style>
    <Style id="aircraft">
      <IconStyle>
        <scale>1.4</scale>
        <Icon>
          <href>http://maps.google.com/mapfiles/kml/shapes/airports.png</href>
        </Icon>
      </IconStyle>
    </Style>
    <Folder>
      <name>Nominal planning: conflict with higher priority</name>
      <Folder>
        <name>Prerequisites check</name>
        <Folder>
          <name>Verify area is clear</name>
          <Folder>
            <name>E3: uss1 astm.f3548.v21.dss.queryOperationalIntentReferences</name>
            <Placemark>
              <name>area_of_interest</name>
              <styleUrl>#QueryArea</styleUrl>
              <description><![CDATA[(no operational intent references found)]]></description>
              <TimeSpan>
                <begin>2026-05-21T14:53:21.272945+00:00</begin>
                <end>2026-05-21T16:23:22.272945+00:00</end>
              </TimeSpan>
              <MultiGeometry>
                <Polygon>
                  <altitudeMode>absolute</altitudeMode>
                  <outerBoundaryIs>
                    <LinearRing>
                      <coordinates>7.477199999999999,46.97455,526.271598776309 7.477199999999999,46.975300000000004,526.271598776309 7.477950000000001,46.975300000000004,526.271598776309 7.477950000000001,46.97455,526.271598776309</coordinates>
                    </LinearRing>
                  </outerBoundaryIs>
                </Polygon>
                <Polygon>
                  <altitudeMode>absolute</altitudeMode>
                  <outerBoundaryIs>
                    <LinearRing>
                      <coordinates>7.477199999999999,46.97455,606.321598776309 7.477199999999999,46.975300000000004,606.321598776309 7.477950000000001,46.975300000000004,606.321598776309 7.477950000000001,46.97455,606.321598776309</coordinates>
                    </LinearRing>
                  </outerBoundaryIs>
                </Polygon>
                <Polygon>
                  <altitudeMode>absolute</altitudeMode>
                  <outerBoundaryIs>
                    <LinearRing>
                      <coordinates>7.477199999999999,46.97455,526.271598776309 7.477199999999999,46.97455,606.321598776309 7.477199999999999,46.975300000000004,606.321598776309 7.477199999999999,46.975300000000004,526.271598776309</coordinates>
                    </LinearRing>
                  </outerBoundaryIs>
                </Polygon>
                <Polygon>
                  <altitudeMode>absolute</altitudeMode>
                  <outerBoundaryIs>
                    <LinearRing>
                      <coordinates>7.477199999999999,46.975300000000004,526.271598776309 7.477199999999999,46.975300000000004,606.321598776309 7.477950000000001,46.975300000000004,606.321598776309 7.477950000000001,46.975300000000004,526.271598776309</coordinates>
                    </LinearRing>
                  </outerBoundaryIs>
                </Polygon>
                <Polygon>
                  <altitudeMode>absolute</altitudeMode>
                  <outerBoundaryIs>
                    <LinearRing>
                      <coordinates>7.477950000000001,46.975300000000004,526.271598776309 7.477950000000001,46.975300000000004,606.321598776309 7.477950000000001,46.97455,606.321598776309 7.477950000000001,46.97455,526.271598776309</coordinates>
                    </LinearRing>
                  </outerBoundaryIs>
                </Polygon>
                <Polygon>
                  <altitudeMode>absolute</altitudeMode>
                  <outerBoundaryIs>
                    <LinearRing>
                      <coordinates>7.477950000000001,46.97455,526.271598776309 7.477950000000001,46.97455,606.321598776309 7.477199999999999,46.97455,606.321598776309 7.477199999999999,46.97455,526.271598776309</coordinates>
                    </LinearRing>
                  </outerBoundaryIs>
                </Polygon>
              </MultiGeometry>
            </Placemark>
          </Folder>
        </Folder>
      </Folder>
      <Folder>
        <name>Attempt to plan flight in conflict</name>
        <Folder>
          <name>Plan Flight 2</name>
          <Folder>
            <name>E6: uss1 astm.f3548.v21.dss.queryOperationalIntentReferences</name>
            <Placemark>
              <name>area_of_interest</name>
              <styleUrl>#QueryArea</styleUrl>
              <description><![CDATA[(no operational intent references found)]]></description>
              <TimeSpan>
                <begin>2026-05-21T14:53:21.331449+00:00</begin>
                <end>2026-05-21T15:38:22.331449+00:00</end>
              </TimeSpan>
              <MultiGeometry>
                <Polygon>
                  <altitudeMode>absolute</altitudeMode>
                  <outerBoundaryIs>
                    <LinearRing>
                      <coordinates>7.477199999999999,46.97455,555.2514433597552 7.477199999999999,46.975300000000004,555.2514433597552 7.477600000000001,46.975300000000004,555.2514433597552 7.477600000000001,46.97455,555.2514433597552</coordinates>
                    </LinearRing>
                  </outerBoundaryIs>
                </Polygon>
                <Polygon>
                  <altitudeMode>absolute</altitudeMode>
                  <outerBoundaryIs>
                    <LinearRing>
                      <coordinates>7.477199999999999,46.97455,584.3214433597552 7.477199999999999,46.975300000000004,584.3214433597552 7.477600000000001,46.975300000000004,584.3214433597552 7.477600000000001,46.97455,584.3214433597552</coordinates>
                    </LinearRing>
                  </outerBoundaryIs>
                </Polygon>
                <Polygon>
                  <altitudeMode>absolute</altitudeMode>
                  <outerBoundaryIs>
                    <LinearRing>
                      <coordinates>7.477199999999999,46.97455,555.2514433597552 7.477199999999999,46.97455,584.3214433597552 7.477199999999999,46.975300000000004,584.3214433597552 7.477199999999999,46.975300000000004,555.2514433597552</coordinates>
                    </LinearRing>
                  </outerBoundaryIs>
                </Polygon>
                <Polygon>
                  <altitudeMode>absolute</altitudeMode>
                  <outerBoundaryIs>
                    <LinearRing>
                      <coordinates>7.477199999999999,46.975300000000004,555.2514433597552 7.477199999999999,46.975300000000004,584.3214433597552 7.477600000000001,46.975300000000004,584.3214433597552 7.477600000000001,46.975300000000004,555.2514433597552</coordinates>
                    </LinearRing>
                  </outerBoundaryIs>
                </Polygon>
                <Polygon>
                  <altitudeMode>absolute</altitudeMode>
                  <outerBoundaryIs>
                    <LinearRing>
                      <coordinates>7.477600000000001,46.975300000000004,555.2514433597552 7.477600000000001,46.975300000000004,584.3214433597552 7.477600000000001,46.97455,584.3214433597552 7.477600000000001,46.97455,555.2514433597552</coordinates>
                    </LinearRing>
                  </outerBoundaryIs>
                </Polygon>
                <Polygon>
                  <altitudeMode>absolute</altitudeMode>
                  <outerBoundaryIs>
                    <LinearRing>
                      <coordinates>7.477600000000001,46.97455,555.2514433597552 7.477600000000001,46.97455,584.3214433597552 7.477199999999999,46.97455,584.3214433597552 7.477199999999999,46.97455,555.2514433597552</coordinates>
                    </LinearRing>
                  </outerBoundaryIs>
                </Polygon>
              </MultiGeometry>
            </Placemark>
          </Folder>
          <Folder>
            <name>E8: uss1 interuss.automated_testing.flight_planning.v1.UpsertFlightPlan</name>
            <Folder>
              <name>Activity Completed, flight Planned</name>
              <Placemark>
                <name>Volume 0</name>
                <styleUrl>#Planned_Nominal</styleUrl>
                <TimeSpan>
                  <begin>2026-05-21T14:53:21.331449+00:00</begin>
                  <end>2026-05-21T15:38:22.331449+00:00</end>
                </TimeSpan>
                <MultiGeometry>
                  <Polygon>
                    <altitudeMode>absolute</altitudeMode>
                    <outerBoundaryIs>
                      <LinearRing>
                        <coordinates>7.4772,46.975,555.25147227108 7.4774,46.97455,555.25147227108 7.477600000000001,46.97495,555.25147227108 7.4774,46.975300000000004,555.25147227108</coordinates>
                      </LinearRing>
                    </outerBoundaryIs>
                  </Polygon>
                  <Polygon>
                    <altitudeMode>absolute</altitudeMode>
                    <outerBoundaryIs>
                      <LinearRing>
                        <coordinates>7.4772,46.975,584.3214722710801 7.4774,46.97455,584.3214722710801 7.477600000000001,46.97495,584.3214722710801 7.4774,46.975300000000004,584.3214722710801</coordinates>
                      </LinearRing>
                    </outerBoundaryIs>
                  </Polygon>
                  <Polygon>
                    <altitudeMode>absolute</altitudeMode>
                    <outerBoundaryIs>
                      <LinearRing>
                        <coordinates>7.4772,46.975,555.25147227108 7.4772,46.975,584.3214722710801 7.4774,46.97455,584.3214722710801 7.4774,46.97455,555.25147227108</coordinates>
                      </LinearRing>
                    </outerBoundaryIs>
                  </Polygon>
                  <Polygon>
                    <altitudeMode>absolute</altitudeMode>
                    <outerBoundaryIs>
                      <LinearRing>
                        <coordinates>7.4774,46.97455,555.25147227108 7.4774,46.97455,584.3214722710801 7.477600000000001,46.97495,584.3214722710801 7.477600000000001,46.97495,555.25147227108</coordinates>
                      </LinearRing>
                    </outerBoundaryIs>
                  </Polygon>
                  <Polygon>
                    <altitudeMode>absolute</altitudeMode>
                    <outerBoundaryIs>
                      <LinearRing>
                        <coordinates>7.477600000000001,46.97495,555.25147227108 7.477600000000001,46.97495,584.3214722710801 7.4774,46.975300000000004,584.3214722710801 7.4774,46.975300000000004,555.25147227108</coordinates>
                      </LinearRing>
                    </outerBoundaryIs>
                  </Polygon>
                  <Polygon>
                    <altitudeMode>absolute</altitudeMode>
                    <outerBoundaryIs>
                      <LinearRing>
                        <coordinates>7.4774,46.975300000000004,555.25147227108 7.4774,46.975300000000004,584.3214722710801 7.4772,46.975,584.3214722710801 7.4772,46.975,555.25147227108</coordinates>
                      </LinearRing>
                    </outerBoundaryIs>
                  </Polygon>
                </MultiGeometry>
              </Placemark>
            </Folder>
          </Folder>
          <Folder>
            <name>E12: uss1 astm.f3548.v21.dss.queryOperationalIntentReferences</name>
            <Placemark>
              <name>area_of_interest</name>
              <styleUrl>#QueryArea</styleUrl>
              <description><![CDATA[<ul><li>uss1's Accepted 31dfa84d-f96e-4d58-a9bd-95b5465d0ef8[1]</li></ul>]]></description>
              <TimeSpan>
                <begin>2026-05-21T14:53:21.331449+00:00</begin>
                <end>2026-05-21T15:38:22.331449+00:00</end>
              </TimeSpan>
              <MultiGeometry>
                <Polygon>
                  <altitudeMode>absolute</altitudeMode>
                  <outerBoundaryIs>
                    <LinearRing>
                      <coordinates>7.477199999999999,46.97455,555.2514433597552 7.477199999999999,46.975300000000004,555.2514433597552 7.477600000000001,46.975300000000004,555.2514433597552 7.477600000000001,46.97455,555.2514433597552</coordinates>
                    </LinearRing>
                  </outerBoundaryIs>
                </Polygon>
                <Polygon>
                  <altitudeMode>absolute</altitudeMode>
                  <outerBoundaryIs>
                    <LinearRing>
                      <coordinates>7.477199999999999,46.97455,584.3214433597552 7.477199999999999,46.975300000000004,584.3214433597552 7.477600000000001,46.975300000000004,584.3214433597552 7.477600000000001,46.97455,584.3214433597552</coordinates>
                    </LinearRing>
                  </outerBoundaryIs>
                </Polygon>
                <Polygon>
                  <altitudeMode>absolute</altitudeMode>
                  <outerBoundaryIs>
                    <LinearRing>
                      <coordinates>7.477199999999999,46.97455,555.2514433597552 7.477199999999999,46.97455,584.3214433597552 7.477199999999999,46.975300000000004,584.3214433597552 7.477199999999999,46.975300000000004,555.2514433597552</coordinates>
                    </LinearRing>
                  </outerBoundaryIs>
                </Polygon>
                <Polygon>
                  <altitudeMode>absolute</altitudeMode>
                  <outerBoundaryIs>
                    <LinearRing>
                      <coordinates>7.477199999999999,46.975300000000004,555.2514433597552 7.477199999999999,46.975300000000004,584.3214433597552 7.477600000000001,46.975300000000004,584.3214433597552 7.477600000000001,46.975300000000004,555.2514433597552</coordinates>
                    </LinearRing>
                  </outerBoundaryIs>
                </Polygon>
                <Polygon>
                  <altitudeMode>absolute</altitudeMode>
                  <outerBoundaryIs>
                    <LinearRing>
                      <coordinates>7.477600000000001,46.975300000000004,555.2514433597552 7.477600000000001,46.975300000000004,584.3214433597552 7.477600000000001,46.97455,584.3214433597552 7.477600000000001,46.97455,555.2514433597552</coordinates>
                    </LinearRing>
                  </outerBoundaryIs>
                </Polygon>
                <Polygon>
                  <altitudeMode>absolute</altitudeMode>
                  <outerBoundaryIs>
                    <LinearRing>
                      <coordinates>7.477600000000001,46.97455,555.2514433597552 7.477600000000001,46.97455,584.3214433597552 7.477199999999999,46.97455,584.3214433597552 7.477199999999999,46.97455,555.2514433597552</coordinates>
                    </LinearRing>
                  </outerBoundaryIs>
                </Polygon>
              </MultiGeometry>
            </Placemark>
          </Folder>
          <Folder>
            <name>E16: uss1 astm.f3548.v21.uss.getOperationalIntentDetails</name>
            <Folder>
              <name>uss1's P100 Accepted 31dfa84d-f96e-4d58-a9bd-95b5465d0ef8[1] @ 9mlf5OrurCTl64byd2yYPrgGZBKl1fZRwVIHui9xjG8_</name>
              <Placemark>
                <name>Nominal volume 0</name>
                <styleUrl>#F3548v21Accepted</styleUrl>
                <TimeSpan>
                  <begin>2026-05-21T14:53:22.348766+00:00</begin>
                  <end>2026-05-21T15:38:22.331449+00:00</end>
                </TimeSpan>
                <MultiGeometry>
                  <Polygon>
                    <altitudeMode>absolute</altitudeMode>
                    <outerBoundaryIs>
                      <LinearRing>
                        <coordinates>7.4772,46.975,555.25147227108 7.4774,46.97455,555.25147227108 7.477600000000001,46.97495,555.25147227108 7.4774,46.975300000000004,555.25147227108</coordinates>
                      </LinearRing>
                    </outerBoundaryIs>
                  </Polygon>
                  <Polygon>
                    <altitudeMode>absolute</altitudeMode>
                    <outerBoundaryIs>
                      <LinearRing>
                        <coordinates>7.4772,46.975,584.3214722710801 7.4774,46.97455,584.3214722710801 7.477600000000001,46.97495,584.3214722710801 7.4774,46.975300000000004,584.3214722710801</coordinates>
                      </LinearRing>
                    </outerBoundaryIs>
                  </Polygon>
                  <Polygon>
                    <altitudeMode>absolute</altitudeMode>
                    <outerBoundaryIs>
                      <LinearRing>
                        <coordinates>7.4772,46.975,555.25147227108 7.4772,46.975,584.3214722710801 7.4774,46.97455,584.3214722710801 7.4774,46.97455,555.25147227108</coordinates>
                      </LinearRing>
                    </outerBoundaryIs>
                  </Polygon>
                  <Polygon>
                    <altitudeMode>absolute</altitudeMode>
                    <outerBoundaryIs>
                      <LinearRing>
                        <coordinates>7.4774,46.97455,555.25147227108 7.4774,46.97455,584.3214722710801 7.477600000000001,46.97495,584.3214722710801 7.477600000000001,46.97495,555.25147227108</coordinates>
                      </LinearRing>
                    </outerBoundaryIs>
                  </Polygon>
                  <Polygon>
                    <altitudeMode>absolute</altitudeMode>
                    <outerBoundaryIs>
                      <LinearRing>
                        <coordinates>7.477600000000001,46.97495,555.25147227108 7.477600000000001,46.97495,584.3214722710801 7.4774,46.975300000000004,584.3214722710801 7.4774,46.975300000000004,555.25147227108</coordinates>
                      </LinearRing>
                    </outerBoundaryIs>
                  </Polygon>
                  <Polygon>
                    <altitudeMode>absolute</altitudeMode>
                    <outerBoundaryIs>
                      <LinearRing>
                        <coordinates>7.4774,46.975300000000004,555.25147227108 7.4774,46.975300000000004,584.3214722710801 7.4772,46.975,584.3214722710801 7.4772,46.975,555.25147227108</coordinates>
                      </LinearRing>
                    </outerBoundaryIs>
                  </Polygon>
                </MultiGeometry>
              </Placemark>
            </Folder>
          </Folder>
        </Folder>
        <Folder>
          <name>Attempt to plan Flight 1</name>
          <Folder>
            <name>E25: uss1 astm.f3548.v21.dss.queryOperationalIntentReferences</name>
            <Placemark>
              <name>area_of_interest</name>
              <styleUrl>#QueryArea</styleUrl>
              <description><![CDATA[<ul><li>uss1's Accepted 31dfa84d-f96e-4d58-a9bd-95b5465d0ef8[1]</li></ul>]]></description>
              <TimeSpan>
                <begin>2026-05-21T14:53:21.421722+00:00</begin>
                <end>2026-05-21T15:38:22.421722+00:00</end>
              </TimeSpan>
              <MultiGeometry>
                <Polygon>
                  <altitudeMode>absolute</altitudeMode>
                  <outerBoundaryIs>
                    <LinearRing>
                      <coordinates>7.4772500000000015,46.97455,556.3313893166907 7.4772500000000015,46.974900000000005,556.3313893166907 7.477950000000001,46.974900000000005,556.3313893166907 7.477950000000001,46.97455,556.3313893166907</coordinates>
                    </LinearRing>
                  </outerBoundaryIs>
                </Polygon>
                <Polygon>
                  <altitudeMode>absolute</altitudeMode>
                  <outerBoundaryIs>
                    <LinearRing>
                      <coordinates>7.4772500000000015,46.97455,586.3213893166907 7.4772500000000015,46.974900000000005,586.3213893166907 7.477950000000001,46.974900000000005,586.3213893166907 7.477950000000001,46.97455,586.3213893166907</coordinates>
                    </LinearRing>
                  </outerBoundaryIs>
                </Polygon>
                <Polygon>
                  <altitudeMode>absolute</altitudeMode>
                  <outerBoundaryIs>
                    <LinearRing>
                      <coordinates>7.4772500000000015,46.97455,556.3313893166907 7.4772500000000015,46.97455,586.3213893166907 7.4772500000000015,46.974900000000005,586.3213893166907 7.4772500000000015,46.974900000000005,556.3313893166907</coordinates>
                    </LinearRing>
                  </outerBoundaryIs>
                </Polygon>
                <Polygon>
                  <altitudeMode>absolute</altitudeMode>
                  <outerBoundaryIs>
                    <LinearRing>
                      <coordinates>7.4772500000000015,46.974900000000005,556.3313893166907 7.4772500000000015,46.974900000000005,586.3213893166907 7.477950000000001,46.974900000000005,586.3213893166907 7.477950000000001,46.974900000000005,556.3313893166907</coordinates>
                    </LinearRing>
                  </outerBoundaryIs>
                </Polygon>
                <Polygon>
                  <altitudeMode>absolute</altitudeMode>
                  <outerBoundaryIs>
                    <LinearRing>
                      <coordinates>7.477950000000001,46.974900000000005,556.3313893166907 7.477950000000001,46.974900000000005,586.3213893166907 7.477950000000001,46.97455,586.3213893166907 7.477950000000001,46.97455,556.3313893166907</coordinates>
                    </LinearRing>
                  </outerBoundaryIs>
                </Polygon>
                <Polygon>
                  <altitudeMode>absolute</altitudeMode>
                  <outerBoundaryIs>
                    <LinearRing>
                      <coordinates>7.477950000000001,46.97455,556.3313893166907 7.477950000000001,46.97455,586.3213893166907 7.4772500000000015,46.97455,586.3213893166907 7.4772500000000015,46.97455,556.3313893166907</coordinates>
                    </LinearRing>
                  </outerBoundaryIs>
                </Polygon>
              </MultiGeometry>
            </Placemark>
          </Folder>
          <Folder>
            <name>E27: uss1 interuss.automated_testing.flight_planning.v1.UpsertFlightPlan</name>
            <Folder>
              <name>Activity Rejected, flight NotPlanned</name>
              <Placemark>
                <name>Volume 0</name>
                <styleUrl>#Planned_Nominal</styleUrl>
                <TimeSpan>
                  <begin>2026-05-21T14:53:21.421722+00:00</begin>
                  <end>2026-05-21T15:38:22.421722+00:00</end>
                </TimeSpan>
                <MultiGeometry>
                  <Polygon>
                    <altitudeMode>absolute</altitudeMode>
                    <outerBoundaryIs>
                      <LinearRing>
                        <coordinates>7.477250000000001,46.9746,556.3313927174643 7.477250000000001,46.974900000000005,556.3313927174643 7.4779,46.974900000000005,556.3313927174643 7.47795,46.97455,556.3313927174643</coordinates>
                      </LinearRing>
                    </outerBoundaryIs>
                  </Polygon>
                  <Polygon>
                    <altitudeMode>absolute</altitudeMode>
                    <outerBoundaryIs>
                      <LinearRing>
                        <coordinates>7.477250000000001,46.9746,586.3213927174643 7.477250000000001,46.974900000000005,586.3213927174643 7.4779,46.974900000000005,586.3213927174643 7.47795,46.97455,586.3213927174643</coordinates>
                      </LinearRing>
                    </outerBoundaryIs>
                  </Polygon>
                  <Polygon>
                    <altitudeMode>absolute</altitudeMode>
                    <outerBoundaryIs>
                      <LinearRing>
                        <coordinates>7.477250000000001,46.9746,556.3313927174643 7.477250000000001,46.9746,586.3213927174643 7.477250000000001,46.974900000000005,586.3213927174643 7.477250000000001,46.974900000000005,556.3313927174643</coordinates>
                      </LinearRing>
                    </outerBoundaryIs>
                  </Polygon>
                  <Polygon>
                    <altitudeMode>absolute</altitudeMode>
                    <outerBoundaryIs>
                      <LinearRing>
                        <coordinates>7.477250000000001,46.974900000000005,556.3313927174643 7.477250000000001,46.974900000000005,586.3213927174643 7.4779,46.974900000000005,586.3213927174643 7.4779,46.974900000000005,556.3313927174643</coordinates>
                      </LinearRing>
                    </outerBoundaryIs>
                  </Polygon>
                  <Polygon>
                    <altitudeMode>absolute</altitudeMode>
                    <outerBoundaryIs>
                      <LinearRing>
                        <coordinates>7.4779,46.974900000000005,556.3313927174643 7.4779,46.974900000000005,586.3213927174643 7.47795,46.97455,586.3213927174643 7.47795,46.97455,556.3313927174643</coordinates>
                      </LinearRing>
                    </outerBoundaryIs>
                  </Polygon>
                  <Polygon>
                    <altitudeMode>absolute</altitudeMode>
                    <outerBoundaryIs>
                      <LinearRing>
                        <coordinates>7.47795,46.97455,556.3313927174643 7.47795,46.97455,586.3213927174643 7.477250000000001,46.9746,586.3213927174643 7.477250000000001,46.9746,556.3313927174643</coordinates>
                      </LinearRing>
                    </outerBoundaryIs>
                  </Polygon>
                </MultiGeometry>
              </Placemark>
            </Folder>
          </Folder>
          <Folder>
            <name>E30: uss1 astm.f3548.v21.dss.queryOperationalIntentReferences</name>
            <Placemark>
              <name>area_of_interest</name>
              <styleUrl>#QueryArea</styleUrl>
              <description><![CDATA[<ul><li>uss1's Accepted 31dfa84d-f96e-4d58-a9bd-95b5465d0ef8[1]</li></ul>]]></description>
              <TimeSpan>
                <begin>2026-05-21T14:53:21.421722+00:00</begin>
                <end>2026-05-21T15:38:22.421722+00:00</end>
              </TimeSpan>
              <MultiGeometry>
                <Polygon>
                  <altitudeMode>absolute</altitudeMode>
                  <outerBoundaryIs>
                    <LinearRing>
                      <coordinates>7.4772500000000015,46.97455,556.3313893166907 7.4772500000000015,46.974900000000005,556.3313893166907 7.477950000000001,46.974900000000005,556.3313893166907 7.477950000000001,46.97455,556.3313893166907</coordinates>
                    </LinearRing>
                  </outerBoundaryIs>
                </Polygon>
                <Polygon>
                  <altitudeMode>absolute</altitudeMode>
                  <outerBoundaryIs>
                    <LinearRing>
                      <coordinates>7.4772500000000015,46.97455,586.3213893166907 7.4772500000000015,46.974900000000005,586.3213893166907 7.477950000000001,46.974900000000005,586.3213893166907 7.477950000000001,46.97455,586.3213893166907</coordinates>
                    </LinearRing>
                  </outerBoundaryIs>
                </Polygon>
                <Polygon>
                  <altitudeMode>absolute</altitudeMode>
                  <outerBoundaryIs>
                    <LinearRing>
                      <coordinates>7.4772500000000015,46.97455,556.3313893166907 7.4772500000000015,46.97455,586.3213893166907 7.4772500000000015,46.974900000000005,586.3213893166907 7.4772500000000015,46.974900000000005,556.3313893166907</coordinates>
                    </LinearRing>
                  </outerBoundaryIs>
                </Polygon>
                <Polygon>
                  <altitudeMode>absolute</altitudeMode>
                  <outerBoundaryIs>
                    <LinearRing>
                      <coordinates>7.4772500000000015,46.974900000000005,556.3313893166907 7.4772500000000015,46.974900000000005,586.3213893166907 7.477950000000001,46.974900000000005,586.3213893166907 7.477950000000001,46.974900000000005,556.3313893166907</coordinates>
                    </LinearRing>
                  </outerBoundaryIs>
                </Polygon>
                <Polygon>
                  <altitudeMode>absolute</altitudeMode>
                  <outerBoundaryIs>
                    <LinearRing>
                      <coordinates>7.477950000000001,46.974900000000005,556.3313893166907 7.477950000000001,46.974900000000005,586.3213893166907 7.477950000000001,46.97455,586.3213893166907 7.477950000000001,46.97455,556.3313893166907</coordinates>
                    </LinearRing>
                  </outerBoundaryIs>
                </Polygon>
                <Polygon>
                  <altitudeMode>absolute</altitudeMode>
                  <outerBoundaryIs>
                    <LinearRing>
                      <coordinates>7.477950000000001,46.97455,556.3313893166907 7.477950000000001,46.97455,586.3213893166907 7.4772500000000015,46.97455,586.3213893166907 7.4772500000000015,46.97455,556.3313893166907</coordinates>
                    </LinearRing>
                  </outerBoundaryIs>
                </Polygon>
              </MultiGeometry>
            </Placemark>
          </Folder>
        </Folder>
        <Folder>
          <name>Delete Flight 2</name>
        </Folder>
      </Folder>
      <Folder>
        <name>Attempt to modify planned flight in conflict</name>
        <Folder>
          <name>Plan Flight 1</name>
          <Folder>
            <name>E35: uss1 astm.f3548.v21.dss.queryOperationalIntentReferences</name>
            <Placemark>
              <name>area_of_interest</name>
              <styleUrl>#QueryArea</styleUrl>
              <description><![CDATA[(no operational intent references found)]]></description>
              <TimeSpan>
                <begin>2026-05-21T14:53:21.497528+00:00</begin>
                <end>2026-05-21T15:38:22.497528+00:00</end>
              </TimeSpan>
              <MultiGeometry>
                <Polygon>
                  <altitudeMode>absolute</altitudeMode>
                  <outerBoundaryIs>
                    <LinearRing>
                      <coordinates>7.4772500000000015,46.97455,556.3313893166907 7.4772500000000015,46.974900000000005,556.3313893166907 7.477950000000001,46.974900000000005,556.3313893166907 7.477950000000001,46.97455,556.3313893166907</coordinates>
                    </LinearRing>
                  </outerBoundaryIs>
                </Polygon>
                <Polygon>
                  <altitudeMode>absolute</altitudeMode>
                  <outerBoundaryIs>
                    <LinearRing>
                      <coordinates>7.4772500000000015,46.97455,586.3213893166907 7.4772500000000015,46.974900000000005,586.3213893166907 7.477950000000001,46.974900000000005,586.3213893166907 7.477950000000001,46.97455,586.3213893166907</coordinates>
                    </LinearRing>
                  </outerBoundaryIs>
                </Polygon>
                <Polygon>
                  <altitudeMode>absolute</altitudeMode>
                  <outerBoundaryIs>
                    <LinearRing>
                      <coordinates>7.4772500000000015,46.97455,556.3313893166907 7.4772500000000015,46.97455,586.3213893166907 7.4772500000000015,46.974900000000005,586.3213893166907 7.4772500000000015,46.974900000000005,556.3313893166907</coordinates>
                    </LinearRing>
                  </outerBoundaryIs>
                </Polygon>
                <Polygon>
                  <altitudeMode>absolute</altitudeMode>
                  <outerBoundaryIs>
                    <LinearRing>
                      <coordinates>7.4772500000000015,46.974900000000005,556.3313893166907 7.4772500000000015,46.974900000000005,586.3213893166907 7.477950000000001,46.974900000000005,586.3213893166907 7.477950000000001,46.974900000000005,556.3313893166907</coordinates>
                    </LinearRing>
                  </outerBoundaryIs>
                </Polygon>
                <Polygon>
                  <altitudeMode>absolute</altitudeMode>
                  <outerBoundaryIs>
                    <LinearRing>
                      <coordinates>7.477950000000001,46.974900000000005,556.3313893166907 7.477950000000001,46.974900000000005,586.3213893166907 7.477950000000001,46.97455,586.3213893166907 7.477950000000001,46.97455,556.3313893166907</coordinates>
                    </LinearRing>
                  </outerBoundaryIs>
                </Polygon>
                <Polygon>
                  <altitudeMode>absolute</altitudeMode>
                  <outerBoundaryIs>
                    <LinearRing>
                      <coordinates>7.477950000000001,46.97455,556.3313893166907 7.477950000000001,46.97455,586.3213893166907 7.4772500000000015,46.97455,586.3213893166907 7.4772500000000015,46.97455,556.3313893166907</coordinates>
                    </LinearRing>
                  </outerBoundaryIs>
                </Polygon>
              </MultiGeometry>
            </Placemark>
          </Folder>
          <Folder>
            <name>E37: uss1 interuss.automated_testing.flight_planning.v1.UpsertFlightPlan</name>
            <Folder>
              <name>Activity Completed, flight Planned</name>
              <Placemark>
                <name>Volume 0</name>
                <styleUrl>#Planned_Nominal</styleUrl>
                <TimeSpan>
                  <begin>2026-05-21T14:53:21.497528+00:00</begin>
                  <end>2026-05-21T15:38:22.497528+00:00</end>
                </TimeSpan>
                <MultiGeometry>
                  <Polygon>
                    <altitudeMode>absolute</altitudeMode>
                    <outerBoundaryIs>
                      <LinearRing>
                        <coordinates>7.477250000000001,46.9746,556.3313927174643 7.477250000000001,46.974900000000005,556.3313927174643 7.4779,46.974900000000005,556.3313927174643 7.47795,46.97455,556.3313927174643</coordinates>
                      </LinearRing>
                    </outerBoundaryIs>
                  </Polygon>
                  <Polygon>
                    <altitudeMode>absolute</altitudeMode>
                    <outerBoundaryIs>
                      <LinearRing>
                        <coordinates>7.477250000000001,46.9746,586.3213927174643 7.477250000000001,46.974900000000005,586.3213927174643 7.4779,46.974900000000005,586.3213927174643 7.47795,46.97455,586.3213927174643</coordinates>
                      </LinearRing>
                    </outerBoundaryIs>
                  </Polygon>
                  <Polygon>
                    <altitudeMode>absolute</altitudeMode>
                    <outerBoundaryIs>
                      <LinearRing>
                        <coordinates>7.477250000000001,46.9746,556.3313927174643 7.477250000000001,46.9746,586.3213927174643 7.477250000000001,46.974900000000005,586.3213927174643 7.477250000000001,46.974900000000005,556.3313927174643</coordinates>
                      </LinearRing>
                    </outerBoundaryIs>
                  </Polygon>
                  <Polygon>
                    <altitudeMode>absolute</altitudeMode>
                    <outerBoundaryIs>
                      <LinearRing>
                        <coordinates>7.477250000000001,46.974900000000005,556.3313927174643 7.477250000000001,46.974900000000005,586.3213927174643 7.4779,46.974900000000005,586.3213927174643 7.4779,46.974900000000005,556.3313927174643</coordinates>
                      </LinearRing>
                    </outerBoundaryIs>
                  </Polygon>
                  <Polygon>
                    <altitudeMode>absolute</altitudeMode>
                    <outerBoundaryIs>
                      <LinearRing>
                        <coordinates>7.4779,46.974900000000005,556.3313927174643 7.4779,46.974900000000005,586.3213927174643 7.47795,46.97455,586.3213927174643 7.47795,46.97455,556.3313927174643</coordinates>
                      </LinearRing>
                    </outerBoundaryIs>
                  </Polygon>
                  <Polygon>
                    <altitudeMode>absolute</altitudeMode>
                    <outerBoundaryIs>
                      <LinearRing>
                        <coordinates>7.47795,46.97455,556.3313927174643 7.47795,46.97455,586.3213927174643 7.477250000000001,46.9746,586.3213927174643 7.477250000000001,46.9746,556.3313927174643</coordinates>
                      </LinearRing>
                    </outerBoundaryIs>
                  </Polygon>
                </MultiGeometry>
              </Placemark>
            </Folder>
          </Folder>
          <Folder>
            <name>E41: uss1 astm.f3548.v21.dss.queryOperationalIntentReferences</name>
            <Placemark>
              <name>area_of_interest</name>
              <styleUrl>#QueryArea</styleUrl>
              <description><![CDATA[<ul><li>uss1's Accepted 2546c8b7-a99b-4c58-b9e1-c18bf6a61afc[1]</li></ul>]]></description>
              <TimeSpan>
                <begin>2026-05-21T14:53:21.497528+00:00</begin>
                <end>2026-05-21T15:38:22.497528+00:00</end>
              </TimeSpan>
              <MultiGeometry>
                <Polygon>
                  <altitudeMode>absolute</altitudeMode>
                  <outerBoundaryIs>
                    <LinearRing>
                      <coordinates>7.4772500000000015,46.97455,556.3313893166907 7.4772500000000015,46.974900000000005,556.3313893166907 7.477950000000001,46.974900000000005,556.3313893166907 7.477950000000001,46.97455,556.3313893166907</coordinates>
                    </LinearRing>
                  </outerBoundaryIs>
                </Polygon>
                <Polygon>
                  <altitudeMode>absolute</altitudeMode>
                  <outerBoundaryIs>
                    <LinearRing>
                      <coordinates>7.4772500000000015,46.97455,586.3213893166907 7.4772500000000015,46.974900000000005,586.3213893166907 7.477950000000001,46.974900000000005,586.3213893166907 7.477950000000001,46.97455,586.3213893166907</coordinates>
                    </LinearRing>
                  </outerBoundaryIs>
                </Polygon>
                <Polygon>
                  <altitudeMode>absolute</altitudeMode>
                  <outerBoundaryIs>
                    <LinearRing>
                      <coordinates>7.4772500000000015,46.97455,556.3313893166907 7.4772500000000015,46.97455,586.3213893166907 7.4772500000000015,46.974900000000005,586.3213893166907 7.4772500000000015,46.974900000000005,556.3313893166907</coordinates>
                    </LinearRing>
                  </outerBoundaryIs>
                </Polygon>
                <Polygon>
                  <altitudeMode>absolute</altitudeMode>
                  <outerBoundaryIs>
                    <LinearRing>
                      <coordinates>7.4772500000000015,46.974900000000005,556.3313893166907 7.4772500000000015,46.974900000000005,586.3213893166907 7.477950000000001,46.974900000000005,586.3213893166907 7.477950000000001,46.974900000000005,556.3313893166907</coordinates>
                    </LinearRing>
                  </outerBoundaryIs>
                </Polygon>
                <Polygon>
                  <altitudeMode>absolute</altitudeMode>
                  <outerBoundaryIs>
                    <LinearRing>
                      <coordinates>7.477950000000001,46.974900000000005,556.3313893166907 7.477950000000001,46.974900000000005,586.3213893166907 7.477950000000001,46.97455,586.3213893166907 7.477950000000001,46.97455,556.3313893166907</coordinates>
                    </LinearRing>
                  </outerBoundaryIs>
                </Polygon>
                <Polygon>
                  <altitudeMode>absolute</altitudeMode>
                  <outerBoundaryIs>
                    <LinearRing>
                      <coordinates>7.477950000000001,46.97455,556.3313893166907 7.477950000000001,46.97455,586.3213893166907 7.4772500000000015,46.97455,586.3213893166907 7.4772500000000015,46.97455,556.3313893166907</coordinates>
                    </LinearRing>
                  </outerBoundaryIs>
                </Polygon>
              </MultiGeometry>
            </Placemark>
          </Folder>
          <Folder>
            <name>E45: uss1 astm.f3548.v21.uss.getOperationalIntentDetails</name>
            <Folder>
              <name>uss1's P0 Accepted 2546c8b7-a99b-4c58-b9e1-c18bf6a61afc[1] @ YEaO3qzZjLIBOmXtqBlls1yW8xHM-jkRGhOUJgzf2QM_</name>
              <Placemark>
                <name>Nominal volume 0</name>
                <styleUrl>#F3548v21Accepted</styleUrl>
                <TimeSpan>
                  <begin>2026-05-21T14:53:22.514342+00:00</begin>
                  <end>2026-05-21T15:38:22.497528+00:00</end>
                </TimeSpan>
                <MultiGeometry>
                  <Polygon>
                    <altitudeMode>absolute</altitudeMode>
                    <outerBoundaryIs>
                      <LinearRing>
                        <coordinates>7.477250000000001,46.9746,556.3313927174643 7.477250000000001,46.974900000000005,556.3313927174643 7.4779,46.974900000000005,556.3313927174643 7.47795,46.97455,556.3313927174643</coordinates>
                      </LinearRing>
                    </outerBoundaryIs>
                  </Polygon>
                  <Polygon>
                    <altitudeMode>absolute</altitudeMode>
                    <outerBoundaryIs>
                      <LinearRing>
                        <coordinates>7.477250000000001,46.9746,586.3213927174643 7.477250000000001,46.974900000000005,586.3213927174643 7.4779,46.974900000000005,586.3213927174643 7.47795,46.97455,586.3213927174643</coordinates>
                      </LinearRing>
                    </outerBoundaryIs>
                  </Polygon>
                  <Polygon>
                    <altitudeMode>absolute</altitudeMode>
                    <outerBoundaryIs>
                      <LinearRing>
                        <coordinates>7.477250000000001,46.9746,556.3313927174643 7.477250000000001,46.9746,586.3213927174643 7.477250000000001,46.974900000000005,586.3213927174643 7.477250000000001,46.974900000000005,556.3313927174643</coordinates>
                      </LinearRing>
                    </outerBoundaryIs>
                  </Polygon>
                  <Polygon>
                    <altitudeMode>absolute</altitudeMode>
                    <outerBoundaryIs>
                      <LinearRing>
                        <coordinates>7.477250000000001,46.974900000000005,556.3313927174643 7.477250000000001,46.974900000000005,586.3213927174643 7.4779,46.974900000000005,586.3213927174643 7.4779,46.974900000000005,556.3313927174643</coordinates>
                      </LinearRing>
                    </outerBoundaryIs>
                  </Polygon>
                  <Polygon>
                    <altitudeMode>absolute</altitudeMode>
                    <outerBoundaryIs>
                      <LinearRing>
                        <coordinates>7.4779,46.974900000000005,556.3313927174643 7.4779,46.974900000000005,586.3213927174643 7.47795,46.97455,586.3213927174643 7.47795,46.97455,556.3313927174643</coordinates>
                      </LinearRing>
                    </outerBoundaryIs>
                  </Polygon>
                  <Polygon>
                    <altitudeMode>absolute</altitudeMode>
                    <outerBoundaryIs>
                      <LinearRing>
                        <coordinates>7.47795,46.97455,556.3313927174643 7.47795,46.97455,586.3213927174643 7.477250000000001,46.9746,586.3213927174643 7.477250000000001,46.9746,556.3313927174643</coordinates>
                      </LinearRing>
                    </outerBoundaryIs>
                  </Polygon>
                </MultiGeometry>
              </Placemark>
            </Folder>
          </Folder>
        </Folder>
        <Folder>
          <name>Plan Flight 2</name>
          <Folder>
            <name>E58: uss1 astm.f3548.v21.dss.queryOperationalIntentReferences</name>
            <Placemark>
              <name>area_of_interest</name>
              <styleUrl>#QueryArea</styleUrl>
              <description><![CDATA[<ul><li>uss1's Accepted 2546c8b7-a99b-4c58-b9e1-c18bf6a61afc[1]</li></ul>]]></description>
              <TimeSpan>
                <begin>2026-05-21T14:53:21.606115+00:00</begin>
                <end>2026-05-21T15:38:22.606115+00:00</end>
              </TimeSpan>
              <MultiGeometry>
                <Polygon>
                  <altitudeMode>absolute</altitudeMode>
                  <outerBoundaryIs>
                    <LinearRing>
                      <coordinates>7.477199999999999,46.97455,555.2514433597552 7.477199999999999,46.975300000000004,555.2514433597552 7.477600000000001,46.975300000000004,555.2514433597552 7.477600000000001,46.97455,555.2514433597552</coordinates>
                    </LinearRing>
                  </outerBoundaryIs>
                </Polygon>
                <Polygon>
                  <altitudeMode>absolute</altitudeMode>
                  <outerBoundaryIs>
                    <LinearRing>
                      <coordinates>7.477199999999999,46.97455,584.3214433597552 7.477199999999999,46.975300000000004,584.3214433597552 7.477600000000001,46.975300000000004,584.3214433597552 7.477600000000001,46.97455,584.3214433597552</coordinates>
                    </LinearRing>
                  </outerBoundaryIs>
                </Polygon>
                <Polygon>
                  <altitudeMode>absolute</altitudeMode>
                  <outerBoundaryIs>
                    <LinearRing>
                      <coordinates>7.477199999999999,46.97455,555.2514433597552 7.477199999999999,46.97455,584.3214433597552 7.477199999999999,46.975300000000004,584.3214433597552 7.477199999999999,46.975300000000004,555.2514433597552</coordinates>
                    </LinearRing>
                  </outerBoundaryIs>
                </Polygon>
                <Polygon>
                  <altitudeMode>absolute</altitudeMode>
                  <outerBoundaryIs>
                    <LinearRing>
                      <coordinates>7.477199999999999,46.975300000000004,555.2514433597552 7.477199999999999,46.975300000000004,584.3214433597552 7.477600000000001,46.975300000000004,584.3214433597552 7.477600000000001,46.975300000000004,555.2514433597552</coordinates>
                    </LinearRing>
                  </outerBoundaryIs>
                </Polygon>
                <Polygon>
                  <altitudeMode>absolute</altitudeMode>
                  <outerBoundaryIs>
                    <LinearRing>
                      <coordinates>7.477600000000001,46.975300000000004,555.2514433597552 7.477600000000001,46.975300000000004,584.3214433597552 7.477600000000001,46.97455,584.3214433597552 7.477600000000001,46.97455,555.2514433597552</coordinates>
                    </LinearRing>
                  </outerBoundaryIs>
                </Polygon>
                <Polygon>
                  <altitudeMode>absolute</altitudeMode>
                  <outerBoundaryIs>
                    <LinearRing>
                      <coordinates>7.477600000000001,46.97455,555.2514433597552 7.477600000000001,46.97455,584.3214433597552 7.477199999999999,46.97455,584.3214433597552 7.477199999999999,46.97455,555.2514433597552</coordinates>
                    </LinearRing>
                  </outerBoundaryIs>
                </Polygon>
              </MultiGeometry>
            </Placemark>
          </Folder>
          <Folder>
            <name>E60: uss1 interuss.automated_testing.flight_planning.v1.UpsertFlightPlan</name>
            <Folder>
              <name>Activity Completed, flight Planned</name>
              <Placemark>
                <name>Volume 0</name>
                <styleUrl>#Planned_Nominal</styleUrl>
                <TimeSpan>
                  <begin>2026-05-21T14:53:21.606115+00:00</begin>
                  <end>2026-05-21T15:38:22.606115+00:00</end>
                </TimeSpan>
                <MultiGeometry>
                  <Polygon>
                    <altitudeMode>absolute</altitudeMode>
                    <outerBoundaryIs>
                      <LinearRing>
                        <coordinates>7.4772,46.975,555.25147227108 7.4774,46.97455,555.25147227108 7.477600000000001,46.97495,555.25147227108 7.4774,46.975300000000004,555.25147227108</coordinates>
                      </LinearRing>
                    </outerBoundaryIs>
                  </Polygon>
                  <Polygon>
                    <altitudeMode>absolute</altitudeMode>
                    <outerBoundaryIs>
                      <LinearRing>
                        <coordinates>7.4772,46.975,584.3214722710801 7.4774,46.97455,584.3214722710801 7.477600000000001,46.97495,584.3214722710801 7.4774,46.975300000000004,584.3214722710801</coordinates>
                      </LinearRing>
                    </outerBoundaryIs>
                  </Polygon>
                  <Polygon>
                    <altitudeMode>absolute</altitudeMode>
                    <outerBoundaryIs>
                      <LinearRing>
                        <coordinates>7.4772,46.975,555.25147227108 7.4772,46.975,584.3214722710801 7.4774,46.97455,584.3214722710801 7.4774,46.97455,555.25147227108</coordinates>
                      </LinearRing>
                    </outerBoundaryIs>
                  </Polygon>
                  <Polygon>
                    <altitudeMode>absolute</altitudeMode>
                    <outerBoundaryIs>
                      <LinearRing>
                        <coordinates>7.4774,46.97455,555.25147227108 7.4774,46.97455,584.3214722710801 7.477600000000001,46.97495,584.3214722710801 7.477600000000001,46.97495,555.25147227108</coordinates>
                      </LinearRing>
                    </outerBoundaryIs>
                  </Polygon>
                  <Polygon>
                    <altitudeMode>absolute</altitudeMode>
                    <outerBoundaryIs>
                      <LinearRing>
                        <coordinates>7.477600000000001,46.97495,555.25147227108 7.477600000000001,46.97495,584.3214722710801 7.4774,46.975300000000004,584.3214722710801 7.4774,46.975300000000004,555.25147227108</coordinates>
                      </LinearRing>
                    </outerBoundaryIs>
                  </Polygon>
                  <Polygon>
                    <altitudeMode>absolute</altitudeMode>
                    <outerBoundaryIs>
                      <LinearRing>
                        <coordinates>7.4774,46.975300000000004,555.25147227108 7.4774,46.975300000000004,584.3214722710801 7.4772,46.975,584.3214722710801 7.4772,46.975,555.25147227108</coordinates>
                      </LinearRing>
                    </outerBoundaryIs>
                  </Polygon>
                </MultiGeometry>
              </Placemark>
            </Folder>
          </Folder>
          <Folder>
            <name>E64: uss1 astm.f3548.v21.dss.queryOperationalIntentReferences</name>
            <Placemark>
              <name>area_of_interest</name>
              <styleUrl>#QueryArea</styleUrl>
              <description><![CDATA[<ul><li>uss1's Accepted 2546c8b7-a99b-4c58-b9e1-c18bf6a61afc[1]</li><li>uss1's Accepted 3c6ebc7e-40cd-43ec-a048-26a270a9b3fa[1]</li></ul>]]></description>
              <TimeSpan>
                <begin>2026-05-21T14:53:21.606115+00:00</begin>
                <end>2026-05-21T15:38:22.606115+00:00</end>
              </TimeSpan>
              <MultiGeometry>
                <Polygon>
                  <altitudeMode>absolute</altitudeMode>
                  <outerBoundaryIs>
                    <LinearRing>
                      <coordinates>7.477199999999999,46.97455,555.2514433597552 7.477199999999999,46.975300000000004,555.2514433597552 7.477600000000001,46.975300000000004,555.2514433597552 7.477600000000001,46.97455,555.2514433597552</coordinates>
                    </LinearRing>
                  </outerBoundaryIs>
                </Polygon>
                <Polygon>
                  <altitudeMode>absolute</altitudeMode>
                  <outerBoundaryIs>
                    <LinearRing>
                      <coordinates>7.477199999999999,46.97455,584.3214433597552 7.477199999999999,46.975300000000004,584.3214433597552 7.477600000000001,46.975300000000004,584.3214433597552 7.477600000000001,46.97455,584.3214433597552</coordinates>
                    </LinearRing>
                  </outerBoundaryIs>
                </Polygon>
                <Polygon>
                  <altitudeMode>absolute</altitudeMode>
                  <outerBoundaryIs>
                    <LinearRing>
                      <coordinates>7.477199999999999,46.97455,555.2514433597552 7.477199999999999,46.97455,584.3214433597552 7.477199999999999,46.975300000000004,584.3214433597552 7.477199999999999,46.975300000000004,555.2514433597552</coordinates>
                    </LinearRing>
                  </outerBoundaryIs>
                </Polygon>
                <Polygon>
                  <altitudeMode>absolute</altitudeMode>
                  <outerBoundaryIs>
                    <LinearRing>
                      <coordinates>7.477199999999999,46.975300000000004,555.2514433597552 7.477199999999999,46.975300000000004,584.3214433597552 7.477600000000001,46.975300000000004,584.3214433597552 7.477600000000001,46.975300000000004,555.2514433597552</coordinates>
                    </LinearRing>
                  </outerBoundaryIs>
                </Polygon>
                <Polygon>
                  <altitudeMode>absolute</altitudeMode>
                  <outerBoundaryIs>
                    <LinearRing>
                      <coordinates>7.477600000000001,46.975300000000004,555.2514433597552 7.477600000000001,46.975300000000004,584.3214433597552 7.477600000000001,46.97455,584.3214433597552 7.477600000000001,46.97455,555.2514433597552</coordinates>
                    </LinearRing>
                  </outerBoundaryIs>
                </Polygon>
                <Polygon>
                  <altitudeMode>absolute</altitudeMode>
                  <outerBoundaryIs>
                    <LinearRing>
                      <coordinates>7.477600000000001,46.97455,555.2514433597552 7.477600000000001,46.97455,584.3214433597552 7.477199999999999,46.97455,584.3214433597552 7.477199999999999,46.97455,555.2514433597552</coordinates>
                    </LinearRing>
                  </outerBoundaryIs>
                </Polygon>
              </MultiGeometry>
            </Placemark>
          </Folder>
          <Folder>
            <name>E68: uss1 astm.f3548.v21.uss.getOperationalIntentDetails</name>
            <Folder>
              <name>uss1's P100 Accepted 3c6ebc7e-40cd-43ec-a048-26a270a9b3fa[1] @ hrTYXs79Jv8mqpa808pU1TZjtEFsykJUsRf07JSTqBQ_</name>
              <Placemark>
                <name>Nominal volume 0</name>
                <styleUrl>#F3548v21Accepted</styleUrl>
                <TimeSpan>
                  <begin>2026-05-21T14:53:22.627257+00:00</begin>
                  <end>2026-05-21T15:38:22.606115+00:00</end>
                </TimeSpan>
                <MultiGeometry>
                  <Polygon>
                    <altitudeMode>absolute</altitudeMode>
                    <outerBoundaryIs>
                      <LinearRing>
                        <coordinates>7.4772,46.975,555.25147227108 7.4774,46.97455,555.25147227108 7.477600000000001,46.97495,555.25147227108 7.4774,46.975300000000004,555.25147227108</coordinates>
                      </LinearRing>
                    </outerBoundaryIs>
                  </Polygon>
                  <Polygon>
                    <altitudeMode>absolute</altitudeMode>
                    <outerBoundaryIs>
                      <LinearRing>
                        <coordinates>7.4772,46.975,584.3214722710801 7.4774,46.97455,584.3214722710801 7.477600000000001,46.97495,584.3214722710801 7.4774,46.975300000000004,584.3214722710801</coordinates>
                      </LinearRing>
                    </outerBoundaryIs>
                  </Polygon>
                  <Polygon>
                    <altitudeMode>absolute</altitudeMode>
                    <outerBoundaryIs>
                      <LinearRing>
                        <coordinates>7.4772,46.975,555.25147227108 7.4772,46.975,584.3214722710801 7.4774,46.97455,584.3214722710801 7.4774,46.97455,555.25147227108</coordinates>
                      </LinearRing>
                    </outerBoundaryIs>
                  </Polygon>
                  <Polygon>
                    <altitudeMode>absolute</altitudeMode>
                    <outerBoundaryIs>
                      <LinearRing>
                        <coordinates>7.4774,46.97455,555.25147227108 7.4774,46.97455,584.3214722710801 7.477600000000001,46.97495,584.3214722710801 7.477600000000001,46.97495,555.25147227108</coordinates>
                      </LinearRing>
                    </outerBoundaryIs>
                  </Polygon>
                  <Polygon>
                    <altitudeMode>absolute</altitudeMode>
                    <outerBoundaryIs>
                      <LinearRing>
                        <coordinates>7.477600000000001,46.97495,555.25147227108 7.477600000000001,46.97495,584.3214722710801 7.4774,46.975300000000004,584.3214722710801 7.4774,46.975300000000004,555.25147227108</coordinates>
                      </LinearRing>
                    </outerBoundaryIs>
                  </Polygon>
                  <Polygon>
                    <altitudeMode>absolute</altitudeMode>
                    <outerBoundaryIs>
                      <LinearRing>
                        <coordinates>7.4774,46.975300000000004,555.25147227108 7.4774,46.975300000000004,584.3214722710801 7.4772,46.975,584.3214722710801 7.4772,46.975,555.25147227108</coordinates>
                      </LinearRing>
                    </outerBoundaryIs>
                  </Polygon>
                </MultiGeometry>
              </Placemark>
            </Folder>
          </Folder>
        </Folder>
        <Folder>
          <name>Check for conflict notifications</name>
        </Folder>
        <Folder>
          <name>Attempt to modify planned Flight 1 in conflict</name>
          <Folder>
            <name>E83: uss1 astm.f3548.v21.dss.queryOperationalIntentReferences</name>
            <Placemark>
              <name>area_of_interest</name>
              <styleUrl>#QueryArea</styleUrl>
              <description><![CDATA[<ul><li>uss1's Accepted 2546c8b7-a99b-4c58-b9e1-c18bf6a61afc[1]</li><li>uss1's Accepted 3c6ebc7e-40cd-43ec-a048-26a270a9b3fa[1]</li></ul>]]></description>
              <TimeSpan>
                <begin>2026-05-21T14:53:21.755950+00:00</begin>
                <end>2026-05-21T15:38:22.755950+00:00</end>
              </TimeSpan>
              <MultiGeometry>
                <Polygon>
                  <altitudeMode>absolute</altitudeMode>
                  <outerBoundaryIs>
                    <LinearRing>
                      <coordinates>7.4772500000000015,46.97455,526.2913893166907 7.4772500000000015,46.974900000000005,526.2913893166907 7.477950000000001,46.974900000000005,526.2913893166907 7.477950000000001,46.97455,526.2913893166907</coordinates>
                    </LinearRing>
                  </outerBoundaryIs>
                </Polygon>
                <Polygon>
                  <altitudeMode>absolute</altitudeMode>
                  <outerBoundaryIs>
                    <LinearRing>
                      <coordinates>7.4772500000000015,46.97455,586.3213893166907 7.4772500000000015,46.974900000000005,586.3213893166907 7.477950000000001,46.974900000000005,586.3213893166907 7.477950000000001,46.97455,586.3213893166907</coordinates>
                    </LinearRing>
                  </outerBoundaryIs>
                </Polygon>
                <Polygon>
                  <altitudeMode>absolute</altitudeMode>
                  <outerBoundaryIs>
                    <LinearRing>
                      <coordinates>7.4772500000000015,46.97455,526.2913893166907 7.4772500000000015,46.97455,586.3213893166907 7.4772500000000015,46.974900000000005,586.3213893166907 7.4772500000000015,46.974900000000005,526.2913893166907</coordinates>
                    </LinearRing>
                  </outerBoundaryIs>
                </Polygon>
                <Polygon>
                  <altitudeMode>absolute</altitudeMode>
                  <outerBoundaryIs>
                    <LinearRing>
                      <coordinates>7.4772500000000015,46.974900000000005,526.2913893166907 7.4772500000000015,46.974900000000005,586.3213893166907 7.477950000000001,46.974900000000005,586.3213893166907 7.477950000000001,46.974900000000005,526.2913893166907</coordinates>
                    </LinearRing>
                  </outerBoundaryIs>
                </Polygon>
                <Polygon>
                  <altitudeMode>absolute</altitudeMode>
                  <outerBoundaryIs>
                    <LinearRing>
                      <coordinates>7.477950000000001,46.974900000000005,526.2913893166907 7.477950000000001,46.974900000000005,586.3213893166907 7.477950000000001,46.97455,586.3213893166907 7.477950000000001,46.97455,526.2913893166907</coordinates>
                    </LinearRing>
                  </outerBoundaryIs>
                </Polygon>
                <Polygon>
                  <altitudeMode>absolute</altitudeMode>
                  <outerBoundaryIs>
                    <LinearRing>
                      <coordinates>7.477950000000001,46.97455,526.2913893166907 7.477950000000001,46.97455,586.3213893166907 7.4772500000000015,46.97455,586.3213893166907 7.4772500000000015,46.97455,526.2913893166907</coordinates>
                    </LinearRing>
                  </outerBoundaryIs>
                </Polygon>
              </MultiGeometry>
            </Placemark>
          </Folder>
          <Folder>
            <name>E85: uss1 interuss.automated_testing.flight_planning.v1.UpsertFlightPlan</name>
            <Folder>
              <name>Activity Rejected, flight Planned</name>
              <Placemark>
                <name>Volume 0</name>
                <styleUrl>#Planned_Nominal</styleUrl>
                <TimeSpan>
                  <begin>2026-05-21T14:53:21.755950+00:00</begin>
                  <end>2026-05-21T15:38:22.755950+00:00</end>
                </TimeSpan>
                <MultiGeometry>
                  <Polygon>
                    <altitudeMode>absolute</altitudeMode>
                    <outerBoundaryIs>
                      <LinearRing>
                        <coordinates>7.4775,46.9746,526.2915035702334 7.4775,46.974900000000005,526.2915035702334 7.4779,46.974900000000005,526.2915035702334 7.47795,46.97455,526.2915035702334</coordinates>
                      </LinearRing>
                    </outerBoundaryIs>
                  </Polygon>
                  <Polygon>
                    <altitudeMode>absolute</altitudeMode>
                    <outerBoundaryIs>
                      <LinearRing>
                        <coordinates>7.4775,46.9746,586.3215035702334 7.4775,46.974900000000005,586.3215035702334 7.4779,46.974900000000005,586.3215035702334 7.47795,46.97455,586.3215035702334</coordinates>
                      </LinearRing>
                    </outerBoundaryIs>
                  </Polygon>
                  <Polygon>
                    <altitudeMode>absolute</altitudeMode>
                    <outerBoundaryIs>
                      <LinearRing>
                        <coordinates>7.4775,46.9746,526.2915035702334 7.4775,46.9746,586.3215035702334 7.4775,46.974900000000005,586.3215035702334 7.4775,46.974900000000005,526.2915035702334</coordinates>
                      </LinearRing>
                    </outerBoundaryIs>
                  </Polygon>
                  <Polygon>
                    <altitudeMode>absolute</altitudeMode>
                    <outerBoundaryIs>
                      <LinearRing>
                        <coordinates>7.4775,46.974900000000005,526.2915035702334 7.4775,46.974900000000005,586.3215035702334 7.4779,46.974900000000005,586.3215035702334 7.4779,46.974900000000005,526.2915035702334</coordinates>
                      </LinearRing>
                    </outerBoundaryIs>
                  </Polygon>
                  <Polygon>
                    <altitudeMode>absolute</altitudeMode>
                    <outerBoundaryIs>
                      <LinearRing>
                        <coordinates>7.4779,46.974900000000005,526.2915035702334 7.4779,46.974900000000005,586.3215035702334 7.47795,46.97455,586.3215035702334 7.47795,46.97455,526.2915035702334</coordinates>
                      </LinearRing>
                    </outerBoundaryIs>
                  </Polygon>
                  <Polygon>
                    <altitudeMode>absolute</altitudeMode>
                    <outerBoundaryIs>
                      <LinearRing>
                        <coordinates>7.47795,46.97455,526.2915035702334 7.47795,46.97455,586.3215035702334 7.4775,46.9746,586.3215035702334 7.4775,46.9746,526.2915035702334</coordinates>
                      </LinearRing>
                    </outerBoundaryIs>
                  </Polygon>
                </MultiGeometry>
              </Placemark>
            </Folder>
          </Folder>
          <Folder>
            <name>E88: uss1 astm.f3548.v21.dss.queryOperationalIntentReferences</name>
            <Placemark>
              <name>area_of_interest</name>
              <styleUrl>#QueryArea</styleUrl>
              <description><![CDATA[<ul><li>uss1's Accepted 2546c8b7-a99b-4c58-b9e1-c18bf6a61afc[1]</li><li>uss1's Accepted 3c6ebc7e-40cd-43ec-a048-26a270a9b3fa[1]</li></ul>]]></description>
              <TimeSpan>
                <begin>2026-05-21T14:53:21.755950+00:00</begin>
                <end>2026-05-21T15:38:22.755950+00:00</end>
              </TimeSpan>
              <MultiGeometry>
                <Polygon>
                  <altitudeMode>absolute</altitudeMode>
                  <outerBoundaryIs>
                    <LinearRing>
                      <coordinates>7.4772500000000015,46.97455,526.2913893166907 7.4772500000000015,46.974900000000005,526.2913893166907 7.477950000000001,46.974900000000005,526.2913893166907 7.477950000000001,46.97455,526.2913893166907</coordinates>
                    </LinearRing>
                  </outerBoundaryIs>
                </Polygon>
                <Polygon>
                  <altitudeMode>absolute</altitudeMode>
                  <outerBoundaryIs>
                    <LinearRing>
                      <coordinates>7.4772500000000015,46.97455,586.3213893166907 7.4772500000000015,46.974900000000005,586.3213893166907 7.477950000000001,46.974900000000005,586.3213893166907 7.477950000000001,46.97455,586.3213893166907</coordinates>
                    </LinearRing>
                  </outerBoundaryIs>
                </Polygon>
                <Polygon>
                  <altitudeMode>absolute</altitudeMode>
                  <outerBoundaryIs>
                    <LinearRing>
                      <coordinates>7.4772500000000015,46.97455,526.2913893166907 7.4772500000000015,46.97455,586.3213893166907 7.4772500000000015,46.974900000000005,586.3213893166907 7.4772500000000015,46.974900000000005,526.2913893166907</coordinates>
                    </LinearRing>
                  </outerBoundaryIs>
                </Polygon>
                <Polygon>
                  <altitudeMode>absolute</altitudeMode>
                  <outerBoundaryIs>
                    <LinearRing>
                      <coordinates>7.4772500000000015,46.974900000000005,526.2913893166907 7.4772500000000015,46.974900000000005,586.3213893166907 7.477950000000001,46.974900000000005,586.3213893166907 7.477950000000001,46.974900000000005,526.2913893166907</coordinates>
                    </LinearRing>
                  </outerBoundaryIs>
                </Polygon>
                <Polygon>
                  <altitudeMode>absolute</altitudeMode>
                  <outerBoundaryIs>
                    <LinearRing>
                      <coordinates>7.477950000000001,46.974900000000005,526.2913893166907 7.477950000000001,46.974900000000005,586.3213893166907 7.477950000000001,46.97455,586.3213893166907 7.477950000000001,46.97455,526.2913893166907</coordinates>
                    </LinearRing>
                  </outerBoundaryIs>
                </Polygon>
                <Polygon>
                  <altitudeMode>absolute</altitudeMode>
                  <outerBoundaryIs>
                    <LinearRing>
                      <coordinates>7.477950000000001,46.97455,526.2913893166907 7.477950000000001,46.97455,586.3213893166907 7.4772500000000015,46.97455,586.3213893166907 7.4772500000000015,46.97455,526.2913893166907</coordinates>
                    </LinearRing>
                  </outerBoundaryIs>
                </Polygon>
              </MultiGeometry>
            </Placemark>
          </Folder>
          <Folder>
            <name>E92: uss1 astm.f3548.v21.uss.getOperationalIntentDetails</name>
            <Folder>
              <name>uss1's P0 Accepted 2546c8b7-a99b-4c58-b9e1-c18bf6a61afc[1] @ YEaO3qzZjLIBOmXtqBlls1yW8xHM-jkRGhOUJgzf2QM_</name>
              <Placemark>
                <name>Nominal volume 0</name>
                <styleUrl>#F3548v21Accepted</styleUrl>
                <TimeSpan>
                  <begin>2026-05-21T14:53:22.514342+00:00</begin>
                  <end>2026-05-21T15:38:22.497528+00:00</end>
                </TimeSpan>
                <MultiGeometry>
                  <Polygon>
                    <altitudeMode>absolute</altitudeMode>
                    <outerBoundaryIs>
                      <LinearRing>
                        <coordinates>7.477250000000001,46.9746,556.3313927174643 7.477250000000001,46.974900000000005,556.3313927174643 7.4779,46.974900000000005,556.3313927174643 7.47795,46.97455,556.3313927174643</coordinates>
                      </LinearRing>
                    </outerBoundaryIs>
                  </Polygon>
                  <Polygon>
                    <altitudeMode>absolute</altitudeMode>
                    <outerBoundaryIs>
                      <LinearRing>
                        <coordinates>7.477250000000001,46.9746,586.3213927174643 7.477250000000001,46.974900000000005,586.3213927174643 7.4779,46.974900000000005,586.3213927174643 7.47795,46.97455,586.3213927174643</coordinates>
                      </LinearRing>
                    </outerBoundaryIs>
                  </Polygon>
                  <Polygon>
                    <altitudeMode>absolute</altitudeMode>
                    <outerBoundaryIs>
                      <LinearRing>
                        <coordinates>7.477250000000001,46.9746,556.3313927174643 7.477250000000001,46.9746,586.3213927174643 7.477250000000001,46.974900000000005,586.3213927174643 7.477250000000001,46.974900000000005,556.3313927174643</coordinates>
                      </LinearRing>
                    </outerBoundaryIs>
                  </Polygon>
                  <Polygon>
                    <altitudeMode>absolute</altitudeMode>
                    <outerBoundaryIs>
                      <LinearRing>
                        <coordinates>7.477250000000001,46.974900000000005,556.3313927174643 7.477250000000001,46.974900000000005,586.3213927174643 7.4779,46.974900000000005,586.3213927174643 7.4779,46.974900000000005,556.3313927174643</coordinates>
                      </LinearRing>
                    </outerBoundaryIs>
                  </Polygon>
                  <Polygon>
                    <altitudeMode>absolute</altitudeMode>
                    <outerBoundaryIs>
                      <LinearRing>
                        <coordinates>7.4779,46.974900000000005,556.3313927174643 7.4779,46.974900000000005,586.3213927174643 7.47795,46.97455,586.3213927174643 7.47795,46.97455,556.3313927174643</coordinates>
                      </LinearRing>
                    </outerBoundaryIs>
                  </Polygon>
                  <Polygon>
                    <altitudeMode>absolute</altitudeMode>
                    <outerBoundaryIs>
                      <LinearRing>
                        <coordinates>7.47795,46.97455,556.3313927174643 7.47795,46.97455,586.3213927174643 7.477250000000001,46.9746,586.3213927174643 7.477250000000001,46.9746,556.3313927174643</coordinates>
                      </LinearRing>
                    </outerBoundaryIs>
                  </Polygon>
                </MultiGeometry>
              </Placemark>
            </Folder>
          </Folder>
        </Folder>
      </Folder>
      <Folder>
        <name>Attempt to activate flight in conflict</name>
        <Folder>
          <name>Attempt to activate conflicting Flight 1</name>
          <Folder>
            <name>E101: uss1 astm.f3548.v21.dss.queryOperationalIntentReferences</name>
            <Placemark>
              <name>area_of_interest</name>
              <styleUrl>#QueryArea</styleUrl>
              <description><![CDATA[<ul><li>uss1's Accepted 2546c8b7-a99b-4c58-b9e1-c18bf6a61afc[1]</li><li>uss1's Accepted 3c6ebc7e-40cd-43ec-a048-26a270a9b3fa[1]</li></ul>]]></description>
              <TimeSpan>
                <begin>2026-05-21T14:53:21.863604+00:00</begin>
                <end>2026-05-21T15:38:22.863604+00:00</end>
              </TimeSpan>
              <MultiGeometry>
                <Polygon>
                  <altitudeMode>absolute</altitudeMode>
                  <outerBoundaryIs>
                    <LinearRing>
                      <coordinates>7.4772500000000015,46.97455,556.3313893166907 7.4772500000000015,46.974900000000005,556.3313893166907 7.477950000000001,46.974900000000005,556.3313893166907 7.477950000000001,46.97455,556.3313893166907</coordinates>
                    </LinearRing>
                  </outerBoundaryIs>
                </Polygon>
                <Polygon>
                  <altitudeMode>absolute</altitudeMode>
                  <outerBoundaryIs>
                    <LinearRing>
                      <coordinates>7.4772500000000015,46.97455,586.3213893166907 7.4772500000000015,46.974900000000005,586.3213893166907 7.477950000000001,46.974900000000005,586.3213893166907 7.477950000000001,46.97455,586.3213893166907</coordinates>
                    </LinearRing>
                  </outerBoundaryIs>
                </Polygon>
                <Polygon>
                  <altitudeMode>absolute</altitudeMode>
                  <outerBoundaryIs>
                    <LinearRing>
                      <coordinates>7.4772500000000015,46.97455,556.3313893166907 7.4772500000000015,46.97455,586.3213893166907 7.4772500000000015,46.974900000000005,586.3213893166907 7.4772500000000015,46.974900000000005,556.3313893166907</coordinates>
                    </LinearRing>
                  </outerBoundaryIs>
                </Polygon>
                <Polygon>
                  <altitudeMode>absolute</altitudeMode>
                  <outerBoundaryIs>
                    <LinearRing>
                      <coordinates>7.4772500000000015,46.974900000000005,556.3313893166907 7.4772500000000015,46.974900000000005,586.3213893166907 7.477950000000001,46.974900000000005,586.3213893166907 7.477950000000001,46.974900000000005,556.3313893166907</coordinates>
                    </LinearRing>
                  </outerBoundaryIs>
                </Polygon>
                <Polygon>
                  <altitudeMode>absolute</altitudeMode>
                  <outerBoundaryIs>
                    <LinearRing>
                      <coordinates>7.477950000000001,46.974900000000005,556.3313893166907 7.477950000000001,46.974900000000005,586.3213893166907 7.477950000000001,46.97455,586.3213893166907 7.477950000000001,46.97455,556.3313893166907</coordinates>
                    </LinearRing>
                  </outerBoundaryIs>
                </Polygon>
                <Polygon>
                  <altitudeMode>absolute</altitudeMode>
                  <outerBoundaryIs>
                    <LinearRing>
                      <coordinates>7.477950000000001,46.97455,556.3313893166907 7.477950000000001,46.97455,586.3213893166907 7.4772500000000015,46.97455,586.3213893166907 7.4772500000000015,46.97455,556.3313893166907</coordinates>
                    </LinearRing>
                  </outerBoundaryIs>
                </Polygon>
              </MultiGeometry>
            </Placemark>
          </Folder>
          <Folder>
            <name>E103: uss1 interuss.automated_testing.flight_planning.v1.UpsertFlightPlan</name>
            <Folder>
              <name>Activity Rejected, flight Planned</name>
              <Placemark>
                <name>Volume 0</name>
                <styleUrl>#InUse_Nominal</styleUrl>
                <TimeSpan>
                  <begin>2026-05-21T14:53:21.863604+00:00</begin>
                  <end>2026-05-21T15:38:22.863604+00:00</end>
                </TimeSpan>
                <MultiGeometry>
                  <Polygon>
                    <altitudeMode>absolute</altitudeMode>
                    <outerBoundaryIs>
                      <LinearRing>
                        <coordinates>7.477250000000001,46.9746,556.3413927174643 7.477250000000001,46.974900000000005,556.3413927174643 7.4779,46.974900000000005,556.3413927174643 7.47795,46.97455,556.3413927174643</coordinates>
                      </LinearRing>
                    </outerBoundaryIs>
                  </Polygon>
                  <Polygon>
                    <altitudeMode>absolute</altitudeMode>
                    <outerBoundaryIs>
                      <LinearRing>
                        <coordinates>7.477250000000001,46.9746,586.3213927174643 7.477250000000001,46.974900000000005,586.3213927174643 7.4779,46.974900000000005,586.3213927174643 7.47795,46.97455,586.3213927174643</coordinates>
                      </LinearRing>
                    </outerBoundaryIs>
                  </Polygon>
                  <Polygon>
                    <altitudeMode>absolute</altitudeMode>
                    <outerBoundaryIs>
                      <LinearRing>
                        <coordinates>7.477250000000001,46.9746,556.3413927174643 7.477250000000001,46.9746,586.3213927174643 7.477250000000001,46.974900000000005,586.3213927174643 7.477250000000001,46.974900000000005,556.3413927174643</coordinates>
                      </LinearRing>
                    </outerBoundaryIs>
                  </Polygon>
                  <Polygon>
                    <altitudeMode>absolute</altitudeMode>
                    <outerBoundaryIs>
                      <LinearRing>
                        <coordinates>7.477250000000001,46.974900000000005,556.3413927174643 7.477250000000001,46.974900000000005,586.3213927174643 7.4779,46.974900000000005,586.3213927174643 7.4779,46.974900000000005,556.3413927174643</coordinates>
                      </LinearRing>
                    </outerBoundaryIs>
                  </Polygon>
                  <Polygon>
                    <altitudeMode>absolute</altitudeMode>
                    <outerBoundaryIs>
                      <LinearRing>
                        <coordinates>7.4779,46.974900000000005,556.3413927174643 7.4779,46.974900000000005,586.3213927174643 7.47795,46.97455,586.3213927174643 7.47795,46.97455,556.3413927174643</coordinates>
                      </LinearRing>
                    </outerBoundaryIs>
                  </Polygon>
                  <Polygon>
                    <altitudeMode>absolute</altitudeMode>
                    <outerBoundaryIs>
                      <LinearRing>
                        <coordinates>7.47795,46.97455,556.3413927174643 7.47795,46.97455,586.3213927174643 7.477250000000001,46.9746,586.3213927174643 7.477250000000001,46.9746,556.3413927174643</coordinates>
                      </LinearRing>
                    </outerBoundaryIs>
                  </Polygon>
                </MultiGeometry>
              </Placemark>
            </Folder>
          </Folder>
          <Folder>
            <name>E106: uss1 astm.f3548.v21.dss.queryOperationalIntentReferences</name>
            <Placemark>
              <name>area_of_interest</name>
              <styleUrl>#QueryArea</styleUrl>
              <description><![CDATA[<ul><li>uss1's Accepted 2546c8b7-a99b-4c58-b9e1-c18bf6a61afc[1]</li><li>uss1's Accepted 3c6ebc7e-40cd-43ec-a048-26a270a9b3fa[1]</li></ul>]]></description>
              <TimeSpan>
                <begin>2026-05-21T14:53:21.863604+00:00</begin>
                <end>2026-05-21T15:38:22.863604+00:00</end>
              </TimeSpan>
              <MultiGeometry>
                <Polygon>
                  <altitudeMode>absolute</altitudeMode>
                  <outerBoundaryIs>
                    <LinearRing>
                      <coordinates>7.4772500000000015,46.97455,556.3313893166907 7.4772500000000015,46.974900000000005,556.3313893166907 7.477950000000001,46.974900000000005,556.3313893166907 7.477950000000001,46.97455,556.3313893166907</coordinates>
                    </LinearRing>
                  </outerBoundaryIs>
                </Polygon>
                <Polygon>
                  <altitudeMode>absolute</altitudeMode>
                  <outerBoundaryIs>
                    <LinearRing>
                      <coordinates>7.4772500000000015,46.97455,586.3213893166907 7.4772500000000015,46.974900000000005,586.3213893166907 7.477950000000001,46.974900000000005,586.3213893166907 7.477950000000001,46.97455,586.3213893166907</coordinates>
                    </LinearRing>
                  </outerBoundaryIs>
                </Polygon>
                <Polygon>
                  <altitudeMode>absolute</altitudeMode>
                  <outerBoundaryIs>
                    <LinearRing>
                      <coordinates>7.4772500000000015,46.97455,556.3313893166907 7.4772500000000015,46.97455,586.3213893166907 7.4772500000000015,46.974900000000005,586.3213893166907 7.4772500000000015,46.974900000000005,556.3313893166907</coordinates>
                    </LinearRing>
                  </outerBoundaryIs>
                </Polygon>
                <Polygon>
                  <altitudeMode>absolute</altitudeMode>
                  <outerBoundaryIs>
                    <LinearRing>
                      <coordinates>7.4772500000000015,46.974900000000005,556.3313893166907 7.4772500000000015,46.974900000000005,586.3213893166907 7.477950000000001,46.974900000000005,586.3213893166907 7.477950000000001,46.974900000000005,556.3313893166907</coordinates>
                    </LinearRing>
                  </outerBoundaryIs>
                </Polygon>
                <Polygon>
                  <altitudeMode>absolute</altitudeMode>
                  <outerBoundaryIs>
                    <LinearRing>
                      <coordinates>7.477950000000001,46.974900000000005,556.3313893166907 7.477950000000001,46.974900000000005,586.3213893166907 7.477950000000001,46.97455,586.3213893166907 7.477950000000001,46.97455,556.3313893166907</coordinates>
                    </LinearRing>
                  </outerBoundaryIs>
                </Polygon>
                <Polygon>
                  <altitudeMode>absolute</altitudeMode>
                  <outerBoundaryIs>
                    <LinearRing>
                      <coordinates>7.477950000000001,46.97455,556.3313893166907 7.477950000000001,46.97455,586.3213893166907 7.4772500000000015,46.97455,586.3213893166907 7.4772500000000015,46.97455,556.3313893166907</coordinates>
                    </LinearRing>
                  </outerBoundaryIs>
                </Polygon>
              </MultiGeometry>
            </Placemark>
          </Folder>
          <Folder>
            <name>E110: uss1 astm.f3548.v21.uss.getOperationalIntentDetails</name>
            <Folder>
              <name>uss1's P0 Accepted 2546c8b7-a99b-4c58-b9e1-c18bf6a61afc[1] @ YEaO3qzZjLIBOmXtqBlls1yW8xHM-jkRGhOUJgzf2QM_</name>
              <Placemark>
                <name>Nominal volume 0</name>
                <styleUrl>#F3548v21Accepted</styleUrl>
                <TimeSpan>
                  <begin>2026-05-21T14:53:22.514342+00:00</begin>
                  <end>2026-05-21T15:38:22.497528+00:00</end>
                </TimeSpan>
                <MultiGeometry>
                  <Polygon>
                    <altitudeMode>absolute</altitudeMode>
                    <outerBoundaryIs>
                      <LinearRing>
                        <coordinates>7.477250000000001,46.9746,556.3313927174643 7.477250000000001,46.974900000000005,556.3313927174643 7.4779,46.974900000000005,556.3313927174643 7.47795,46.97455,556.3313927174643</coordinates>
                      </LinearRing>
                    </outerBoundaryIs>
                  </Polygon>
                  <Polygon>
                    <altitudeMode>absolute</altitudeMode>
                    <outerBoundaryIs>
                      <LinearRing>
                        <coordinates>7.477250000000001,46.9746,586.3213927174643 7.477250000000001,46.974900000000005,586.3213927174643 7.4779,46.974900000000005,586.3213927174643 7.47795,46.97455,586.3213927174643</coordinates>
                      </LinearRing>
                    </outerBoundaryIs>
                  </Polygon>
                  <Polygon>
                    <altitudeMode>absolute</altitudeMode>
                    <outerBoundaryIs>
                      <LinearRing>
                        <coordinates>7.477250000000001,46.9746,556.3313927174643 7.477250000000001,46.9746,586.3213927174643 7.477250000000001,46.974900000000005,586.3213927174643 7.477250000000001,46.974900000000005,556.3313927174643</coordinates>
                      </LinearRing>
                    </outerBoundaryIs>
                  </Polygon>
                  <Polygon>
                    <altitudeMode>absolute</altitudeMode>
                    <outerBoundaryIs>
                      <LinearRing>
                        <coordinates>7.477250000000001,46.974900000000005,556.3313927174643 7.477250000000001,46.974900000000005,586.3213927174643 7.4779,46.974900000000005,586.3213927174643 7.4779,46.974900000000005,556.3313927174643</coordinates>
                      </LinearRing>
                    </outerBoundaryIs>
                  </Polygon>
                  <Polygon>
                    <altitudeMode>absolute</altitudeMode>
                    <outerBoundaryIs>
                      <LinearRing>
                        <coordinates>7.4779,46.974900000000005,556.3313927174643 7.4779,46.974900000000005,586.3213927174643 7.47795,46.97455,586.3213927174643 7.47795,46.97455,556.3313927174643</coordinates>
                      </LinearRing>
                    </outerBoundaryIs>
                  </Polygon>
                  <Polygon>
                    <altitudeMode>absolute</altitudeMode>
                    <outerBoundaryIs>
                      <LinearRing>
                        <coordinates>7.47795,46.97455,556.3313927174643 7.47795,46.97455,586.3213927174643 7.477250000000001,46.9746,586.3213927174643 7.477250000000001,46.9746,556.3313927174643</coordinates>
                      </LinearRing>
                    </outerBoundaryIs>
                  </Polygon>
                </MultiGeometry>
              </Placemark>
            </Folder>
          </Folder>
        </Folder>
      </Folder>
      <Folder>
        <name>Modify activated flight with pre-existing conflict</name>
        <Folder>
          <name>Delete Flight 2</name>
        </Folder>
        <Folder>
          <name>Activate Flight 1</name>
          <Folder>
            <name>E121: uss1 astm.f3548.v21.dss.queryOperationalIntentReferences</name>
            <Placemark>
              <name>area_of_interest</name>
              <styleUrl>#QueryArea</styleUrl>
              <description><![CDATA[<ul><li>uss1's Accepted 2546c8b7-a99b-4c58-b9e1-c18bf6a61afc[1]</li></ul>]]></description>
              <TimeSpan>
                <begin>2026-05-21T14:53:22.005314+00:00</begin>
                <end>2026-05-21T15:38:23.005314+00:00</end>
              </TimeSpan>
              <MultiGeometry>
                <Polygon>
                  <altitudeMode>absolute</altitudeMode>
                  <outerBoundaryIs>
                    <LinearRing>
                      <coordinates>7.4772500000000015,46.97455,556.3413893166907 7.4772500000000015,46.974900000000005,556.3413893166907 7.477950000000001,46.974900000000005,556.3413893166907 7.477950000000001,46.97455,556.3413893166907</coordinates>
                    </LinearRing>
                  </outerBoundaryIs>
                </Polygon>
                <Polygon>
                  <altitudeMode>absolute</altitudeMode>
                  <outerBoundaryIs>
                    <LinearRing>
                      <coordinates>7.4772500000000015,46.97455,586.3213893166907 7.4772500000000015,46.974900000000005,586.3213893166907 7.477950000000001,46.974900000000005,586.3213893166907 7.477950000000001,46.97455,586.3213893166907</coordinates>
                    </LinearRing>
                  </outerBoundaryIs>
                </Polygon>
                <Polygon>
                  <altitudeMode>absolute</altitudeMode>
                  <outerBoundaryIs>
                    <LinearRing>
                      <coordinates>7.4772500000000015,46.97455,556.3413893166907 7.4772500000000015,46.97455,586.3213893166907 7.4772500000000015,46.974900000000005,586.3213893166907 7.4772500000000015,46.974900000000005,556.3413893166907</coordinates>
                    </LinearRing>
                  </outerBoundaryIs>
                </Polygon>
                <Polygon>
                  <altitudeMode>absolute</altitudeMode>
                  <outerBoundaryIs>
                    <LinearRing>
                      <coordinates>7.4772500000000015,46.974900000000005,556.3413893166907 7.4772500000000015,46.974900000000005,586.3213893166907 7.477950000000001,46.974900000000005,586.3213893166907 7.477950000000001,46.974900000000005,556.3413893166907</coordinates>
                    </LinearRing>
                  </outerBoundaryIs>
                </Polygon>
                <Polygon>
                  <altitudeMode>absolute</altitudeMode>
                  <outerBoundaryIs>
                    <LinearRing>
                      <coordinates>7.477950000000001,46.974900000000005,556.3413893166907 7.477950000000001,46.974900000000005,586.3213893166907 7.477950000000001,46.97455,586.3213893166907 7.477950000000001,46.97455,556.3413893166907</coordinates>
                    </LinearRing>
                  </outerBoundaryIs>
                </Polygon>
                <Polygon>
                  <altitudeMode>absolute</altitudeMode>
                  <outerBoundaryIs>
                    <LinearRing>
                      <coordinates>7.477950000000001,46.97455,556.3413893166907 7.477950000000001,46.97455,586.3213893166907 7.4772500000000015,46.97455,586.3213893166907 7.4772500000000015,46.97455,556.3413893166907</coordinates>
                    </LinearRing>
                  </outerBoundaryIs>
                </Polygon>
              </MultiGeometry>
            </Placemark>
          </Folder>
          <Folder>
            <name>E123: uss1 interuss.automated_testing.flight_planning.v1.UpsertFlightPlan</name>
            <Folder>
              <name>Activity Completed, flight OkToFly</name>
              <Placemark>
                <name>Volume 0</name>
                <styleUrl>#InUse_Nominal</styleUrl>
                <TimeSpan>
                  <begin>2026-05-21T14:53:22.005314+00:00</begin>
                  <end>2026-05-21T15:38:23.005314+00:00</end>
                </TimeSpan>
                <MultiGeometry>
                  <Polygon>
                    <altitudeMode>absolute</altitudeMode>
                    <outerBoundaryIs>
                      <LinearRing>
                        <coordinates>7.477250000000001,46.9746,556.3413927174643 7.477250000000001,46.974900000000005,556.3413927174643 7.4779,46.974900000000005,556.3413927174643 7.47795,46.97455,556.3413927174643</coordinates>
                      </LinearRing>
                    </outerBoundaryIs>
                  </Polygon>
                  <Polygon>
                    <altitudeMode>absolute</altitudeMode>
                    <outerBoundaryIs>
                      <LinearRing>
                        <coordinates>7.477250000000001,46.9746,586.3213927174643 7.477250000000001,46.974900000000005,586.3213927174643 7.4779,46.974900000000005,586.3213927174643 7.47795,46.97455,586.3213927174643</coordinates>
                      </LinearRing>
                    </outerBoundaryIs>
                  </Polygon>
                  <Polygon>
                    <altitudeMode>absolute</altitudeMode>
                    <outerBoundaryIs>
                      <LinearRing>
                        <coordinates>7.477250000000001,46.9746,556.3413927174643 7.477250000000001,46.9746,586.3213927174643 7.477250000000001,46.974900000000005,586.3213927174643 7.477250000000001,46.974900000000005,556.3413927174643</coordinates>
                      </LinearRing>
                    </outerBoundaryIs>
                  </Polygon>
                  <Polygon>
                    <altitudeMode>absolute</altitudeMode>
                    <outerBoundaryIs>
                      <LinearRing>
                        <coordinates>7.477250000000001,46.974900000000005,556.3413927174643 7.477250000000001,46.974900000000005,586.3213927174643 7.4779,46.974900000000005,586.3213927174643 7.4779,46.974900000000005,556.3413927174643</coordinates>
                      </LinearRing>
                    </outerBoundaryIs>
                  </Polygon>
                  <Polygon>
                    <altitudeMode>absolute</altitudeMode>
                    <outerBoundaryIs>
                      <LinearRing>
                        <coordinates>7.4779,46.974900000000005,556.3413927174643 7.4779,46.974900000000005,586.3213927174643 7.47795,46.97455,586.3213927174643 7.47795,46.97455,556.3413927174643</coordinates>
                      </LinearRing>
                    </outerBoundaryIs>
                  </Polygon>
                  <Polygon>
                    <altitudeMode>absolute</altitudeMode>
                    <outerBoundaryIs>
                      <LinearRing>
                        <coordinates>7.47795,46.97455,556.3413927174643 7.47795,46.97455,586.3213927174643 7.477250000000001,46.9746,586.3213927174643 7.477250000000001,46.9746,556.3413927174643</coordinates>
                      </LinearRing>
                    </outerBoundaryIs>
                  </Polygon>
                </MultiGeometry>
              </Placemark>
            </Folder>
          </Folder>
          <Folder>
            <name>E127: uss1 astm.f3548.v21.dss.queryOperationalIntentReferences</name>
            <Placemark>
              <name>area_of_interest</name>
              <styleUrl>#QueryArea</styleUrl>
              <description><![CDATA[<ul><li>uss1's Activated 2546c8b7-a99b-4c58-b9e1-c18bf6a61afc[2]</li></ul>]]></description>
              <TimeSpan>
                <begin>2026-05-21T14:53:22.005314+00:00</begin>
                <end>2026-05-21T15:38:23.005314+00:00</end>
              </TimeSpan>
              <MultiGeometry>
                <Polygon>
                  <altitudeMode>absolute</altitudeMode>
                  <outerBoundaryIs>
                    <LinearRing>
                      <coordinates>7.4772500000000015,46.97455,556.3413893166907 7.4772500000000015,46.974900000000005,556.3413893166907 7.477950000000001,46.974900000000005,556.3413893166907 7.477950000000001,46.97455,556.3413893166907</coordinates>
                    </LinearRing>
                  </outerBoundaryIs>
                </Polygon>
                <Polygon>
                  <altitudeMode>absolute</altitudeMode>
                  <outerBoundaryIs>
                    <LinearRing>
                      <coordinates>7.4772500000000015,46.97455,586.3213893166907 7.4772500000000015,46.974900000000005,586.3213893166907 7.477950000000001,46.974900000000005,586.3213893166907 7.477950000000001,46.97455,586.3213893166907</coordinates>
                    </LinearRing>
                  </outerBoundaryIs>
                </Polygon>
                <Polygon>
                  <altitudeMode>absolute</altitudeMode>
                  <outerBoundaryIs>
                    <LinearRing>
                      <coordinates>7.4772500000000015,46.97455,556.3413893166907 7.4772500000000015,46.97455,586.3213893166907 7.4772500000000015,46.974900000000005,586.3213893166907 7.4772500000000015,46.974900000000005,556.3413893166907</coordinates>
                    </LinearRing>
                  </outerBoundaryIs>
                </Polygon>
                <Polygon>
                  <altitudeMode>absolute</altitudeMode>
                  <outerBoundaryIs>
                    <LinearRing>
                      <coordinates>7.4772500000000015,46.974900000000005,556.3413893166907 7.4772500000000015,46.974900000000005,586.3213893166907 7.477950000000001,46.974900000000005,586.3213893166907 7.477950000000001,46.974900000000005,556.3413893166907</coordinates>
                    </LinearRing>
                  </outerBoundaryIs>
                </Polygon>
                <Polygon>
                  <altitudeMode>absolute</altitudeMode>
                  <outerBoundaryIs>
                    <LinearRing>
                      <coordinates>7.477950000000001,46.974900000000005,556.3413893166907 7.477950000000001,46.974900000000005,586.3213893166907 7.477950000000001,46.97455,586.3213893166907 7.477950000000001,46.97455,556.3413893166907</coordinates>
                    </LinearRing>
                  </outerBoundaryIs>
                </Polygon>
                <Polygon>
                  <altitudeMode>absolute</altitudeMode>
                  <outerBoundaryIs>
                    <LinearRing>
                      <coordinates>7.477950000000001,46.97455,556.3413893166907 7.477950000000001,46.97455,586.3213893166907 7.4772500000000015,46.97455,586.3213893166907 7.4772500000000015,46.97455,556.3413893166907</coordinates>
                    </LinearRing>
                  </outerBoundaryIs>
                </Polygon>
              </MultiGeometry>
            </Placemark>
          </Folder>
          <Folder>
            <name>E132: uss1 astm.f3548.v21.uss.getOperationalIntentDetails</name>
            <Folder>
              <name>uss1's P0 Activated 2546c8b7-a99b-4c58-b9e1-c18bf6a61afc[2] @ Sbfkmbyy0hz5Oj7w4FwAqaI4Ta7wvj58NDT4Oiz0NSM_</name>
              <Placemark>
                <name>Nominal volume 0</name>
                <styleUrl>#F3548v21Activated</styleUrl>
                <TimeSpan>
                  <begin>2026-05-21T14:53:23.028709+00:00</begin>
                  <end>2026-05-21T15:38:23.005314+00:00</end>
                </TimeSpan>
                <MultiGeometry>
                  <Polygon>
                    <altitudeMode>absolute</altitudeMode>
                    <outerBoundaryIs>
                      <LinearRing>
                        <coordinates>7.477250000000001,46.9746,556.3413927174643 7.477250000000001,46.974900000000005,556.3413927174643 7.4779,46.974900000000005,556.3413927174643 7.47795,46.97455,556.3413927174643</coordinates>
                      </LinearRing>
                    </outerBoundaryIs>
                  </Polygon>
                  <Polygon>
                    <altitudeMode>absolute</altitudeMode>
                    <outerBoundaryIs>
                      <LinearRing>
                        <coordinates>7.477250000000001,46.9746,586.3213927174643 7.477250000000001,46.974900000000005,586.3213927174643 7.4779,46.974900000000005,586.3213927174643 7.47795,46.97455,586.3213927174643</coordinates>
                      </LinearRing>
                    </outerBoundaryIs>
                  </Polygon>
                  <Polygon>
                    <altitudeMode>absolute</altitudeMode>
                    <outerBoundaryIs>
                      <LinearRing>
                        <coordinates>7.477250000000001,46.9746,556.3413927174643 7.477250000000001,46.9746,586.3213927174643 7.477250000000001,46.974900000000005,586.3213927174643 7.477250000000001,46.974900000000005,556.3413927174643</coordinates>
                      </LinearRing>
                    </outerBoundaryIs>
                  </Polygon>
                  <Polygon>
                    <altitudeMode>absolute</altitudeMode>
                    <outerBoundaryIs>
                      <LinearRing>
                        <coordinates>7.477250000000001,46.974900000000005,556.3413927174643 7.477250000000001,46.974900000000005,586.3213927174643 7.4779,46.974900000000005,586.3213927174643 7.4779,46.974900000000005,556.3413927174643</coordinates>
                      </LinearRing>
                    </outerBoundaryIs>
                  </Polygon>
                  <Polygon>
                    <altitudeMode>absolute</altitudeMode>
                    <outerBoundaryIs>
                      <LinearRing>
                        <coordinates>7.4779,46.974900000000005,556.3413927174643 7.4779,46.974900000000005,586.3213927174643 7.47795,46.97455,586.3213927174643 7.47795,46.97455,556.3413927174643</coordinates>
                      </LinearRing>
                    </outerBoundaryIs>
                  </Polygon>
                  <Polygon>
                    <altitudeMode>absolute</altitudeMode>
                    <outerBoundaryIs>
                      <LinearRing>
                        <coordinates>7.47795,46.97455,556.3413927174643 7.47795,46.97455,586.3213927174643 7.477250000000001,46.9746,586.3213927174643 7.477250000000001,46.9746,556.3413927174643</coordinates>
                      </LinearRing>
                    </outerBoundaryIs>
                  </Polygon>
                </MultiGeometry>
              </Placemark>
            </Folder>
          </Folder>
        </Folder>
        <Folder>
          <name>Plan Flight 2</name>
          <Folder>
            <name>E141: uss1 astm.f3548.v21.dss.queryOperationalIntentReferences</name>
            <Placemark>
              <name>area_of_interest</name>
              <styleUrl>#QueryArea</styleUrl>
              <description><![CDATA[<ul><li>uss1's Activated 2546c8b7-a99b-4c58-b9e1-c18bf6a61afc[2]</li></ul>]]></description>
              <TimeSpan>
                <begin>2026-05-21T14:53:22.125531+00:00</begin>
                <end>2026-05-21T15:38:23.125531+00:00</end>
              </TimeSpan>
              <MultiGeometry>
                <Polygon>
                  <altitudeMode>absolute</altitudeMode>
                  <outerBoundaryIs>
                    <LinearRing>
                      <coordinates>7.477199999999999,46.97455,555.2514433597552 7.477199999999999,46.975300000000004,555.2514433597552 7.477600000000001,46.975300000000004,555.2514433597552 7.477600000000001,46.97455,555.2514433597552</coordinates>
                    </LinearRing>
                  </outerBoundaryIs>
                </Polygon>
                <Polygon>
                  <altitudeMode>absolute</altitudeMode>
                  <outerBoundaryIs>
                    <LinearRing>
                      <coordinates>7.477199999999999,46.97455,584.3214433597552 7.477199999999999,46.975300000000004,584.3214433597552 7.477600000000001,46.975300000000004,584.3214433597552 7.477600000000001,46.97455,584.3214433597552</coordinates>
                    </LinearRing>
                  </outerBoundaryIs>
                </Polygon>
                <Polygon>
                  <altitudeMode>absolute</altitudeMode>
                  <outerBoundaryIs>
                    <LinearRing>
                      <coordinates>7.477199999999999,46.97455,555.2514433597552 7.477199999999999,46.97455,584.3214433597552 7.477199999999999,46.975300000000004,584.3214433597552 7.477199999999999,46.975300000000004,555.2514433597552</coordinates>
                    </LinearRing>
                  </outerBoundaryIs>
                </Polygon>
                <Polygon>
                  <altitudeMode>absolute</altitudeMode>
                  <outerBoundaryIs>
                    <LinearRing>
                      <coordinates>7.477199999999999,46.975300000000004,555.2514433597552 7.477199999999999,46.975300000000004,584.3214433597552 7.477600000000001,46.975300000000004,584.3214433597552 7.477600000000001,46.975300000000004,555.2514433597552</coordinates>
                    </LinearRing>
                  </outerBoundaryIs>
                </Polygon>
                <Polygon>
                  <altitudeMode>absolute</altitudeMode>
                  <outerBoundaryIs>
                    <LinearRing>
                      <coordinates>7.477600000000001,46.975300000000004,555.2514433597552 7.477600000000001,46.975300000000004,584.3214433597552 7.477600000000001,46.97455,584.3214433597552 7.477600000000001,46.97455,555.2514433597552</coordinates>
                    </LinearRing>
                  </outerBoundaryIs>
                </Polygon>
                <Polygon>
                  <altitudeMode>absolute</altitudeMode>
                  <outerBoundaryIs>
                    <LinearRing>
                      <coordinates>7.477600000000001,46.97455,555.2514433597552 7.477600000000001,46.97455,584.3214433597552 7.477199999999999,46.97455,584.3214433597552 7.477199999999999,46.97455,555.2514433597552</coordinates>
                    </LinearRing>
                  </outerBoundaryIs>
                </Polygon>
              </MultiGeometry>
            </Placemark>
          </Folder>
          <Folder>
            <name>E143: uss1 interuss.automated_testing.flight_planning.v1.UpsertFlightPlan</name>
            <Folder>
              <name>Activity Completed, flight Planned</name>
              <Placemark>
                <name>Volume 0</name>
                <styleUrl>#Planned_Nominal</styleUrl>
                <TimeSpan>
                  <begin>2026-05-21T14:53:22.125531+00:00</begin>
                  <end>2026-05-21T15:38:23.125531+00:00</end>
                </TimeSpan>
                <MultiGeometry>
                  <Polygon>
                    <altitudeMode>absolute</altitudeMode>
                    <outerBoundaryIs>
                      <LinearRing>
                        <coordinates>7.4772,46.975,555.25147227108 7.4774,46.97455,555.25147227108 7.477600000000001,46.97495,555.25147227108 7.4774,46.975300000000004,555.25147227108</coordinates>
                      </LinearRing>
                    </outerBoundaryIs>
                  </Polygon>
                  <Polygon>
                    <altitudeMode>absolute</altitudeMode>
                    <outerBoundaryIs>
                      <LinearRing>
                        <coordinates>7.4772,46.975,584.3214722710801 7.4774,46.97455,584.3214722710801 7.477600000000001,46.97495,584.3214722710801 7.4774,46.975300000000004,584.3214722710801</coordinates>
                      </LinearRing>
                    </outerBoundaryIs>
                  </Polygon>
                  <Polygon>
                    <altitudeMode>absolute</altitudeMode>
                    <outerBoundaryIs>
                      <LinearRing>
                        <coordinates>7.4772,46.975,555.25147227108 7.4772,46.975,584.3214722710801 7.4774,46.97455,584.3214722710801 7.4774,46.97455,555.25147227108</coordinates>
                      </LinearRing>
                    </outerBoundaryIs>
                  </Polygon>
                  <Polygon>
                    <altitudeMode>absolute</altitudeMode>
                    <outerBoundaryIs>
                      <LinearRing>
                        <coordinates>7.4774,46.97455,555.25147227108 7.4774,46.97455,584.3214722710801 7.477600000000001,46.97495,584.3214722710801 7.477600000000001,46.97495,555.25147227108</coordinates>
                      </LinearRing>
                    </outerBoundaryIs>
                  </Polygon>
                  <Polygon>
                    <altitudeMode>absolute</altitudeMode>
                    <outerBoundaryIs>
                      <LinearRing>
                        <coordinates>7.477600000000001,46.97495,555.25147227108 7.477600000000001,46.97495,584.3214722710801 7.4774,46.975300000000004,584.3214722710801 7.4774,46.975300000000004,555.25147227108</coordinates>
                      </LinearRing>
                    </outerBoundaryIs>
                  </Polygon>
                  <Polygon>
                    <altitudeMode>absolute</altitudeMode>
                    <outerBoundaryIs>
                      <LinearRing>
                        <coordinates>7.4774,46.975300000000004,555.25147227108 7.4774,46.975300000000004,584.3214722710801 7.4772,46.975,584.3214722710801 7.4772,46.975,555.25147227108</coordinates>
                      </LinearRing>
                    </outerBoundaryIs>
                  </Polygon>
                </MultiGeometry>
              </Placemark>
            </Folder>
          </Folder>
          <Folder>
            <name>E147: uss1 astm.f3548.v21.dss.queryOperationalIntentReferences</name>
            <Placemark>
              <name>area_of_interest</name>
              <styleUrl>#QueryArea</styleUrl>
              <description><![CDATA[<ul><li>uss1's Activated 2546c8b7-a99b-4c58-b9e1-c18bf6a61afc[2]</li><li>uss1's Accepted dc28227a-c5e4-4ea6-84d1-a85187717e47[1]</li></ul>]]></description>
              <TimeSpan>
                <begin>2026-05-21T14:53:22.125531+00:00</begin>
                <end>2026-05-21T15:38:23.125531+00:00</end>
              </TimeSpan>
              <MultiGeometry>
                <Polygon>
                  <altitudeMode>absolute</altitudeMode>
                  <outerBoundaryIs>
                    <LinearRing>
                      <coordinates>7.477199999999999,46.97455,555.2514433597552 7.477199999999999,46.975300000000004,555.2514433597552 7.477600000000001,46.975300000000004,555.2514433597552 7.477600000000001,46.97455,555.2514433597552</coordinates>
                    </LinearRing>
                  </outerBoundaryIs>
                </Polygon>
                <Polygon>
                  <altitudeMode>absolute</altitudeMode>
                  <outerBoundaryIs>
                    <LinearRing>
                      <coordinates>7.477199999999999,46.97455,584.3214433597552 7.477199999999999,46.975300000000004,584.3214433597552 7.477600000000001,46.975300000000004,584.3214433597552 7.477600000000001,46.97455,584.3214433597552</coordinates>
                    </LinearRing>
                  </outerBoundaryIs>
                </Polygon>
                <Polygon>
                  <altitudeMode>absolute</altitudeMode>
                  <outerBoundaryIs>
                    <LinearRing>
                      <coordinates>7.477199999999999,46.97455,555.2514433597552 7.477199999999999,46.97455,584.3214433597552 7.477199999999999,46.975300000000004,584.3214433597552 7.477199999999999,46.975300000000004,555.2514433597552</coordinates>
                    </LinearRing>
                  </outerBoundaryIs>
                </Polygon>
                <Polygon>
                  <altitudeMode>absolute</altitudeMode>
                  <outerBoundaryIs>
                    <LinearRing>
                      <coordinates>7.477199999999999,46.975300000000004,555.2514433597552 7.477199999999999,46.975300000000004,584.3214433597552 7.477600000000001,46.975300000000004,584.3214433597552 7.477600000000001,46.975300000000004,555.2514433597552</coordinates>
                    </LinearRing>
                  </outerBoundaryIs>
                </Polygon>
                <Polygon>
                  <altitudeMode>absolute</altitudeMode>
                  <outerBoundaryIs>
                    <LinearRing>
                      <coordinates>7.477600000000001,46.975300000000004,555.2514433597552 7.477600000000001,46.975300000000004,584.3214433597552 7.477600000000001,46.97455,584.3214433597552 7.477600000000001,46.97455,555.2514433597552</coordinates>
                    </LinearRing>
                  </outerBoundaryIs>
                </Polygon>
                <Polygon>
                  <altitudeMode>absolute</altitudeMode>
                  <outerBoundaryIs>
                    <LinearRing>
                      <coordinates>7.477600000000001,46.97455,555.2514433597552 7.477600000000001,46.97455,584.3214433597552 7.477199999999999,46.97455,584.3214433597552 7.477199999999999,46.97455,555.2514433597552</coordinates>
                    </LinearRing>
                  </outerBoundaryIs>
                </Polygon>
              </MultiGeometry>
            </Placemark>
          </Folder>
          <Folder>
            <name>E151: uss1 astm.f3548.v21.uss.getOperationalIntentDetails</name>
            <Folder>
              <name>uss1's P100 Accepted dc28227a-c5e4-4ea6-84d1-a85187717e47[1] @ uGUlPe9J8zS5WhYAIud3LOPay9-o-lOtImWyi1-fF9A_</name>
              <Placemark>
                <name>Nominal volume 0</name>
                <styleUrl>#F3548v21Accepted</styleUrl>
                <TimeSpan>
                  <begin>2026-05-21T14:53:23.146460+00:00</begin>
                  <end>2026-05-21T15:38:23.125531+00:00</end>
                </TimeSpan>
                <MultiGeometry>
                  <Polygon>
                    <altitudeMode>absolute</altitudeMode>
                    <outerBoundaryIs>
                      <LinearRing>
                        <coordinates>7.4772,46.975,555.25147227108 7.4774,46.97455,555.25147227108 7.477600000000001,46.97495,555.25147227108 7.4774,46.975300000000004,555.25147227108</coordinates>
                      </LinearRing>
                    </outerBoundaryIs>
                  </Polygon>
                  <Polygon>
                    <altitudeMode>absolute</altitudeMode>
                    <outerBoundaryIs>
                      <LinearRing>
                        <coordinates>7.4772,46.975,584.3214722710801 7.4774,46.97455,584.3214722710801 7.477600000000001,46.97495,584.3214722710801 7.4774,46.975300000000004,584.3214722710801</coordinates>
                      </LinearRing>
                    </outerBoundaryIs>
                  </Polygon>
                  <Polygon>
                    <altitudeMode>absolute</altitudeMode>
                    <outerBoundaryIs>
                      <LinearRing>
                        <coordinates>7.4772,46.975,555.25147227108 7.4772,46.975,584.3214722710801 7.4774,46.97455,584.3214722710801 7.4774,46.97455,555.25147227108</coordinates>
                      </LinearRing>
                    </outerBoundaryIs>
                  </Polygon>
                  <Polygon>
                    <altitudeMode>absolute</altitudeMode>
                    <outerBoundaryIs>
                      <LinearRing>
                        <coordinates>7.4774,46.97455,555.25147227108 7.4774,46.97455,584.3214722710801 7.477600000000001,46.97495,584.3214722710801 7.477600000000001,46.97495,555.25147227108</coordinates>
                      </LinearRing>
                    </outerBoundaryIs>
                  </Polygon>
                  <Polygon>
                    <altitudeMode>absolute</altitudeMode>
                    <outerBoundaryIs>
                      <LinearRing>
                        <coordinates>7.477600000000001,46.97495,555.25147227108 7.477600000000001,46.97495,584.3214722710801 7.4774,46.975300000000004,584.3214722710801 7.4774,46.975300000000004,555.25147227108</coordinates>
                      </LinearRing>
                    </outerBoundaryIs>
                  </Polygon>
                  <Polygon>
                    <altitudeMode>absolute</altitudeMode>
                    <outerBoundaryIs>
                      <LinearRing>
                        <coordinates>7.4774,46.975300000000004,555.25147227108 7.4774,46.975300000000004,584.3214722710801 7.4772,46.975,584.3214722710801 7.4772,46.975,555.25147227108</coordinates>
                      </LinearRing>
                    </outerBoundaryIs>
                  </Polygon>
                </MultiGeometry>
              </Placemark>
            </Folder>
          </Folder>
        </Folder>
        <Folder>
          <name>Activate Flight 2</name>
          <Folder>
            <name>E164: uss1 astm.f3548.v21.dss.queryOperationalIntentReferences</name>
            <Placemark>
              <name>area_of_interest</name>
              <styleUrl>#QueryArea</styleUrl>
              <description><![CDATA[<ul><li>uss1's Activated 2546c8b7-a99b-4c58-b9e1-c18bf6a61afc[2]</li><li>uss1's Accepted dc28227a-c5e4-4ea6-84d1-a85187717e47[1]</li></ul>]]></description>
              <TimeSpan>
                <begin>2026-05-21T14:53:22.277810+00:00</begin>
                <end>2026-05-21T15:38:23.277810+00:00</end>
              </TimeSpan>
              <MultiGeometry>
                <Polygon>
                  <altitudeMode>absolute</altitudeMode>
                  <outerBoundaryIs>
                    <LinearRing>
                      <coordinates>7.477199999999999,46.97455,556.4014433597553 7.477199999999999,46.975300000000004,556.4014433597553 7.477600000000001,46.975300000000004,556.4014433597553 7.477600000000001,46.97455,556.4014433597553</coordinates>
                    </LinearRing>
                  </outerBoundaryIs>
                </Polygon>
                <Polygon>
                  <altitudeMode>absolute</altitudeMode>
                  <outerBoundaryIs>
                    <LinearRing>
                      <coordinates>7.477199999999999,46.97455,584.3214433597552 7.477199999999999,46.975300000000004,584.3214433597552 7.477600000000001,46.975300000000004,584.3214433597552 7.477600000000001,46.97455,584.3214433597552</coordinates>
                    </LinearRing>
                  </outerBoundaryIs>
                </Polygon>
                <Polygon>
                  <altitudeMode>absolute</altitudeMode>
                  <outerBoundaryIs>
                    <LinearRing>
                      <coordinates>7.477199999999999,46.97455,556.4014433597553 7.477199999999999,46.97455,584.3214433597552 7.477199999999999,46.975300000000004,584.3214433597552 7.477199999999999,46.975300000000004,556.4014433597553</coordinates>
                    </LinearRing>
                  </outerBoundaryIs>
                </Polygon>
                <Polygon>
                  <altitudeMode>absolute</altitudeMode>
                  <outerBoundaryIs>
                    <LinearRing>
                      <coordinates>7.477199999999999,46.975300000000004,556.4014433597553 7.477199999999999,46.975300000000004,584.3214433597552 7.477600000000001,46.975300000000004,584.3214433597552 7.477600000000001,46.975300000000004,556.4014433597553</coordinates>
                    </LinearRing>
                  </outerBoundaryIs>
                </Polygon>
                <Polygon>
                  <altitudeMode>absolute</altitudeMode>
                  <outerBoundaryIs>
                    <LinearRing>
                      <coordinates>7.477600000000001,46.975300000000004,556.4014433597553 7.477600000000001,46.975300000000004,584.3214433597552 7.477600000000001,46.97455,584.3214433597552 7.477600000000001,46.97455,556.4014433597553</coordinates>
                    </LinearRing>
                  </outerBoundaryIs>
                </Polygon>
                <Polygon>
                  <altitudeMode>absolute</altitudeMode>
                  <outerBoundaryIs>
                    <LinearRing>
                      <coordinates>7.477600000000001,46.97455,556.4014433597553 7.477600000000001,46.97455,584.3214433597552 7.477199999999999,46.97455,584.3214433597552 7.477199999999999,46.97455,556.4014433597553</coordinates>
                    </LinearRing>
                  </outerBoundaryIs>
                </Polygon>
              </MultiGeometry>
            </Placemark>
          </Folder>
          <Folder>
            <name>E166: uss1 interuss.automated_testing.flight_planning.v1.UpsertFlightPlan</name>
            <Folder>
              <name>Activity Completed, flight OkToFly</name>
              <Placemark>
                <name>Volume 0</name>
                <styleUrl>#InUse_Nominal</styleUrl>
                <TimeSpan>
                  <begin>2026-05-21T14:53:22.277810+00:00</begin>
                  <end>2026-05-21T15:38:23.277810+00:00</end>
                </TimeSpan>
                <MultiGeometry>
                  <Polygon>
                    <altitudeMode>absolute</altitudeMode>
                    <outerBoundaryIs>
                      <LinearRing>
                        <coordinates>7.4772,46.975,556.4014722710801 7.4774,46.97455,556.4014722710801 7.477600000000001,46.97495,556.4014722710801 7.4774,46.975300000000004,556.4014722710801</coordinates>
                      </LinearRing>
                    </outerBoundaryIs>
                  </Polygon>
                  <Polygon>
                    <altitudeMode>absolute</altitudeMode>
                    <outerBoundaryIs>
                      <LinearRing>
                        <coordinates>7.4772,46.975,584.3214722710801 7.4774,46.97455,584.3214722710801 7.477600000000001,46.97495,584.3214722710801 7.4774,46.975300000000004,584.3214722710801</coordinates>
                      </LinearRing>
                    </outerBoundaryIs>
                  </Polygon>
                  <Polygon>
                    <altitudeMode>absolute</altitudeMode>
                    <outerBoundaryIs>
                      <LinearRing>
                        <coordinates>7.4772,46.975,556.4014722710801 7.4772,46.975,584.3214722710801 7.4774,46.97455,584.3214722710801 7.4774,46.97455,556.4014722710801</coordinates>
                      </LinearRing>
                    </outerBoundaryIs>
                  </Polygon>
                  <Polygon>
                    <altitudeMode>absolute</altitudeMode>
                    <outerBoundaryIs>
                      <LinearRing>
                        <coordinates>7.4774,46.97455,556.4014722710801 7.4774,46.97455,584.3214722710801 7.477600000000001,46.97495,584.3214722710801 7.477600000000001,46.97495,556.4014722710801</coordinates>
                      </LinearRing>
                    </outerBoundaryIs>
                  </Polygon>
                  <Polygon>
                    <altitudeMode>absolute</altitudeMode>
                    <outerBoundaryIs>
                      <LinearRing>
                        <coordinates>7.477600000000001,46.97495,556.4014722710801 7.477600000000001,46.97495,584.3214722710801 7.4774,46.975300000000004,584.3214722710801 7.4774,46.975300000000004,556.4014722710801</coordinates>
                      </LinearRing>
                    </outerBoundaryIs>
                  </Polygon>
                  <Polygon>
                    <altitudeMode>absolute</altitudeMode>
                    <outerBoundaryIs>
                      <LinearRing>
                        <coordinates>7.4774,46.975300000000004,556.4014722710801 7.4774,46.975300000000004,584.3214722710801 7.4772,46.975,584.3214722710801 7.4772,46.975,556.4014722710801</coordinates>
                      </LinearRing>
                    </outerBoundaryIs>
                  </Polygon>
                </MultiGeometry>
              </Placemark>
            </Folder>
          </Folder>
          <Folder>
            <name>E170: uss1 astm.f3548.v21.dss.queryOperationalIntentReferences</name>
            <Placemark>
              <name>area_of_interest</name>
              <styleUrl>#QueryArea</styleUrl>
              <description><![CDATA[<ul><li>uss1's Activated 2546c8b7-a99b-4c58-b9e1-c18bf6a61afc[2]</li><li>uss1's Activated dc28227a-c5e4-4ea6-84d1-a85187717e47[2]</li></ul>]]></description>
              <TimeSpan>
                <begin>2026-05-21T14:53:22.277810+00:00</begin>
                <end>2026-05-21T15:38:23.277810+00:00</end>
              </TimeSpan>
              <MultiGeometry>
                <Polygon>
                  <altitudeMode>absolute</altitudeMode>
                  <outerBoundaryIs>
                    <LinearRing>
                      <coordinates>7.477199999999999,46.97455,556.4014433597553 7.477199999999999,46.975300000000004,556.4014433597553 7.477600000000001,46.975300000000004,556.4014433597553 7.477600000000001,46.97455,556.4014433597553</coordinates>
                    </LinearRing>
                  </outerBoundaryIs>
                </Polygon>
                <Polygon>
                  <altitudeMode>absolute</altitudeMode>
                  <outerBoundaryIs>
                    <LinearRing>
                      <coordinates>7.477199999999999,46.97455,584.3214433597552 7.477199999999999,46.975300000000004,584.3214433597552 7.477600000000001,46.975300000000004,584.3214433597552 7.477600000000001,46.97455,584.3214433597552</coordinates>
                    </LinearRing>
                  </outerBoundaryIs>
                </Polygon>
                <Polygon>
                  <altitudeMode>absolute</altitudeMode>
                  <outerBoundaryIs>
                    <LinearRing>
                      <coordinates>7.477199999999999,46.97455,556.4014433597553 7.477199999999999,46.97455,584.3214433597552 7.477199999999999,46.975300000000004,584.3214433597552 7.477199999999999,46.975300000000004,556.4014433597553</coordinates>
                    </LinearRing>
                  </outerBoundaryIs>
                </Polygon>
                <Polygon>
                  <altitudeMode>absolute</altitudeMode>
                  <outerBoundaryIs>
                    <LinearRing>
                      <coordinates>7.477199999999999,46.975300000000004,556.4014433597553 7.477199999999999,46.975300000000004,584.3214433597552 7.477600000000001,46.975300000000004,584.3214433597552 7.477600000000001,46.975300000000004,556.4014433597553</coordinates>
                    </LinearRing>
                  </outerBoundaryIs>
                </Polygon>
                <Polygon>
                  <altitudeMode>absolute</altitudeMode>
                  <outerBoundaryIs>
                    <LinearRing>
                      <coordinates>7.477600000000001,46.975300000000004,556.4014433597553 7.477600000000001,46.975300000000004,584.3214433597552 7.477600000000001,46.97455,584.3214433597552 7.477600000000001,46.97455,556.4014433597553</coordinates>
                    </LinearRing>
                  </outerBoundaryIs>
                </Polygon>
                <Polygon>
                  <altitudeMode>absolute</altitudeMode>
                  <outerBoundaryIs>
                    <LinearRing>
                      <coordinates>7.477600000000001,46.97455,556.4014433597553 7.477600000000001,46.97455,584.3214433597552 7.477199999999999,46.97455,584.3214433597552 7.477199999999999,46.97455,556.4014433597553</coordinates>
                    </LinearRing>
                  </outerBoundaryIs>
                </Polygon>
              </MultiGeometry>
            </Placemark>
          </Folder>
          <Folder>
            <name>E175: uss1 astm.f3548.v21.uss.getOperationalIntentDetails</name>
            <Folder>
              <name>uss1's P100 Activated dc28227a-c5e4-4ea6-84d1-a85187717e47[2] @ natFHC7qJcgoIubVZL8TYGz3jRCPdpHoMEgLlolmOAs_</name>
              <Placemark>
                <name>Nominal volume 0</name>
                <styleUrl>#F3548v21Activated</styleUrl>
                <TimeSpan>
                  <begin>2026-05-21T14:53:23.311652+00:00</begin>
                  <end>2026-05-21T15:38:23.277810+00:00</end>
                </TimeSpan>
                <MultiGeometry>
                  <Polygon>
                    <altitudeMode>absolute</altitudeMode>
                    <outerBoundaryIs>
                      <LinearRing>
                        <coordinates>7.4772,46.975,556.4014722710801 7.4774,46.97455,556.4014722710801 7.477600000000001,46.97495,556.4014722710801 7.4774,46.975300000000004,556.4014722710801</coordinates>
                      </LinearRing>
                    </outerBoundaryIs>
                  </Polygon>
                  <Polygon>
                    <altitudeMode>absolute</altitudeMode>
                    <outerBoundaryIs>
                      <LinearRing>
                        <coordinates>7.4772,46.975,584.3214722710801 7.4774,46.97455,584.3214722710801 7.477600000000001,46.97495,584.3214722710801 7.4774,46.975300000000004,584.3214722710801</coordinates>
                      </LinearRing>
                    </outerBoundaryIs>
                  </Polygon>
                  <Polygon>
                    <altitudeMode>absolute</altitudeMode>
                    <outerBoundaryIs>
                      <LinearRing>
                        <coordinates>7.4772,46.975,556.4014722710801 7.4772,46.975,584.3214722710801 7.4774,46.97455,584.3214722710801 7.4774,46.97455,556.4014722710801</coordinates>
                      </LinearRing>
                    </outerBoundaryIs>
                  </Polygon>
                  <Polygon>
                    <altitudeMode>absolute</altitudeMode>
                    <outerBoundaryIs>
                      <LinearRing>
                        <coordinates>7.4774,46.97455,556.4014722710801 7.4774,46.97455,584.3214722710801 7.477600000000001,46.97495,584.3214722710801 7.477600000000001,46.97495,556.4014722710801</coordinates>
                      </LinearRing>
                    </outerBoundaryIs>
                  </Polygon>
                  <Polygon>
                    <altitudeMode>absolute</altitudeMode>
                    <outerBoundaryIs>
                      <LinearRing>
                        <coordinates>7.477600000000001,46.97495,556.4014722710801 7.477600000000001,46.97495,584.3214722710801 7.4774,46.975300000000004,584.3214722710801 7.4774,46.975300000000004,556.4014722710801</coordinates>
                      </LinearRing>
                    </outerBoundaryIs>
                  </Polygon>
                  <Polygon>
                    <altitudeMode>absolute</altitudeMode>
                    <outerBoundaryIs>
                      <LinearRing>
                        <coordinates>7.4774,46.975300000000004,556.4014722710801 7.4774,46.975300000000004,584.3214722710801 7.4772,46.975,584.3214722710801 7.4772,46.975,556.4014722710801</coordinates>
                      </LinearRing>
                    </outerBoundaryIs>
                  </Polygon>
                </MultiGeometry>
              </Placemark>
            </Folder>
          </Folder>
        </Folder>
        <Folder>
          <name>Check for conflict notifications</name>
        </Folder>
        <Folder>
          <name>Modify activated Flight 1 in conflict with activated Flight 2</name>
          <Folder>
            <name>E190: uss1 astm.f3548.v21.dss.queryOperationalIntentReferences</name>
            <Placemark>
              <name>area_of_interest</name>
              <styleUrl>#QueryArea</styleUrl>
              <description><![CDATA[<ul><li>uss1's Activated 2546c8b7-a99b-4c58-b9e1-c18bf6a61afc[2]</li><li>uss1's Activated dc28227a-c5e4-4ea6-84d1-a85187717e47[2]</li></ul>]]></description>
              <TimeSpan>
                <begin>2026-05-21T14:53:22.441741+00:00</begin>
                <end>2026-05-21T15:38:23.441741+00:00</end>
              </TimeSpan>
              <MultiGeometry>
                <Polygon>
                  <altitudeMode>absolute</altitudeMode>
                  <outerBoundaryIs>
                    <LinearRing>
                      <coordinates>7.4772500000000015,46.97455,526.2713893166907 7.4772500000000015,46.974900000000005,526.2713893166907 7.477950000000001,46.974900000000005,526.2713893166907 7.477950000000001,46.97455,526.2713893166907</coordinates>
                    </LinearRing>
                  </outerBoundaryIs>
                </Polygon>
                <Polygon>
                  <altitudeMode>absolute</altitudeMode>
                  <outerBoundaryIs>
                    <LinearRing>
                      <coordinates>7.4772500000000015,46.97455,586.3213893166907 7.4772500000000015,46.974900000000005,586.3213893166907 7.477950000000001,46.974900000000005,586.3213893166907 7.477950000000001,46.97455,586.3213893166907</coordinates>
                    </LinearRing>
                  </outerBoundaryIs>
                </Polygon>
                <Polygon>
                  <altitudeMode>absolute</altitudeMode>
                  <outerBoundaryIs>
                    <LinearRing>
                      <coordinates>7.4772500000000015,46.97455,526.2713893166907 7.4772500000000015,46.97455,586.3213893166907 7.4772500000000015,46.974900000000005,586.3213893166907 7.4772500000000015,46.974900000000005,526.2713893166907</coordinates>
                    </LinearRing>
                  </outerBoundaryIs>
                </Polygon>
                <Polygon>
                  <altitudeMode>absolute</altitudeMode>
                  <outerBoundaryIs>
                    <LinearRing>
                      <coordinates>7.4772500000000015,46.974900000000005,526.2713893166907 7.4772500000000015,46.974900000000005,586.3213893166907 7.477950000000001,46.974900000000005,586.3213893166907 7.477950000000001,46.974900000000005,526.2713893166907</coordinates>
                    </LinearRing>
                  </outerBoundaryIs>
                </Polygon>
                <Polygon>
                  <altitudeMode>absolute</altitudeMode>
                  <outerBoundaryIs>
                    <LinearRing>
                      <coordinates>7.477950000000001,46.974900000000005,526.2713893166907 7.477950000000001,46.974900000000005,586.3213893166907 7.477950000000001,46.97455,586.3213893166907 7.477950000000001,46.97455,526.2713893166907</coordinates>
                    </LinearRing>
                  </outerBoundaryIs>
                </Polygon>
                <Polygon>
                  <altitudeMode>absolute</altitudeMode>
                  <outerBoundaryIs>
                    <LinearRing>
                      <coordinates>7.477950000000001,46.97455,526.2713893166907 7.477950000000001,46.97455,586.3213893166907 7.4772500000000015,46.97455,586.3213893166907 7.4772500000000015,46.97455,526.2713893166907</coordinates>
                    </LinearRing>
                  </outerBoundaryIs>
                </Polygon>
              </MultiGeometry>
            </Placemark>
          </Folder>
          <Folder>
            <name>E192: uss1 interuss.automated_testing.flight_planning.v1.UpsertFlightPlan</name>
            <Folder>
              <name>Activity Completed, flight OkToFly</name>
              <Placemark>
                <name>Volume 0</name>
                <styleUrl>#InUse_Nominal</styleUrl>
                <TimeSpan>
                  <begin>2026-05-21T14:53:22.441741+00:00</begin>
                  <end>2026-05-21T15:38:23.441741+00:00</end>
                </TimeSpan>
                <MultiGeometry>
                  <Polygon>
                    <altitudeMode>absolute</altitudeMode>
                    <outerBoundaryIs>
                      <LinearRing>
                        <coordinates>7.4775,46.9746,526.2715035702334 7.4775,46.974900000000005,526.2715035702334 7.4779,46.974900000000005,526.2715035702334 7.47795,46.97455,526.2715035702334</coordinates>
                      </LinearRing>
                    </outerBoundaryIs>
                  </Polygon>
                  <Polygon>
                    <altitudeMode>absolute</altitudeMode>
                    <outerBoundaryIs>
                      <LinearRing>
                        <coordinates>7.4775,46.9746,586.3215035702334 7.4775,46.974900000000005,586.3215035702334 7.4779,46.974900000000005,586.3215035702334 7.47795,46.97455,586.3215035702334</coordinates>
                      </LinearRing>
                    </outerBoundaryIs>
                  </Polygon>
                  <Polygon>
                    <altitudeMode>absolute</altitudeMode>
                    <outerBoundaryIs>
                      <LinearRing>
                        <coordinates>7.4775,46.9746,526.2715035702334 7.4775,46.9746,586.3215035702334 7.4775,46.974900000000005,586.3215035702334 7.4775,46.974900000000005,526.2715035702334</coordinates>
                      </LinearRing>
                    </outerBoundaryIs>
                  </Polygon>
                  <Polygon>
                    <altitudeMode>absolute</altitudeMode>
                    <outerBoundaryIs>
                      <LinearRing>
                        <coordinates>7.4775,46.974900000000005,526.2715035702334 7.4775,46.974900000000005,586.3215035702334 7.4779,46.974900000000005,586.3215035702334 7.4779,46.974900000000005,526.2715035702334</coordinates>
                      </LinearRing>
                    </outerBoundaryIs>
                  </Polygon>
                  <Polygon>
                    <altitudeMode>absolute</altitudeMode>
                    <outerBoundaryIs>
                      <LinearRing>
                        <coordinates>7.4779,46.974900000000005,526.2715035702334 7.4779,46.974900000000005,586.3215035702334 7.47795,46.97455,586.3215035702334 7.47795,46.97455,526.2715035702334</coordinates>
                      </LinearRing>
                    </outerBoundaryIs>
                  </Polygon>
                  <Polygon>
                    <altitudeMode>absolute</altitudeMode>
                    <outerBoundaryIs>
                      <LinearRing>
                        <coordinates>7.47795,46.97455,526.2715035702334 7.47795,46.97455,586.3215035702334 7.4775,46.9746,586.3215035702334 7.4775,46.9746,526.2715035702334</coordinates>
                      </LinearRing>
                    </outerBoundaryIs>
                  </Polygon>
                </MultiGeometry>
              </Placemark>
            </Folder>
          </Folder>
          <Folder>
            <name>E197: uss1 astm.f3548.v21.dss.queryOperationalIntentReferences</name>
            <Placemark>
              <name>area_of_interest</name>
              <styleUrl>#QueryArea</styleUrl>
              <description><![CDATA[<ul><li>uss1's Activated 2546c8b7-a99b-4c58-b9e1-c18bf6a61afc[3]</li><li>uss1's Activated dc28227a-c5e4-4ea6-84d1-a85187717e47[2]</li></ul>]]></description>
              <TimeSpan>
                <begin>2026-05-21T14:53:22.441741+00:00</begin>
                <end>2026-05-21T15:38:23.441741+00:00</end>
              </TimeSpan>
              <MultiGeometry>
                <Polygon>
                  <altitudeMode>absolute</altitudeMode>
                  <outerBoundaryIs>
                    <LinearRing>
                      <coordinates>7.4772500000000015,46.97455,526.2713893166907 7.4772500000000015,46.974900000000005,526.2713893166907 7.477950000000001,46.974900000000005,526.2713893166907 7.477950000000001,46.97455,526.2713893166907</coordinates>
                    </LinearRing>
                  </outerBoundaryIs>
                </Polygon>
                <Polygon>
                  <altitudeMode>absolute</altitudeMode>
                  <outerBoundaryIs>
                    <LinearRing>
                      <coordinates>7.4772500000000015,46.97455,586.3213893166907 7.4772500000000015,46.974900000000005,586.3213893166907 7.477950000000001,46.974900000000005,586.3213893166907 7.477950000000001,46.97455,586.3213893166907</coordinates>
                    </LinearRing>
                  </outerBoundaryIs>
                </Polygon>
                <Polygon>
                  <altitudeMode>absolute</altitudeMode>
                  <outerBoundaryIs>
                    <LinearRing>
                      <coordinates>7.4772500000000015,46.97455,526.2713893166907 7.4772500000000015,46.97455,586.3213893166907 7.4772500000000015,46.974900000000005,586.3213893166907 7.4772500000000015,46.974900000000005,526.2713893166907</coordinates>
                    </LinearRing>
                  </outerBoundaryIs>
                </Polygon>
                <Polygon>
                  <altitudeMode>absolute</altitudeMode>
                  <outerBoundaryIs>
                    <LinearRing>
                      <coordinates>7.4772500000000015,46.974900000000005,526.2713893166907 7.4772500000000015,46.974900000000005,586.3213893166907 7.477950000000001,46.974900000000005,586.3213893166907 7.477950000000001,46.974900000000005,526.2713893166907</coordinates>
                    </LinearRing>
                  </outerBoundaryIs>
                </Polygon>
                <Polygon>
                  <altitudeMode>absolute</altitudeMode>
                  <outerBoundaryIs>
                    <LinearRing>
                      <coordinates>7.477950000000001,46.974900000000005,526.2713893166907 7.477950000000001,46.974900000000005,586.3213893166907 7.477950000000001,46.97455,586.3213893166907 7.477950000000001,46.97455,526.2713893166907</coordinates>
                    </LinearRing>
                  </outerBoundaryIs>
                </Polygon>
                <Polygon>
                  <altitudeMode>absolute</altitudeMode>
                  <outerBoundaryIs>
                    <LinearRing>
                      <coordinates>7.477950000000001,46.97455,526.2713893166907 7.477950000000001,46.97455,586.3213893166907 7.4772500000000015,46.97455,586.3213893166907 7.4772500000000015,46.97455,526.2713893166907</coordinates>
                    </LinearRing>
                  </outerBoundaryIs>
                </Polygon>
              </MultiGeometry>
            </Placemark>
          </Folder>
          <Folder>
            <name>E202: uss1 astm.f3548.v21.uss.getOperationalIntentDetails</name>
            <Folder>
              <name>uss1's P0 Activated 2546c8b7-a99b-4c58-b9e1-c18bf6a61afc[3] @ haHay5OXPHg5jWGFlixBDk8AHGZ1sge1Pt0jAJMuZAY_</name>
              <Placemark>
                <name>Nominal volume 0</name>
                <styleUrl>#F3548v21Activated</styleUrl>
                <TimeSpan>
                  <begin>2026-05-21T14:53:23.469515+00:00</begin>
                  <end>2026-05-21T15:38:23.441741+00:00</end>
                </TimeSpan>
                <MultiGeometry>
                  <Polygon>
                    <altitudeMode>absolute</altitudeMode>
                    <outerBoundaryIs>
                      <LinearRing>
                        <coordinates>7.4775,46.9746,526.2715035702334 7.4775,46.974900000000005,526.2715035702334 7.4779,46.974900000000005,526.2715035702334 7.47795,46.97455,526.2715035702334</coordinates>
                      </LinearRing>
                    </outerBoundaryIs>
                  </Polygon>
                  <Polygon>
                    <altitudeMode>absolute</altitudeMode>
                    <outerBoundaryIs>
                      <LinearRing>
                        <coordinates>7.4775,46.9746,586.3215035702334 7.4775,46.974900000000005,586.3215035702334 7.4779,46.974900000000005,586.3215035702334 7.47795,46.97455,586.3215035702334</coordinates>
                      </LinearRing>
                    </outerBoundaryIs>
                  </Polygon>
                  <Polygon>
                    <altitudeMode>absolute</altitudeMode>
                    <outerBoundaryIs>
                      <LinearRing>
                        <coordinates>7.4775,46.9746,526.2715035702334 7.4775,46.9746,586.3215035702334 7.4775,46.974900000000005,586.3215035702334 7.4775,46.974900000000005,526.2715035702334</coordinates>
                      </LinearRing>
                    </outerBoundaryIs>
                  </Polygon>
                  <Polygon>
                    <altitudeMode>absolute</altitudeMode>
                    <outerBoundaryIs>
                      <LinearRing>
                        <coordinates>7.4775,46.974900000000005,526.2715035702334 7.4775,46.974900000000005,586.3215035702334 7.4779,46.974900000000005,586.3215035702334 7.4779,46.974900000000005,526.2715035702334</coordinates>
                      </LinearRing>
                    </outerBoundaryIs>
                  </Polygon>
                  <Polygon>
                    <altitudeMode>absolute</altitudeMode>
                    <outerBoundaryIs>
                      <LinearRing>
                        <coordinates>7.4779,46.974900000000005,526.2715035702334 7.4779,46.974900000000005,586.3215035702334 7.47795,46.97455,586.3215035702334 7.47795,46.97455,526.2715035702334</coordinates>
                      </LinearRing>
                    </outerBoundaryIs>
                  </Polygon>
                  <Polygon>
                    <altitudeMode>absolute</altitudeMode>
                    <outerBoundaryIs>
                      <LinearRing>
                        <coordinates>7.47795,46.97455,526.2715035702334 7.47795,46.97455,586.3215035702334 7.4775,46.9746,586.3215035702334 7.4775,46.9746,526.2715035702334</coordinates>
                      </LinearRing>
                    </outerBoundaryIs>
                  </Polygon>
                </MultiGeometry>
              </Placemark>
            </Folder>
          </Folder>
        </Folder>
      </Folder>
      <Folder>
        <name>Attempt to modify activated flight into conflict</name>
        <Folder>
          <name>Modify activated Flight 2 to not conflict with activated Flight 1</name>
          <Folder>
            <name>E211: uss1 astm.f3548.v21.dss.queryOperationalIntentReferences</name>
            <Placemark>
              <name>area_of_interest</name>
              <styleUrl>#QueryArea</styleUrl>
              <description><![CDATA[<ul><li>uss1's Activated 2546c8b7-a99b-4c58-b9e1-c18bf6a61afc[3]</li><li>uss1's Activated dc28227a-c5e4-4ea6-84d1-a85187717e47[2]</li></ul>]]></description>
              <TimeSpan>
                <begin>2026-05-21T14:53:22.582298+00:00</begin>
                <end>2026-05-21T15:38:23.582298+00:00</end>
              </TimeSpan>
              <MultiGeometry>
                <Polygon>
                  <altitudeMode>absolute</altitudeMode>
                  <outerBoundaryIs>
                    <LinearRing>
                      <coordinates>7.477199999999999,46.97495000000001,553.231763424592 7.477199999999999,46.975300000000004,553.231763424592 7.477800000000001,46.975300000000004,553.231763424592 7.477800000000001,46.97495000000001,553.231763424592</coordinates>
                    </LinearRing>
                  </outerBoundaryIs>
                </Polygon>
                <Polygon>
                  <altitudeMode>absolute</altitudeMode>
                  <outerBoundaryIs>
                    <LinearRing>
                      <coordinates>7.477199999999999,46.97495000000001,606.3217634245921 7.477199999999999,46.975300000000004,606.3217634245921 7.477800000000001,46.975300000000004,606.3217634245921 7.477800000000001,46.97495000000001,606.3217634245921</coordinates>
                    </LinearRing>
                  </outerBoundaryIs>
                </Polygon>
                <Polygon>
                  <altitudeMode>absolute</altitudeMode>
                  <outerBoundaryIs>
                    <LinearRing>
                      <coordinates>7.477199999999999,46.97495000000001,553.231763424592 7.477199999999999,46.97495000000001,606.3217634245921 7.477199999999999,46.975300000000004,606.3217634245921 7.477199999999999,46.975300000000004,553.231763424592</coordinates>
                    </LinearRing>
                  </outerBoundaryIs>
                </Polygon>
                <Polygon>
                  <altitudeMode>absolute</altitudeMode>
                  <outerBoundaryIs>
                    <LinearRing>
                      <coordinates>7.477199999999999,46.975300000000004,553.231763424592 7.477199999999999,46.975300000000004,606.3217634245921 7.477800000000001,46.975300000000004,606.3217634245921 7.477800000000001,46.975300000000004,553.231763424592</coordinates>
                    </LinearRing>
                  </outerBoundaryIs>
                </Polygon>
                <Polygon>
                  <altitudeMode>absolute</altitudeMode>
                  <outerBoundaryIs>
                    <LinearRing>
                      <coordinates>7.477800000000001,46.975300000000004,553.231763424592 7.477800000000001,46.975300000000004,606.3217634245921 7.477800000000001,46.97495000000001,606.3217634245921 7.477800000000001,46.97495000000001,553.231763424592</coordinates>
                    </LinearRing>
                  </outerBoundaryIs>
                </Polygon>
                <Polygon>
                  <altitudeMode>absolute</altitudeMode>
                  <outerBoundaryIs>
                    <LinearRing>
                      <coordinates>7.477800000000001,46.97495000000001,553.231763424592 7.477800000000001,46.97495000000001,606.3217634245921 7.477199999999999,46.97495000000001,606.3217634245921 7.477199999999999,46.97495000000001,553.231763424592</coordinates>
                    </LinearRing>
                  </outerBoundaryIs>
                </Polygon>
              </MultiGeometry>
            </Placemark>
          </Folder>
          <Folder>
            <name>E213: uss1 interuss.automated_testing.flight_planning.v1.UpsertFlightPlan</name>
            <Folder>
              <name>Activity Completed, flight OkToFly</name>
              <Placemark>
                <name>Volume 0</name>
                <styleUrl>#InUse_Nominal</styleUrl>
                <TimeSpan>
                  <begin>2026-05-21T14:53:22.582298+00:00</begin>
                  <end>2026-05-21T15:38:23.582298+00:00</end>
                </TimeSpan>
                <MultiGeometry>
                  <Polygon>
                    <altitudeMode>absolute</altitudeMode>
                    <outerBoundaryIs>
                      <LinearRing>
                        <coordinates>7.4772,46.975,553.2316856460558 7.4778,46.97495,553.2316856460558 7.4774,46.975300000000004,553.2316856460558</coordinates>
                      </LinearRing>
                    </outerBoundaryIs>
                  </Polygon>
                  <Polygon>
                    <altitudeMode>absolute</altitudeMode>
                    <outerBoundaryIs>
                      <LinearRing>
                        <coordinates>7.4772,46.975,606.3216856460558 7.4778,46.97495,606.3216856460558 7.4774,46.975300000000004,606.3216856460558</coordinates>
                      </LinearRing>
                    </outerBoundaryIs>
                  </Polygon>
                  <Polygon>
                    <altitudeMode>absolute</altitudeMode>
                    <outerBoundaryIs>
                      <LinearRing>
                        <coordinates>7.4772,46.975,553.2316856460558 7.4772,46.975,606.3216856460558 7.4778,46.97495,606.3216856460558 7.4778,46.97495,553.2316856460558</coordinates>
                      </LinearRing>
                    </outerBoundaryIs>
                  </Polygon>
                  <Polygon>
                    <altitudeMode>absolute</altitudeMode>
                    <outerBoundaryIs>
                      <LinearRing>
                        <coordinates>7.4778,46.97495,553.2316856460558 7.4778,46.97495,606.3216856460558 7.4774,46.975300000000004,606.3216856460558 7.4774,46.975300000000004,553.2316856460558</coordinates>
                      </LinearRing>
                    </outerBoundaryIs>
                  </Polygon>
                  <Polygon>
                    <altitudeMode>absolute</altitudeMode>
                    <outerBoundaryIs>
                      <LinearRing>
                        <coordinates>7.4774,46.975300000000004,553.2316856460558 7.4774,46.975300000000004,606.3216856460558 7.4772,46.975,606.3216856460558 7.4772,46.975,553.2316856460558</coordinates>
                      </LinearRing>
                    </outerBoundaryIs>
                  </Polygon>
                </MultiGeometry>
              </Placemark>
            </Folder>
          </Folder>
          <Folder>
            <name>E217: uss1 astm.f3548.v21.dss.queryOperationalIntentReferences</name>
            <Placemark>
              <name>area_of_interest</name>
              <styleUrl>#QueryArea</styleUrl>
              <description><![CDATA[<ul><li>uss1's Activated 2546c8b7-a99b-4c58-b9e1-c18bf6a61afc[3]</li><li>uss1's Activated dc28227a-c5e4-4ea6-84d1-a85187717e47[3]</li></ul>]]></description>
              <TimeSpan>
                <begin>2026-05-21T14:53:22.582298+00:00</begin>
                <end>2026-05-21T15:38:23.582298+00:00</end>
              </TimeSpan>
              <MultiGeometry>
                <Polygon>
                  <altitudeMode>absolute</altitudeMode>
                  <outerBoundaryIs>
                    <LinearRing>
                      <coordinates>7.477199999999999,46.97495000000001,553.231763424592 7.477199999999999,46.975300000000004,553.231763424592 7.477800000000001,46.975300000000004,553.231763424592 7.477800000000001,46.97495000000001,553.231763424592</coordinates>
                    </LinearRing>
                  </outerBoundaryIs>
                </Polygon>
                <Polygon>
                  <altitudeMode>absolute</altitudeMode>
                  <outerBoundaryIs>
                    <LinearRing>
                      <coordinates>7.477199999999999,46.97495000000001,606.3217634245921 7.477199999999999,46.975300000000004,606.3217634245921 7.477800000000001,46.975300000000004,606.3217634245921 7.477800000000001,46.97495000000001,606.3217634245921</coordinates>
                    </LinearRing>
                  </outerBoundaryIs>
                </Polygon>
                <Polygon>
                  <altitudeMode>absolute</altitudeMode>
                  <outerBoundaryIs>
                    <LinearRing>
                      <coordinates>7.477199999999999,46.97495000000001,553.231763424592 7.477199999999999,46.97495000000001,606.3217634245921 7.477199999999999,46.975300000000004,606.3217634245921 7.477199999999999,46.975300000000004,553.231763424592</coordinates>
                    </LinearRing>
                  </outerBoundaryIs>
                </Polygon>
                <Polygon>
                  <altitudeMode>absolute</altitudeMode>
                  <outerBoundaryIs>
                    <LinearRing>
                      <coordinates>7.477199999999999,46.975300000000004,553.231763424592 7.477199999999999,46.975300000000004,606.3217634245921 7.477800000000001,46.975300000000004,606.3217634245921 7.477800000000001,46.975300000000004,553.231763424592</coordinates>
                    </LinearRing>
                  </outerBoundaryIs>
                </Polygon>
                <Polygon>
                  <altitudeMode>absolute</altitudeMode>
                  <outerBoundaryIs>
                    <LinearRing>
                      <coordinates>7.477800000000001,46.975300000000004,553.231763424592 7.477800000000001,46.975300000000004,606.3217634245921 7.477800000000001,46.97495000000001,606.3217634245921 7.477800000000001,46.97495000000001,553.231763424592</coordinates>
                    </LinearRing>
                  </outerBoundaryIs>
                </Polygon>
                <Polygon>
                  <altitudeMode>absolute</altitudeMode>
                  <outerBoundaryIs>
                    <LinearRing>
                      <coordinates>7.477800000000001,46.97495000000001,553.231763424592 7.477800000000001,46.97495000000001,606.3217634245921 7.477199999999999,46.97495000000001,606.3217634245921 7.477199999999999,46.97495000000001,553.231763424592</coordinates>
                    </LinearRing>
                  </outerBoundaryIs>
                </Polygon>
              </MultiGeometry>
            </Placemark>
          </Folder>
          <Folder>
            <name>E222: uss1 astm.f3548.v21.uss.getOperationalIntentDetails</name>
            <Folder>
              <name>uss1's P100 Activated dc28227a-c5e4-4ea6-84d1-a85187717e47[3] @ RNJEAUTpXusriRJqztzmx.lVmW6p-LOX5E.PWgNU20c_</name>
              <Placemark>
                <name>Nominal volume 0</name>
                <styleUrl>#F3548v21Activated</styleUrl>
                <TimeSpan>
                  <begin>2026-05-21T14:53:23.608113+00:00</begin>
                  <end>2026-05-21T15:38:23.582298+00:00</end>
                </TimeSpan>
                <MultiGeometry>
                  <Polygon>
                    <altitudeMode>absolute</altitudeMode>
                    <outerBoundaryIs>
                      <LinearRing>
                        <coordinates>7.4772,46.975,553.2316856460558 7.4778,46.97495,553.2316856460558 7.4774,46.975300000000004,553.2316856460558</coordinates>
                      </LinearRing>
                    </outerBoundaryIs>
                  </Polygon>
                  <Polygon>
                    <altitudeMode>absolute</altitudeMode>
                    <outerBoundaryIs>
                      <LinearRing>
                        <coordinates>7.4772,46.975,606.3216856460558 7.4778,46.97495,606.3216856460558 7.4774,46.975300000000004,606.3216856460558</coordinates>
                      </LinearRing>
                    </outerBoundaryIs>
                  </Polygon>
                  <Polygon>
                    <altitudeMode>absolute</altitudeMode>
                    <outerBoundaryIs>
                      <LinearRing>
                        <coordinates>7.4772,46.975,553.2316856460558 7.4772,46.975,606.3216856460558 7.4778,46.97495,606.3216856460558 7.4778,46.97495,553.2316856460558</coordinates>
                      </LinearRing>
                    </outerBoundaryIs>
                  </Polygon>
                  <Polygon>
                    <altitudeMode>absolute</altitudeMode>
                    <outerBoundaryIs>
                      <LinearRing>
                        <coordinates>7.4778,46.97495,553.2316856460558 7.4778,46.97495,606.3216856460558 7.4774,46.975300000000004,606.3216856460558 7.4774,46.975300000000004,553.2316856460558</coordinates>
                      </LinearRing>
                    </outerBoundaryIs>
                  </Polygon>
                  <Polygon>
                    <altitudeMode>absolute</altitudeMode>
                    <outerBoundaryIs>
                      <LinearRing>
                        <coordinates>7.4774,46.975300000000004,553.2316856460558 7.4774,46.975300000000004,606.3216856460558 7.4772,46.975,606.3216856460558 7.4772,46.975,553.2316856460558</coordinates>
                      </LinearRing>
                    </outerBoundaryIs>
                  </Polygon>
                </MultiGeometry>
              </Placemark>
            </Folder>
          </Folder>
        </Folder>
        <Folder>
          <name>Attempt to modify activated Flight 1 into conflict</name>
          <Folder>
            <name>E231: uss1 astm.f3548.v21.dss.queryOperationalIntentReferences</name>
            <Placemark>
              <name>area_of_interest</name>
              <styleUrl>#QueryArea</styleUrl>
              <description><![CDATA[<ul><li>uss1's Activated 2546c8b7-a99b-4c58-b9e1-c18bf6a61afc[3]</li><li>uss1's Activated dc28227a-c5e4-4ea6-84d1-a85187717e47[3]</li></ul>]]></description>
              <TimeSpan>
                <begin>2026-05-21T14:53:22.746563+00:00</begin>
                <end>2026-05-21T15:38:23.746563+00:00</end>
              </TimeSpan>
              <MultiGeometry>
                <Polygon>
                  <altitudeMode>absolute</altitudeMode>
                  <outerBoundaryIs>
                    <LinearRing>
                      <coordinates>7.477500000000001,46.97455,526.271731931697 7.477500000000001,46.975300000000004,526.271731931697 7.477950000000001,46.975300000000004,526.271731931697 7.477950000000001,46.97455,526.271731931697</coordinates>
                    </LinearRing>
                  </outerBoundaryIs>
                </Polygon>
                <Polygon>
                  <altitudeMode>absolute</altitudeMode>
                  <outerBoundaryIs>
                    <LinearRing>
                      <coordinates>7.477500000000001,46.97455,591.321731931697 7.477500000000001,46.975300000000004,591.321731931697 7.477950000000001,46.975300000000004,591.321731931697 7.477950000000001,46.97455,591.321731931697</coordinates>
                    </LinearRing>
                  </outerBoundaryIs>
                </Polygon>
                <Polygon>
                  <altitudeMode>absolute</altitudeMode>
                  <outerBoundaryIs>
                    <LinearRing>
                      <coordinates>7.477500000000001,46.97455,526.271731931697 7.477500000000001,46.97455,591.321731931697 7.477500000000001,46.975300000000004,591.321731931697 7.477500000000001,46.975300000000004,526.271731931697</coordinates>
                    </LinearRing>
                  </outerBoundaryIs>
                </Polygon>
                <Polygon>
                  <altitudeMode>absolute</altitudeMode>
                  <outerBoundaryIs>
                    <LinearRing>
                      <coordinates>7.477500000000001,46.975300000000004,526.271731931697 7.477500000000001,46.975300000000004,591.321731931697 7.477950000000001,46.975300000000004,591.321731931697 7.477950000000001,46.975300000000004,526.271731931697</coordinates>
                    </LinearRing>
                  </outerBoundaryIs>
                </Polygon>
                <Polygon>
                  <altitudeMode>absolute</altitudeMode>
                  <outerBoundaryIs>
                    <LinearRing>
                      <coordinates>7.477950000000001,46.975300000000004,526.271731931697 7.477950000000001,46.975300000000004,591.321731931697 7.477950000000001,46.97455,591.321731931697 7.477950000000001,46.97455,526.271731931697</coordinates>
                    </LinearRing>
                  </outerBoundaryIs>
                </Polygon>
                <Polygon>
                  <altitudeMode>absolute</altitudeMode>
                  <outerBoundaryIs>
                    <LinearRing>
                      <coordinates>7.477950000000001,46.97455,526.271731931697 7.477950000000001,46.97455,591.321731931697 7.477500000000001,46.97455,591.321731931697 7.477500000000001,46.97455,526.271731931697</coordinates>
                    </LinearRing>
                  </outerBoundaryIs>
                </Polygon>
              </MultiGeometry>
            </Placemark>
          </Folder>
          <Folder>
            <name>E233: uss1 interuss.automated_testing.flight_planning.v1.UpsertFlightPlan</name>
            <Folder>
              <name>Activity Rejected, flight OkToFly</name>
              <Placemark>
                <name>Volume 0</name>
                <styleUrl>#InUse_Nominal</styleUrl>
                <TimeSpan>
                  <begin>2026-05-21T14:53:22.746563+00:00</begin>
                  <end>2026-05-21T15:38:23.746563+00:00</end>
                </TimeSpan>
                <MultiGeometry>
                  <Polygon>
                    <altitudeMode>absolute</altitudeMode>
                    <outerBoundaryIs>
                      <LinearRing>
                        <coordinates>7.4777000000000005,46.9746,556.3817081826726 7.4777000000000005,46.975300000000004,556.3817081826726 7.4779,46.974900000000005,556.3817081826726 7.47795,46.97455,556.3817081826726</coordinates>
                      </LinearRing>
                    </outerBoundaryIs>
                  </Polygon>
                  <Polygon>
                    <altitudeMode>absolute</altitudeMode>
                    <outerBoundaryIs>
                      <LinearRing>
                        <coordinates>7.4777000000000005,46.9746,591.3217081826726 7.4777000000000005,46.975300000000004,591.3217081826726 7.4779,46.974900000000005,591.3217081826726 7.47795,46.97455,591.3217081826726</coordinates>
                      </LinearRing>
                    </outerBoundaryIs>
                  </Polygon>
                  <Polygon>
                    <altitudeMode>absolute</altitudeMode>
                    <outerBoundaryIs>
                      <LinearRing>
                        <coordinates>7.4777000000000005,46.9746,556.3817081826726 7.4777000000000005,46.9746,591.3217081826726 7.4777000000000005,46.975300000000004,591.3217081826726 7.4777000000000005,46.975300000000004,556.3817081826726</coordinates>
                      </LinearRing>
                    </outerBoundaryIs>
                  </Polygon>
                  <Polygon>
                    <altitudeMode>absolute</altitudeMode>
                    <outerBoundaryIs>
                      <LinearRing>
                        <coordinates>7.4777000000000005,46.975300000000004,556.3817081826726 7.4777000000000005,46.975300000000004,591.3217081826726 7.4779,46.974900000000005,591.3217081826726 7.4779,46.974900000000005,556.3817081826726</coordinates>
                      </LinearRing>
                    </outerBoundaryIs>
                  </Polygon>
                  <Polygon>
                    <altitudeMode>absolute</altitudeMode>
                    <outerBoundaryIs>
                      <LinearRing>
                        <coordinates>7.4779,46.974900000000005,556.3817081826726 7.4779,46.974900000000005,591.3217081826726 7.47795,46.97455,591.3217081826726 7.47795,46.97455,556.3817081826726</coordinates>
                      </LinearRing>
                    </outerBoundaryIs>
                  </Polygon>
                  <Polygon>
                    <altitudeMode>absolute</altitudeMode>
                    <outerBoundaryIs>
                      <LinearRing>
                        <coordinates>7.47795,46.97455,556.3817081826726 7.47795,46.97455,591.3217081826726 7.4777000000000005,46.9746,591.3217081826726 7.4777000000000005,46.9746,556.3817081826726</coordinates>
                      </LinearRing>
                    </outerBoundaryIs>
                  </Polygon>
                </MultiGeometry>
              </Placemark>
            </Folder>
          </Folder>
          <Folder>
            <name>E236: uss1 astm.f3548.v21.dss.queryOperationalIntentReferences</name>
            <Placemark>
              <name>area_of_interest</name>
              <styleUrl>#QueryArea</styleUrl>
              <description><![CDATA[<ul><li>uss1's Activated 2546c8b7-a99b-4c58-b9e1-c18bf6a61afc[3]</li><li>uss1's Activated dc28227a-c5e4-4ea6-84d1-a85187717e47[3]</li></ul>]]></description>
              <TimeSpan>
                <begin>2026-05-21T14:53:22.746563+00:00</begin>
                <end>2026-05-21T15:38:23.746563+00:00</end>
              </TimeSpan>
              <MultiGeometry>
                <Polygon>
                  <altitudeMode>absolute</altitudeMode>
                  <outerBoundaryIs>
                    <LinearRing>
                      <coordinates>7.477500000000001,46.97455,526.271731931697 7.477500000000001,46.975300000000004,526.271731931697 7.477950000000001,46.975300000000004,526.271731931697 7.477950000000001,46.97455,526.271731931697</coordinates>
                    </LinearRing>
                  </outerBoundaryIs>
                </Polygon>
                <Polygon>
                  <altitudeMode>absolute</altitudeMode>
                  <outerBoundaryIs>
                    <LinearRing>
                      <coordinates>7.477500000000001,46.97455,591.321731931697 7.477500000000001,46.975300000000004,591.321731931697 7.477950000000001,46.975300000000004,591.321731931697 7.477950000000001,46.97455,591.321731931697</coordinates>
                    </LinearRing>
                  </outerBoundaryIs>
                </Polygon>
                <Polygon>
                  <altitudeMode>absolute</altitudeMode>
                  <outerBoundaryIs>
                    <LinearRing>
                      <coordinates>7.477500000000001,46.97455,526.271731931697 7.477500000000001,46.97455,591.321731931697 7.477500000000001,46.975300000000004,591.321731931697 7.477500000000001,46.975300000000004,526.271731931697</coordinates>
                    </LinearRing>
                  </outerBoundaryIs>
                </Polygon>
                <Polygon>
                  <altitudeMode>absolute</altitudeMode>
                  <outerBoundaryIs>
                    <LinearRing>
                      <coordinates>7.477500000000001,46.975300000000004,526.271731931697 7.477500000000001,46.975300000000004,591.321731931697 7.477950000000001,46.975300000000004,591.321731931697 7.477950000000001,46.975300000000004,526.271731931697</coordinates>
                    </LinearRing>
                  </outerBoundaryIs>
                </Polygon>
                <Polygon>
                  <altitudeMode>absolute</altitudeMode>
                  <outerBoundaryIs>
                    <LinearRing>
                      <coordinates>7.477950000000001,46.975300000000004,526.271731931697 7.477950000000001,46.975300000000004,591.321731931697 7.477950000000001,46.97455,591.321731931697 7.477950000000001,46.97455,526.271731931697</coordinates>
                    </LinearRing>
                  </outerBoundaryIs>
                </Polygon>
                <Polygon>
                  <altitudeMode>absolute</altitudeMode>
                  <outerBoundaryIs>
                    <LinearRing>
                      <coordinates>7.477950000000001,46.97455,526.271731931697 7.477950000000001,46.97455,591.321731931697 7.477500000000001,46.97455,591.321731931697 7.477500000000001,46.97455,526.271731931697</coordinates>
                    </LinearRing>
                  </outerBoundaryIs>
                </Polygon>
              </MultiGeometry>
            </Placemark>
          </Folder>
        </Folder>
      </Folder>
      <Folder>
        <name/>
        <Folder>
          <name>Cleanup</name>
        </Folder>
      </Folder>
    </Folder>
  </Document>
</kml>
