<kml xmlns="http://www.opengis.net/kml/2.2" xmlns:atom="http://www.w3.org/2005/Atom" xmlns:gx="http://www.google.com/kml/ext/2.2">
  <Document>
    <Style id="QueryArea">
      <LineStyle>
        <color>ffc0c000</color>
        <width>3</width>
      </LineStyle>
      <PolyStyle>
        <color>80ffffaa</color>
      </PolyStyle>
    </Style>
    <Style id="F3548v21Accepted">
      <LineStyle>
        <color>ff00c000</color>
        <width>3</width>
      </LineStyle>
      <PolyStyle>
        <color>80c0c0c0</color>
      </PolyStyle>
    </Style>
    <Style id="F3548v21Activated">
      <LineStyle>
        <color>ff00c000</color>
        <width>3</width>
      </LineStyle>
      <PolyStyle>
        <color>8000ff00</color>
      </PolyStyle>
    </Style>
    <Style id="F3548v21Nonconforming">
      <LineStyle>
        <color>ff00ffff</color>
        <width>5</width>
      </LineStyle>
      <PolyStyle>
        <color>8000ffff</color>
      </PolyStyle>
    </Style>
    <Style id="F3548v21Contingent">
      <LineStyle>
        <color>ff0000ff</color>
        <width>5</width>
      </LineStyle>
      <PolyStyle>
        <color>80ff0000ff</color>
      </PolyStyle>
    </Style>
    <Style id="F3548v21AcceptedFuture">
      <LineStyle>
        <color>80c0c0c0</color>
        <width>1</width>
      </LineStyle>
      <PolyStyle>
        <color>00000000</color>
      </PolyStyle>
    </Style>
    <Style id="F3548v21ActivatedFuture">
      <LineStyle>
        <color>8040c040</color>
        <width>1</width>
      </LineStyle>
      <PolyStyle>
        <color>00000000</color>
      </PolyStyle>
    </Style>
    <Style id="F3548v21NonconformingFuture">
      <LineStyle>
        <color>8000ffff</color>
        <width>1</width>
      </LineStyle>
      <PolyStyle>
        <color>00000000</color>
      </PolyStyle>
    </Style>
    <Style id="F3548v21ContingentFuture">
      <LineStyle>
        <color>80ff0000ff</color>
        <width>1</width>
      </LineStyle>
      <PolyStyle>
        <color>00000000</color>
      </PolyStyle>
    </Style>
    <Style id="Planned_Nominal">
      <LineStyle>
        <color>ff00c000</color>
        <width>3</width>
      </LineStyle>
      <PolyStyle>
        <color>80808080</color>
      </PolyStyle>
    </Style>
    <Style id="InUse_Nominal">
      <LineStyle>
        <color>ff00c000</color>
        <width>3</width>
      </LineStyle>
      <PolyStyle>
        <color>8000ff00</color>
      </PolyStyle>
    </Style>
    <Style id="InUse_OffNominal">
      <LineStyle>
        <color>ff00ffff</color>
        <width>5</width>
      </LineStyle>
      <PolyStyle>
        <color>8000ff00</color>
      </PolyStyle>
    </Style>
    <Style id="InUse_Contingent">
      <LineStyle>
        <color>ff0000ff</color>
        <width>5</width>
      </LineStyle>
      <PolyStyle>
        <color>8000ff00</color>
      </PolyStyle>
    </Style>
    <Style id="unmodifiedtelemetry">
      <IconStyle>
        <scale>1.4</scale>
        <Icon>
          <href>http://maps.google.com/mapfiles/kml/shapes/placemark_circle.png</href>
        </Icon>
      </IconStyle>
    </Style>
    <Style id="modifiedtelemetry">
      <IconStyle>
        <scale>1.4</scale>
        <Icon>
          <href>http://maps.google.com/mapfiles/kml/shapes/placemark_square.png</href>
        </Icon>
      </IconStyle>
    </Style>
    <Style id="aircraft">
      <IconStyle>
        <scale>1.4</scale>
        <Icon>
          <href>http://maps.google.com/mapfiles/kml/shapes/airports.png</href>
        </Icon>
      </IconStyle>
    </Style>
    <Folder>
      <name>ASTM NetRID Service Provider operator notification on missing fields</name>
      <Folder>
        <name>Missing fields flight</name>
        <Folder>
          <name>Retrieve pre-existing operator notification</name>
        </Folder>
        <Folder>
          <name>Injection</name>
          <Folder>
            <name>E4: uss1 interuss.automated_testing.rid.v1.injection.createTest</name>
            <Folder>
              <name>Test flight 20a91908-2fdb-4799-92f6-e741d87645a1</name>
              <Placemark>
                <name>Telemetry 0</name>
                <styleUrl>#modifiedtelemetry</styleUrl>
                <TimeSpan>
                  <begin>2026-05-21T14:55:44.779070+00:00</begin>
                  <end>2026-05-21T14:55:45.779070+00:00</end>
                </TimeSpan>
                <Point>
                  <coordinates>8.523321827032547,47.3715045208158,0</coordinates>
                </Point>
              </Placemark>
              <Placemark>
                <name>Telemetry 1</name>
                <styleUrl>#modifiedtelemetry</styleUrl>
                <TimeSpan>
                  <begin>2026-05-21T14:55:45.779070+00:00</begin>
                  <end>2026-05-21T14:55:46.779070+00:00</end>
                </TimeSpan>
                <Point>
                  <coordinates>8.523282890548819,47.371540881223694,0</coordinates>
                </Point>
              </Placemark>
              <Placemark>
                <name>Telemetry 2</name>
                <styleUrl>#modifiedtelemetry</styleUrl>
                <TimeSpan>
                  <begin>2026-05-21T14:55:46.779070+00:00</begin>
                  <end>2026-05-21T14:55:47.779070+00:00</end>
                </TimeSpan>
                <Point>
                  <coordinates>8.52324395406509,47.37157724163159,0</coordinates>
                </Point>
              </Placemark>
              <Placemark>
                <name>Telemetry 3</name>
                <styleUrl>#modifiedtelemetry</styleUrl>
                <TimeSpan>
                  <begin>2026-05-21T14:55:47.779070+00:00</begin>
                  <end>2026-05-21T14:55:48.779070+00:00</end>
                </TimeSpan>
                <Point>
                  <coordinates>8.523205017581365,47.37161360203949,0</coordinates>
                </Point>
              </Placemark>
              <Placemark>
                <name>Telemetry 4</name>
                <styleUrl>#modifiedtelemetry</styleUrl>
                <TimeSpan>
                  <begin>2026-05-21T14:55:48.779070+00:00</begin>
                  <end>2026-05-21T14:55:49.779070+00:00</end>
                </TimeSpan>
                <Point>
                  <coordinates>8.523166081097637,47.371649962447385,0</coordinates>
                </Point>
              </Placemark>
              <Placemark>
                <name>Telemetry 5</name>
                <styleUrl>#modifiedtelemetry</styleUrl>
                <TimeSpan>
                  <begin>2026-05-21T14:55:49.779070+00:00</begin>
                  <end>2026-05-21T14:55:50.779070+00:00</end>
                </TimeSpan>
                <Point>
                  <coordinates>8.523118769605144,47.37168134446735,0</coordinates>
                </Point>
              </Placemark>
              <Placemark>
                <name>Telemetry 6</name>
                <styleUrl>#modifiedtelemetry</styleUrl>
                <TimeSpan>
                  <begin>2026-05-21T14:55:50.779070+00:00</begin>
                  <end>2026-05-21T14:55:51.779070+00:00</end>
                </TimeSpan>
                <Point>
                  <coordinates>8.523070583658326,47.37171220668214,0</coordinates>
                </Point>
              </Placemark>
              <Placemark>
                <name>Telemetry 7</name>
                <styleUrl>#modifiedtelemetry</styleUrl>
                <TimeSpan>
                  <begin>2026-05-21T14:55:51.779070+00:00</begin>
                  <end>2026-05-21T14:55:52.779070+00:00</end>
                </TimeSpan>
                <Point>
                  <coordinates>8.523022397711506,47.371743068896926,0</coordinates>
                </Point>
              </Placemark>
              <Placemark>
                <name>Telemetry 8</name>
                <styleUrl>#modifiedtelemetry</styleUrl>
                <TimeSpan>
                  <begin>2026-05-21T14:55:52.779070+00:00</begin>
                  <end>2026-05-21T14:55:53.779070+00:00</end>
                </TimeSpan>
                <Point>
                  <coordinates>8.5229757392881,47.371774910132885,0</coordinates>
                </Point>
              </Placemark>
              <Placemark>
                <name>Telemetry 9</name>
                <styleUrl>#modifiedtelemetry</styleUrl>
                <TimeSpan>
                  <begin>2026-05-21T14:55:53.779070+00:00</begin>
                  <end>2026-05-21T14:55:54.779070+00:00</end>
                </TimeSpan>
                <Point>
                  <coordinates>8.522932891599606,47.371809193747204,0</coordinates>
                </Point>
              </Placemark>
              <Placemark>
                <name>Telemetry 10</name>
                <styleUrl>#modifiedtelemetry</styleUrl>
                <TimeSpan>
                  <begin>2026-05-21T14:55:54.779070+00:00</begin>
                  <end>2026-05-21T14:55:55.779070+00:00</end>
                </TimeSpan>
                <Point>
                  <coordinates>8.522890043911113,47.37184347736152,0</coordinates>
                </Point>
              </Placemark>
              <Placemark>
                <name>Telemetry 11</name>
                <styleUrl>#modifiedtelemetry</styleUrl>
                <TimeSpan>
                  <begin>2026-05-21T14:55:55.779070+00:00</begin>
                  <end>2026-05-21T14:55:56.779070+00:00</end>
                </TimeSpan>
                <Point>
                  <coordinates>8.52284719622262,47.37187776097584,0</coordinates>
                </Point>
              </Placemark>
              <Placemark>
                <name>Telemetry 12</name>
                <styleUrl>#modifiedtelemetry</styleUrl>
                <TimeSpan>
                  <begin>2026-05-21T14:55:56.779070+00:00</begin>
                  <end>2026-05-21T14:55:57.779070+00:00</end>
                </TimeSpan>
                <Point>
                  <coordinates>8.522804348534127,47.37191204459016,0</coordinates>
                </Point>
              </Placemark>
              <Placemark>
                <name>Telemetry 13</name>
                <styleUrl>#modifiedtelemetry</styleUrl>
                <TimeSpan>
                  <begin>2026-05-21T14:55:57.779070+00:00</begin>
                  <end>2026-05-21T14:55:58.779070+00:00</end>
                </TimeSpan>
                <Point>
                  <coordinates>8.522761500845634,47.37194632820448,0</coordinates>
                </Point>
              </Placemark>
              <Placemark>
                <name>Telemetry 14</name>
                <styleUrl>#modifiedtelemetry</styleUrl>
                <TimeSpan>
                  <begin>2026-05-21T14:55:58.779070+00:00</begin>
                  <end>2026-05-21T14:55:59.779070+00:00</end>
                </TimeSpan>
                <Point>
                  <coordinates>8.522718653157142,47.371980611818806,0</coordinates>
                </Point>
              </Placemark>
              <Placemark>
                <name>Telemetry 15</name>
                <styleUrl>#modifiedtelemetry</styleUrl>
                <TimeSpan>
                  <begin>2026-05-21T14:55:59.779070+00:00</begin>
                  <end>2026-05-21T14:56:00.779070+00:00</end>
                </TimeSpan>
                <Point>
                  <coordinates>8.522675805468648,47.372014895433125,0</coordinates>
                </Point>
              </Placemark>
              <Placemark>
                <name>Telemetry 16</name>
                <styleUrl>#modifiedtelemetry</styleUrl>
                <TimeSpan>
                  <begin>2026-05-21T14:56:00.779070+00:00</begin>
                  <end>2026-05-21T14:56:01.779070+00:00</end>
                </TimeSpan>
                <Point>
                  <coordinates>8.522630095760274,47.37204743572325,0</coordinates>
                </Point>
              </Placemark>
              <Placemark>
                <name>Telemetry 17</name>
                <styleUrl>#modifiedtelemetry</styleUrl>
                <TimeSpan>
                  <begin>2026-05-21T14:56:01.779070+00:00</begin>
                  <end>2026-05-21T14:56:02.779070+00:00</end>
                </TimeSpan>
                <Point>
                  <coordinates>8.522580799973472,47.372082380767935,0</coordinates>
                </Point>
              </Placemark>
              <Placemark>
                <name>Telemetry 18</name>
                <styleUrl>#modifiedtelemetry</styleUrl>
                <TimeSpan>
                  <begin>2026-05-21T14:56:02.779070+00:00</begin>
                  <end>2026-05-21T14:56:03.779070+00:00</end>
                </TimeSpan>
                <Point>
                  <coordinates>8.52253150418667,47.372117325812624,0</coordinates>
                </Point>
              </Placemark>
              <Placemark>
                <name>Telemetry 19</name>
                <styleUrl>#modifiedtelemetry</styleUrl>
                <TimeSpan>
                  <begin>2026-05-21T14:56:03.779070+00:00</begin>
                  <end>2026-05-21T14:56:04.779070+00:00</end>
                </TimeSpan>
                <Point>
                  <coordinates>8.52248220839987,47.372152270857306,0</coordinates>
                </Point>
              </Placemark>
              <Placemark>
                <name>Telemetry 20</name>
                <styleUrl>#modifiedtelemetry</styleUrl>
                <TimeSpan>
                  <begin>2026-05-21T14:56:04.779070+00:00</begin>
                  <end>2026-05-21T14:56:05.779070+00:00</end>
                </TimeSpan>
                <Point>
                  <coordinates>8.522432912613064,47.372187215901995,0</coordinates>
                </Point>
              </Placemark>
              <Placemark>
                <name>Telemetry 21</name>
                <styleUrl>#modifiedtelemetry</styleUrl>
                <TimeSpan>
                  <begin>2026-05-21T14:56:05.779070+00:00</begin>
                  <end>2026-05-21T14:56:06.779070+00:00</end>
                </TimeSpan>
                <Point>
                  <coordinates>8.522383616826263,47.37222216094668,0</coordinates>
                </Point>
              </Placemark>
              <Placemark>
                <name>Telemetry 22</name>
                <styleUrl>#modifiedtelemetry</styleUrl>
                <TimeSpan>
                  <begin>2026-05-21T14:56:06.779070+00:00</begin>
                  <end>2026-05-21T14:56:07.779070+00:00</end>
                </TimeSpan>
                <Point>
                  <coordinates>8.52233432103946,47.372257105991366,0</coordinates>
                </Point>
              </Placemark>
              <Placemark>
                <name>Telemetry 23</name>
                <styleUrl>#modifiedtelemetry</styleUrl>
                <TimeSpan>
                  <begin>2026-05-21T14:56:07.779070+00:00</begin>
                  <end>2026-05-21T14:56:08.779070+00:00</end>
                </TimeSpan>
                <Point>
                  <coordinates>8.52228502525266,47.37229205103605,0</coordinates>
                </Point>
              </Placemark>
              <Placemark>
                <name>Telemetry 24</name>
                <styleUrl>#modifiedtelemetry</styleUrl>
                <TimeSpan>
                  <begin>2026-05-21T14:56:08.779070+00:00</begin>
                  <end>2026-05-21T14:56:09.779070+00:00</end>
                </TimeSpan>
                <Point>
                  <coordinates>8.522235729465857,47.37232699608074,0</coordinates>
                </Point>
              </Placemark>
              <Placemark>
                <name>Telemetry 25</name>
                <styleUrl>#modifiedtelemetry</styleUrl>
                <TimeSpan>
                  <begin>2026-05-21T14:56:09.779070+00:00</begin>
                  <end>2026-05-21T14:56:10.779070+00:00</end>
                </TimeSpan>
                <Point>
                  <coordinates>8.522186433679055,47.37236194112542,0</coordinates>
                </Point>
              </Placemark>
              <Placemark>
                <name>Telemetry 26</name>
                <styleUrl>#modifiedtelemetry</styleUrl>
                <TimeSpan>
                  <begin>2026-05-21T14:56:10.779070+00:00</begin>
                  <end>2026-05-21T14:56:11.779070+00:00</end>
                </TimeSpan>
                <Point>
                  <coordinates>8.522137137892253,47.37239688617011,0</coordinates>
                </Point>
              </Placemark>
              <Placemark>
                <name>Telemetry 27</name>
                <styleUrl>#modifiedtelemetry</styleUrl>
                <TimeSpan>
                  <begin>2026-05-21T14:56:11.779070+00:00</begin>
                  <end>2026-05-21T14:56:12.779070+00:00</end>
                </TimeSpan>
                <Point>
                  <coordinates>8.522087838468211,47.37243182886079,0</coordinates>
                </Point>
              </Placemark>
              <Placemark>
                <name>Telemetry 28</name>
                <styleUrl>#modifiedtelemetry</styleUrl>
                <TimeSpan>
                  <begin>2026-05-21T14:56:12.779070+00:00</begin>
                  <end>2026-05-21T14:56:13.779070+00:00</end>
                </TimeSpan>
                <Point>
                  <coordinates>8.522032112466293,47.37247131013179,0</coordinates>
                </Point>
              </Placemark>
              <Placemark>
                <name>Telemetry 29</name>
                <styleUrl>#modifiedtelemetry</styleUrl>
                <TimeSpan>
                  <begin>2026-05-21T14:56:13.779070+00:00</begin>
                  <end>2026-05-21T14:56:14.779070+00:00</end>
                </TimeSpan>
                <Point>
                  <coordinates>8.521976386464376,47.37251079140279,0</coordinates>
                </Point>
              </Placemark>
              <Placemark>
                <name>Telemetry 30</name>
                <styleUrl>#modifiedtelemetry</styleUrl>
                <TimeSpan>
                  <begin>2026-05-21T14:56:14.779070+00:00</begin>
                  <end>2026-05-21T14:56:15.779070+00:00</end>
                </TimeSpan>
                <Point>
                  <coordinates>8.521920660462458,47.37255027267379,0</coordinates>
                </Point>
              </Placemark>
              <Placemark>
                <name>Telemetry 31</name>
                <styleUrl>#modifiedtelemetry</styleUrl>
                <TimeSpan>
                  <begin>2026-05-21T14:56:15.779070+00:00</begin>
                  <end>2026-05-21T14:56:16.779070+00:00</end>
                </TimeSpan>
                <Point>
                  <coordinates>8.521864934460542,47.37258975394479,0</coordinates>
                </Point>
              </Placemark>
              <Placemark>
                <name>Telemetry 32</name>
                <styleUrl>#modifiedtelemetry</styleUrl>
                <TimeSpan>
                  <begin>2026-05-21T14:56:16.779070+00:00</begin>
                  <end>2026-05-21T14:56:17.779070+00:00</end>
                </TimeSpan>
                <Point>
                  <coordinates>8.521809208458624,47.37262923521579,0</coordinates>
                </Point>
              </Placemark>
              <Placemark>
                <name>Telemetry 33</name>
                <styleUrl>#modifiedtelemetry</styleUrl>
                <TimeSpan>
                  <begin>2026-05-21T14:56:17.779070+00:00</begin>
                  <end>2026-05-21T14:56:18.779070+00:00</end>
                </TimeSpan>
                <Point>
                  <coordinates>8.521753482456708,47.372668716486785,0</coordinates>
                </Point>
              </Placemark>
              <Placemark>
                <name>Telemetry 34</name>
                <styleUrl>#modifiedtelemetry</styleUrl>
                <TimeSpan>
                  <begin>2026-05-21T14:56:18.779070+00:00</begin>
                  <end>2026-05-21T14:56:19.779070+00:00</end>
                </TimeSpan>
                <Point>
                  <coordinates>8.521697756454788,47.37270819775779,0</coordinates>
                </Point>
              </Placemark>
              <Placemark>
                <name>Telemetry 35</name>
                <styleUrl>#modifiedtelemetry</styleUrl>
                <TimeSpan>
                  <begin>2026-05-21T14:56:19.779070+00:00</begin>
                  <end>2026-05-21T14:56:20.779070+00:00</end>
                </TimeSpan>
                <Point>
                  <coordinates>8.52164203045287,47.372747679028784,0</coordinates>
                </Point>
              </Placemark>
              <Placemark>
                <name>Telemetry 36</name>
                <styleUrl>#modifiedtelemetry</styleUrl>
                <TimeSpan>
                  <begin>2026-05-21T14:56:20.779070+00:00</begin>
                  <end>2026-05-21T14:56:21.779070+00:00</end>
                </TimeSpan>
                <Point>
                  <coordinates>8.521586304450953,47.37278716029979,0</coordinates>
                </Point>
              </Placemark>
              <Placemark>
                <name>Telemetry 37</name>
                <styleUrl>#modifiedtelemetry</styleUrl>
                <TimeSpan>
                  <begin>2026-05-21T14:56:21.779070+00:00</begin>
                  <end>2026-05-21T14:56:22.779070+00:00</end>
                </TimeSpan>
                <Point>
                  <coordinates>8.521530578449035,47.37282664157078,0</coordinates>
                </Point>
              </Placemark>
              <Placemark>
                <name>Telemetry 38</name>
                <styleUrl>#modifiedtelemetry</styleUrl>
                <TimeSpan>
                  <begin>2026-05-21T14:56:22.779070+00:00</begin>
                  <end>2026-05-21T14:56:23.779070+00:00</end>
                </TimeSpan>
                <Point>
                  <coordinates>8.521474852447117,47.372866122841785,0</coordinates>
                </Point>
              </Placemark>
              <Placemark>
                <name>Telemetry 39</name>
                <styleUrl>#modifiedtelemetry</styleUrl>
                <TimeSpan>
                  <begin>2026-05-21T14:56:23.779070+00:00</begin>
                  <end>2026-05-21T14:56:24.779070+00:00</end>
                </TimeSpan>
                <Point>
                  <coordinates>8.5214191264452,47.37290560411278,0</coordinates>
                </Point>
              </Placemark>
              <Placemark>
                <name>Telemetry 40</name>
                <styleUrl>#modifiedtelemetry</styleUrl>
                <TimeSpan>
                  <begin>2026-05-21T14:56:24.779070+00:00</begin>
                  <end>2026-05-21T14:56:25.779070+00:00</end>
                </TimeSpan>
                <Point>
                  <coordinates>8.521363400443283,47.37294508538378,0</coordinates>
                </Point>
              </Placemark>
              <Placemark>
                <name>Telemetry 41</name>
                <styleUrl>#modifiedtelemetry</styleUrl>
                <TimeSpan>
                  <begin>2026-05-21T14:56:25.779070+00:00</begin>
                  <end>2026-05-21T14:56:26.779070+00:00</end>
                </TimeSpan>
                <Point>
                  <coordinates>8.521307674441365,47.37298456665478,0</coordinates>
                </Point>
              </Placemark>
              <Placemark>
                <name>Telemetry 42</name>
                <styleUrl>#modifiedtelemetry</styleUrl>
                <TimeSpan>
                  <begin>2026-05-21T14:56:26.779070+00:00</begin>
                  <end>2026-05-21T14:56:27.779070+00:00</end>
                </TimeSpan>
                <Point>
                  <coordinates>8.521251948439447,47.37302404792578,0</coordinates>
                </Point>
              </Placemark>
              <Placemark>
                <name>Telemetry 43</name>
                <styleUrl>#modifiedtelemetry</styleUrl>
                <TimeSpan>
                  <begin>2026-05-21T14:56:27.779070+00:00</begin>
                  <end>2026-05-21T14:56:28.779070+00:00</end>
                </TimeSpan>
                <Point>
                  <coordinates>8.52119622243753,47.37306352919678,0</coordinates>
                </Point>
              </Placemark>
              <Placemark>
                <name>Telemetry 44</name>
                <styleUrl>#modifiedtelemetry</styleUrl>
                <TimeSpan>
                  <begin>2026-05-21T14:56:28.779070+00:00</begin>
                  <end>2026-05-21T14:56:29.779070+00:00</end>
                </TimeSpan>
                <Point>
                  <coordinates>8.521140496435612,47.37310301046778,0</coordinates>
                </Point>
              </Placemark>
              <Placemark>
                <name>Telemetry 45</name>
                <styleUrl>#modifiedtelemetry</styleUrl>
                <TimeSpan>
                  <begin>2026-05-21T14:56:29.779070+00:00</begin>
                  <end>2026-05-21T14:56:30.779070+00:00</end>
                </TimeSpan>
                <Point>
                  <coordinates>8.521084770433694,47.373142491738776,0</coordinates>
                </Point>
              </Placemark>
              <Placemark>
                <name>Telemetry 46</name>
                <styleUrl>#modifiedtelemetry</styleUrl>
                <TimeSpan>
                  <begin>2026-05-21T14:56:30.779070+00:00</begin>
                  <end>2026-05-21T14:56:31.779070+00:00</end>
                </TimeSpan>
                <Point>
                  <coordinates>8.521029997240193,47.37318257084312,0</coordinates>
                </Point>
              </Placemark>
              <Placemark>
                <name>Telemetry 47</name>
                <styleUrl>#modifiedtelemetry</styleUrl>
                <TimeSpan>
                  <begin>2026-05-21T14:56:31.779070+00:00</begin>
                  <end>2026-05-21T14:56:32.779070+00:00</end>
                </TimeSpan>
                <Point>
                  <coordinates>8.520963533997929,47.37323270220549,0</coordinates>
                </Point>
              </Placemark>
              <Placemark>
                <name>Telemetry 48</name>
                <styleUrl>#modifiedtelemetry</styleUrl>
                <TimeSpan>
                  <begin>2026-05-21T14:56:32.779070+00:00</begin>
                  <end>2026-05-21T14:56:33.779070+00:00</end>
                </TimeSpan>
                <Point>
                  <coordinates>8.520897070755662,47.37328283356786,0</coordinates>
                </Point>
              </Placemark>
              <Placemark>
                <name>Telemetry 49</name>
                <styleUrl>#modifiedtelemetry</styleUrl>
                <TimeSpan>
                  <begin>2026-05-21T14:56:33.779070+00:00</begin>
                  <end>2026-05-21T14:56:34.779070+00:00</end>
                </TimeSpan>
                <Point>
                  <coordinates>8.520830607513398,47.37333296493023,0</coordinates>
                </Point>
              </Placemark>
              <Placemark>
                <name>Telemetry 50</name>
                <styleUrl>#modifiedtelemetry</styleUrl>
                <TimeSpan>
                  <begin>2026-05-21T14:56:34.779070+00:00</begin>
                  <end>2026-05-21T14:56:35.779070+00:00</end>
                </TimeSpan>
                <Point>
                  <coordinates>8.520764144271133,47.3733830962926,0</coordinates>
                </Point>
              </Placemark>
              <Placemark>
                <name>Telemetry 51</name>
                <styleUrl>#modifiedtelemetry</styleUrl>
                <TimeSpan>
                  <begin>2026-05-21T14:56:35.779070+00:00</begin>
                  <end>2026-05-21T14:56:36.779070+00:00</end>
                </TimeSpan>
                <Point>
                  <coordinates>8.520697681028867,47.37343322765497,0</coordinates>
                </Point>
              </Placemark>
              <Placemark>
                <name>Telemetry 52</name>
                <styleUrl>#modifiedtelemetry</styleUrl>
                <TimeSpan>
                  <begin>2026-05-21T14:56:36.779070+00:00</begin>
                  <end>2026-05-21T14:56:37.779070+00:00</end>
                </TimeSpan>
                <Point>
                  <coordinates>8.520631217786603,47.373483359017335,0</coordinates>
                </Point>
              </Placemark>
              <Placemark>
                <name>Telemetry 53</name>
                <styleUrl>#modifiedtelemetry</styleUrl>
                <TimeSpan>
                  <begin>2026-05-21T14:56:37.779070+00:00</begin>
                  <end>2026-05-21T14:56:38.779070+00:00</end>
                </TimeSpan>
                <Point>
                  <coordinates>8.520564754544338,47.37353349037971,0</coordinates>
                </Point>
              </Placemark>
              <Placemark>
                <name>Telemetry 54</name>
                <styleUrl>#modifiedtelemetry</styleUrl>
                <TimeSpan>
                  <begin>2026-05-21T14:56:38.779070+00:00</begin>
                  <end>2026-05-21T14:56:39.779070+00:00</end>
                </TimeSpan>
                <Point>
                  <coordinates>8.520498291302074,47.37358362174207,0</coordinates>
                </Point>
              </Placemark>
              <Placemark>
                <name>Telemetry 55</name>
                <styleUrl>#modifiedtelemetry</styleUrl>
                <TimeSpan>
                  <begin>2026-05-21T14:56:39.779070+00:00</begin>
                  <end>2026-05-21T14:56:40.779070+00:00</end>
                </TimeSpan>
                <Point>
                  <coordinates>8.520431828059808,47.37363375310444,0</coordinates>
                </Point>
              </Placemark>
              <Placemark>
                <name>Telemetry 56</name>
                <styleUrl>#modifiedtelemetry</styleUrl>
                <TimeSpan>
                  <begin>2026-05-21T14:56:40.779070+00:00</begin>
                  <end>2026-05-21T14:56:41.779070+00:00</end>
                </TimeSpan>
                <Point>
                  <coordinates>8.520365364817543,47.373683884466814,0</coordinates>
                </Point>
              </Placemark>
              <Placemark>
                <name>Telemetry 57</name>
                <styleUrl>#modifiedtelemetry</styleUrl>
                <TimeSpan>
                  <begin>2026-05-21T14:56:41.779070+00:00</begin>
                  <end>2026-05-21T14:56:42.779070+00:00</end>
                </TimeSpan>
                <Point>
                  <coordinates>8.520303903282091,47.37373680594896,0</coordinates>
                </Point>
              </Placemark>
              <Placemark>
                <name>Telemetry 58</name>
                <styleUrl>#modifiedtelemetry</styleUrl>
                <TimeSpan>
                  <begin>2026-05-21T14:56:42.779070+00:00</begin>
                  <end>2026-05-21T14:56:43.779070+00:00</end>
                </TimeSpan>
                <Point>
                  <coordinates>8.520235595452737,47.373798117289056,0</coordinates>
                </Point>
              </Placemark>
              <Placemark>
                <name>Telemetry 59</name>
                <styleUrl>#modifiedtelemetry</styleUrl>
                <TimeSpan>
                  <begin>2026-05-21T14:56:43.779070+00:00</begin>
                  <end>2026-05-21T14:56:44.779070+00:00</end>
                </TimeSpan>
                <Point>
                  <coordinates>8.520167287623382,47.373859428629146,0</coordinates>
                </Point>
              </Placemark>
              <Placemark>
                <name>Telemetry 60</name>
                <styleUrl>#modifiedtelemetry</styleUrl>
                <TimeSpan>
                  <begin>2026-05-21T14:56:44.779070+00:00</begin>
                  <end>2026-05-21T14:56:45.779070+00:00</end>
                </TimeSpan>
                <Point>
                  <coordinates>8.520098979794028,47.37392073996924,0</coordinates>
                </Point>
              </Placemark>
              <Placemark>
                <name>Telemetry 61</name>
                <styleUrl>#modifiedtelemetry</styleUrl>
                <TimeSpan>
                  <begin>2026-05-21T14:56:45.779070+00:00</begin>
                  <end>2026-05-21T14:56:46.779070+00:00</end>
                </TimeSpan>
                <Point>
                  <coordinates>8.520030671964673,47.37398205130934,0</coordinates>
                </Point>
              </Placemark>
              <Placemark>
                <name>Telemetry 62</name>
                <styleUrl>#modifiedtelemetry</styleUrl>
                <TimeSpan>
                  <begin>2026-05-21T14:56:46.779070+00:00</begin>
                  <end>2026-05-21T14:56:47.779070+00:00</end>
                </TimeSpan>
                <Point>
                  <coordinates>8.519962364135319,47.37404336264943,0</coordinates>
                </Point>
              </Placemark>
              <Placemark>
                <name>Telemetry 63</name>
                <styleUrl>#modifiedtelemetry</styleUrl>
                <TimeSpan>
                  <begin>2026-05-21T14:56:47.779070+00:00</begin>
                  <end>2026-05-21T14:56:48.779070+00:00</end>
                </TimeSpan>
                <Point>
                  <coordinates>8.519895098918301,47.374105167193115,0</coordinates>
                </Point>
              </Placemark>
            </Folder>
          </Folder>
        </Folder>
        <Folder>
          <name>Service Provider polling</name>
        </Folder>
        <Folder>
          <name>Service Provider polling</name>
        </Folder>
        <Folder>
          <name>Service Provider polling</name>
        </Folder>
        <Folder>
          <name>Service Provider polling</name>
        </Folder>
        <Folder>
          <name>Service Provider polling</name>
        </Folder>
        <Folder>
          <name>Verify operator notification</name>
        </Folder>
        <Folder>
          <name>Intermediate cleanup</name>
        </Folder>
        <Folder>
          <name>Retrieve pre-existing operator notification</name>
        </Folder>
        <Folder>
          <name>Injection</name>
          <Folder>
            <name>E24: uss1 interuss.automated_testing.rid.v1.injection.createTest</name>
            <Folder>
              <name>Test flight 7a83ad1e-59bb-4df0-a7e9-c7142b9caaa0</name>
              <Placemark>
                <name>Telemetry 0</name>
                <styleUrl>#modifiedtelemetry</styleUrl>
                <TimeSpan>
                  <begin>2026-05-21T14:55:55.312401+00:00</begin>
                  <end>2026-05-21T14:55:56.312401+00:00</end>
                </TimeSpan>
                <Point>
                  <coordinates>8.523321827032547,47.3715045208158,0</coordinates>
                </Point>
              </Placemark>
              <Placemark>
                <name>Telemetry 1</name>
                <styleUrl>#modifiedtelemetry</styleUrl>
                <TimeSpan>
                  <begin>2026-05-21T14:55:56.312401+00:00</begin>
                  <end>2026-05-21T14:55:57.312401+00:00</end>
                </TimeSpan>
                <Point>
                  <coordinates>8.523282890548819,47.371540881223694,0</coordinates>
                </Point>
              </Placemark>
              <Placemark>
                <name>Telemetry 2</name>
                <styleUrl>#modifiedtelemetry</styleUrl>
                <TimeSpan>
                  <begin>2026-05-21T14:55:57.312401+00:00</begin>
                  <end>2026-05-21T14:55:58.312401+00:00</end>
                </TimeSpan>
                <Point>
                  <coordinates>8.52324395406509,47.37157724163159,0</coordinates>
                </Point>
              </Placemark>
              <Placemark>
                <name>Telemetry 3</name>
                <styleUrl>#modifiedtelemetry</styleUrl>
                <TimeSpan>
                  <begin>2026-05-21T14:55:58.312401+00:00</begin>
                  <end>2026-05-21T14:55:59.312401+00:00</end>
                </TimeSpan>
                <Point>
                  <coordinates>8.523205017581365,47.37161360203949,0</coordinates>
                </Point>
              </Placemark>
              <Placemark>
                <name>Telemetry 4</name>
                <styleUrl>#modifiedtelemetry</styleUrl>
                <TimeSpan>
                  <begin>2026-05-21T14:55:59.312401+00:00</begin>
                  <end>2026-05-21T14:56:00.312401+00:00</end>
                </TimeSpan>
                <Point>
                  <coordinates>8.523166081097637,47.371649962447385,0</coordinates>
                </Point>
              </Placemark>
              <Placemark>
                <name>Telemetry 5</name>
                <styleUrl>#modifiedtelemetry</styleUrl>
                <TimeSpan>
                  <begin>2026-05-21T14:56:00.312401+00:00</begin>
                  <end>2026-05-21T14:56:01.312401+00:00</end>
                </TimeSpan>
                <Point>
                  <coordinates>8.523118769605144,47.37168134446735,0</coordinates>
                </Point>
              </Placemark>
              <Placemark>
                <name>Telemetry 6</name>
                <styleUrl>#modifiedtelemetry</styleUrl>
                <TimeSpan>
                  <begin>2026-05-21T14:56:01.312401+00:00</begin>
                  <end>2026-05-21T14:56:02.312401+00:00</end>
                </TimeSpan>
                <Point>
                  <coordinates>8.523070583658326,47.37171220668214,0</coordinates>
                </Point>
              </Placemark>
              <Placemark>
                <name>Telemetry 7</name>
                <styleUrl>#modifiedtelemetry</styleUrl>
                <TimeSpan>
                  <begin>2026-05-21T14:56:02.312401+00:00</begin>
                  <end>2026-05-21T14:56:03.312401+00:00</end>
                </TimeSpan>
                <Point>
                  <coordinates>8.523022397711506,47.371743068896926,0</coordinates>
                </Point>
              </Placemark>
              <Placemark>
                <name>Telemetry 8</name>
                <styleUrl>#modifiedtelemetry</styleUrl>
                <TimeSpan>
                  <begin>2026-05-21T14:56:03.312401+00:00</begin>
                  <end>2026-05-21T14:56:04.312401+00:00</end>
                </TimeSpan>
                <Point>
                  <coordinates>8.5229757392881,47.371774910132885,0</coordinates>
                </Point>
              </Placemark>
              <Placemark>
                <name>Telemetry 9</name>
                <styleUrl>#modifiedtelemetry</styleUrl>
                <TimeSpan>
                  <begin>2026-05-21T14:56:04.312401+00:00</begin>
                  <end>2026-05-21T14:56:05.312401+00:00</end>
                </TimeSpan>
                <Point>
                  <coordinates>8.522932891599606,47.371809193747204,0</coordinates>
                </Point>
              </Placemark>
              <Placemark>
                <name>Telemetry 10</name>
                <styleUrl>#modifiedtelemetry</styleUrl>
                <TimeSpan>
                  <begin>2026-05-21T14:56:05.312401+00:00</begin>
                  <end>2026-05-21T14:56:06.312401+00:00</end>
                </TimeSpan>
                <Point>
                  <coordinates>8.522890043911113,47.37184347736152,0</coordinates>
                </Point>
              </Placemark>
              <Placemark>
                <name>Telemetry 11</name>
                <styleUrl>#modifiedtelemetry</styleUrl>
                <TimeSpan>
                  <begin>2026-05-21T14:56:06.312401+00:00</begin>
                  <end>2026-05-21T14:56:07.312401+00:00</end>
                </TimeSpan>
                <Point>
                  <coordinates>8.52284719622262,47.37187776097584,0</coordinates>
                </Point>
              </Placemark>
              <Placemark>
                <name>Telemetry 12</name>
                <styleUrl>#modifiedtelemetry</styleUrl>
                <TimeSpan>
                  <begin>2026-05-21T14:56:07.312401+00:00</begin>
                  <end>2026-05-21T14:56:08.312401+00:00</end>
                </TimeSpan>
                <Point>
                  <coordinates>8.522804348534127,47.37191204459016,0</coordinates>
                </Point>
              </Placemark>
              <Placemark>
                <name>Telemetry 13</name>
                <styleUrl>#modifiedtelemetry</styleUrl>
                <TimeSpan>
                  <begin>2026-05-21T14:56:08.312401+00:00</begin>
                  <end>2026-05-21T14:56:09.312401+00:00</end>
                </TimeSpan>
                <Point>
                  <coordinates>8.522761500845634,47.37194632820448,0</coordinates>
                </Point>
              </Placemark>
              <Placemark>
                <name>Telemetry 14</name>
                <styleUrl>#modifiedtelemetry</styleUrl>
                <TimeSpan>
                  <begin>2026-05-21T14:56:09.312401+00:00</begin>
                  <end>2026-05-21T14:56:10.312401+00:00</end>
                </TimeSpan>
                <Point>
                  <coordinates>8.522718653157142,47.371980611818806,0</coordinates>
                </Point>
              </Placemark>
              <Placemark>
                <name>Telemetry 15</name>
                <styleUrl>#modifiedtelemetry</styleUrl>
                <TimeSpan>
                  <begin>2026-05-21T14:56:10.312401+00:00</begin>
                  <end>2026-05-21T14:56:11.312401+00:00</end>
                </TimeSpan>
                <Point>
                  <coordinates>8.522675805468648,47.372014895433125,0</coordinates>
                </Point>
              </Placemark>
              <Placemark>
                <name>Telemetry 16</name>
                <styleUrl>#modifiedtelemetry</styleUrl>
                <TimeSpan>
                  <begin>2026-05-21T14:56:11.312401+00:00</begin>
                  <end>2026-05-21T14:56:12.312401+00:00</end>
                </TimeSpan>
                <Point>
                  <coordinates>8.522630095760274,47.37204743572325,0</coordinates>
                </Point>
              </Placemark>
              <Placemark>
                <name>Telemetry 17</name>
                <styleUrl>#modifiedtelemetry</styleUrl>
                <TimeSpan>
                  <begin>2026-05-21T14:56:12.312401+00:00</begin>
                  <end>2026-05-21T14:56:13.312401+00:00</end>
                </TimeSpan>
                <Point>
                  <coordinates>8.522580799973472,47.372082380767935,0</coordinates>
                </Point>
              </Placemark>
              <Placemark>
                <name>Telemetry 18</name>
                <styleUrl>#modifiedtelemetry</styleUrl>
                <TimeSpan>
                  <begin>2026-05-21T14:56:13.312401+00:00</begin>
                  <end>2026-05-21T14:56:14.312401+00:00</end>
                </TimeSpan>
                <Point>
                  <coordinates>8.52253150418667,47.372117325812624,0</coordinates>
                </Point>
              </Placemark>
              <Placemark>
                <name>Telemetry 19</name>
                <styleUrl>#modifiedtelemetry</styleUrl>
                <TimeSpan>
                  <begin>2026-05-21T14:56:14.312401+00:00</begin>
                  <end>2026-05-21T14:56:15.312401+00:00</end>
                </TimeSpan>
                <Point>
                  <coordinates>8.52248220839987,47.372152270857306,0</coordinates>
                </Point>
              </Placemark>
              <Placemark>
                <name>Telemetry 20</name>
                <styleUrl>#modifiedtelemetry</styleUrl>
                <TimeSpan>
                  <begin>2026-05-21T14:56:15.312401+00:00</begin>
                  <end>2026-05-21T14:56:16.312401+00:00</end>
                </TimeSpan>
                <Point>
                  <coordinates>8.522432912613064,47.372187215901995,0</coordinates>
                </Point>
              </Placemark>
              <Placemark>
                <name>Telemetry 21</name>
                <styleUrl>#modifiedtelemetry</styleUrl>
                <TimeSpan>
                  <begin>2026-05-21T14:56:16.312401+00:00</begin>
                  <end>2026-05-21T14:56:17.312401+00:00</end>
                </TimeSpan>
                <Point>
                  <coordinates>8.522383616826263,47.37222216094668,0</coordinates>
                </Point>
              </Placemark>
              <Placemark>
                <name>Telemetry 22</name>
                <styleUrl>#modifiedtelemetry</styleUrl>
                <TimeSpan>
                  <begin>2026-05-21T14:56:17.312401+00:00</begin>
                  <end>2026-05-21T14:56:18.312401+00:00</end>
                </TimeSpan>
                <Point>
                  <coordinates>8.52233432103946,47.372257105991366,0</coordinates>
                </Point>
              </Placemark>
              <Placemark>
                <name>Telemetry 23</name>
                <styleUrl>#modifiedtelemetry</styleUrl>
                <TimeSpan>
                  <begin>2026-05-21T14:56:18.312401+00:00</begin>
                  <end>2026-05-21T14:56:19.312401+00:00</end>
                </TimeSpan>
                <Point>
                  <coordinates>8.52228502525266,47.37229205103605,0</coordinates>
                </Point>
              </Placemark>
              <Placemark>
                <name>Telemetry 24</name>
                <styleUrl>#modifiedtelemetry</styleUrl>
                <TimeSpan>
                  <begin>2026-05-21T14:56:19.312401+00:00</begin>
                  <end>2026-05-21T14:56:20.312401+00:00</end>
                </TimeSpan>
                <Point>
                  <coordinates>8.522235729465857,47.37232699608074,0</coordinates>
                </Point>
              </Placemark>
              <Placemark>
                <name>Telemetry 25</name>
                <styleUrl>#modifiedtelemetry</styleUrl>
                <TimeSpan>
                  <begin>2026-05-21T14:56:20.312401+00:00</begin>
                  <end>2026-05-21T14:56:21.312401+00:00</end>
                </TimeSpan>
                <Point>
                  <coordinates>8.522186433679055,47.37236194112542,0</coordinates>
                </Point>
              </Placemark>
              <Placemark>
                <name>Telemetry 26</name>
                <styleUrl>#modifiedtelemetry</styleUrl>
                <TimeSpan>
                  <begin>2026-05-21T14:56:21.312401+00:00</begin>
                  <end>2026-05-21T14:56:22.312401+00:00</end>
                </TimeSpan>
                <Point>
                  <coordinates>8.522137137892253,47.37239688617011,0</coordinates>
                </Point>
              </Placemark>
              <Placemark>
                <name>Telemetry 27</name>
                <styleUrl>#modifiedtelemetry</styleUrl>
                <TimeSpan>
                  <begin>2026-05-21T14:56:22.312401+00:00</begin>
                  <end>2026-05-21T14:56:23.312401+00:00</end>
                </TimeSpan>
                <Point>
                  <coordinates>8.522087838468211,47.37243182886079,0</coordinates>
                </Point>
              </Placemark>
              <Placemark>
                <name>Telemetry 28</name>
                <styleUrl>#modifiedtelemetry</styleUrl>
                <TimeSpan>
                  <begin>2026-05-21T14:56:23.312401+00:00</begin>
                  <end>2026-05-21T14:56:24.312401+00:00</end>
                </TimeSpan>
                <Point>
                  <coordinates>8.522032112466293,47.37247131013179,0</coordinates>
                </Point>
              </Placemark>
              <Placemark>
                <name>Telemetry 29</name>
                <styleUrl>#modifiedtelemetry</styleUrl>
                <TimeSpan>
                  <begin>2026-05-21T14:56:24.312401+00:00</begin>
                  <end>2026-05-21T14:56:25.312401+00:00</end>
                </TimeSpan>
                <Point>
                  <coordinates>8.521976386464376,47.37251079140279,0</coordinates>
                </Point>
              </Placemark>
              <Placemark>
                <name>Telemetry 30</name>
                <styleUrl>#modifiedtelemetry</styleUrl>
                <TimeSpan>
                  <begin>2026-05-21T14:56:25.312401+00:00</begin>
                  <end>2026-05-21T14:56:26.312401+00:00</end>
                </TimeSpan>
                <Point>
                  <coordinates>8.521920660462458,47.37255027267379,0</coordinates>
                </Point>
              </Placemark>
              <Placemark>
                <name>Telemetry 31</name>
                <styleUrl>#modifiedtelemetry</styleUrl>
                <TimeSpan>
                  <begin>2026-05-21T14:56:26.312401+00:00</begin>
                  <end>2026-05-21T14:56:27.312401+00:00</end>
                </TimeSpan>
                <Point>
                  <coordinates>8.521864934460542,47.37258975394479,0</coordinates>
                </Point>
              </Placemark>
              <Placemark>
                <name>Telemetry 32</name>
                <styleUrl>#modifiedtelemetry</styleUrl>
                <TimeSpan>
                  <begin>2026-05-21T14:56:27.312401+00:00</begin>
                  <end>2026-05-21T14:56:28.312401+00:00</end>
                </TimeSpan>
                <Point>
                  <coordinates>8.521809208458624,47.37262923521579,0</coordinates>
                </Point>
              </Placemark>
              <Placemark>
                <name>Telemetry 33</name>
                <styleUrl>#modifiedtelemetry</styleUrl>
                <TimeSpan>
                  <begin>2026-05-21T14:56:28.312401+00:00</begin>
                  <end>2026-05-21T14:56:29.312401+00:00</end>
                </TimeSpan>
                <Point>
                  <coordinates>8.521753482456708,47.372668716486785,0</coordinates>
                </Point>
              </Placemark>
              <Placemark>
                <name>Telemetry 34</name>
                <styleUrl>#modifiedtelemetry</styleUrl>
                <TimeSpan>
                  <begin>2026-05-21T14:56:29.312401+00:00</begin>
                  <end>2026-05-21T14:56:30.312401+00:00</end>
                </TimeSpan>
                <Point>
                  <coordinates>8.521697756454788,47.37270819775779,0</coordinates>
                </Point>
              </Placemark>
              <Placemark>
                <name>Telemetry 35</name>
                <styleUrl>#modifiedtelemetry</styleUrl>
                <TimeSpan>
                  <begin>2026-05-21T14:56:30.312401+00:00</begin>
                  <end>2026-05-21T14:56:31.312401+00:00</end>
                </TimeSpan>
                <Point>
                  <coordinates>8.52164203045287,47.372747679028784,0</coordinates>
                </Point>
              </Placemark>
              <Placemark>
                <name>Telemetry 36</name>
                <styleUrl>#modifiedtelemetry</styleUrl>
                <TimeSpan>
                  <begin>2026-05-21T14:56:31.312401+00:00</begin>
                  <end>2026-05-21T14:56:32.312401+00:00</end>
                </TimeSpan>
                <Point>
                  <coordinates>8.521586304450953,47.37278716029979,0</coordinates>
                </Point>
              </Placemark>
              <Placemark>
                <name>Telemetry 37</name>
                <styleUrl>#modifiedtelemetry</styleUrl>
                <TimeSpan>
                  <begin>2026-05-21T14:56:32.312401+00:00</begin>
                  <end>2026-05-21T14:56:33.312401+00:00</end>
                </TimeSpan>
                <Point>
                  <coordinates>8.521530578449035,47.37282664157078,0</coordinates>
                </Point>
              </Placemark>
              <Placemark>
                <name>Telemetry 38</name>
                <styleUrl>#modifiedtelemetry</styleUrl>
                <TimeSpan>
                  <begin>2026-05-21T14:56:33.312401+00:00</begin>
                  <end>2026-05-21T14:56:34.312401+00:00</end>
                </TimeSpan>
                <Point>
                  <coordinates>8.521474852447117,47.372866122841785,0</coordinates>
                </Point>
              </Placemark>
              <Placemark>
                <name>Telemetry 39</name>
                <styleUrl>#modifiedtelemetry</styleUrl>
                <TimeSpan>
                  <begin>2026-05-21T14:56:34.312401+00:00</begin>
                  <end>2026-05-21T14:56:35.312401+00:00</end>
                </TimeSpan>
                <Point>
                  <coordinates>8.5214191264452,47.37290560411278,0</coordinates>
                </Point>
              </Placemark>
              <Placemark>
                <name>Telemetry 40</name>
                <styleUrl>#modifiedtelemetry</styleUrl>
                <TimeSpan>
                  <begin>2026-05-21T14:56:35.312401+00:00</begin>
                  <end>2026-05-21T14:56:36.312401+00:00</end>
                </TimeSpan>
                <Point>
                  <coordinates>8.521363400443283,47.37294508538378,0</coordinates>
                </Point>
              </Placemark>
              <Placemark>
                <name>Telemetry 41</name>
                <styleUrl>#modifiedtelemetry</styleUrl>
                <TimeSpan>
                  <begin>2026-05-21T14:56:36.312401+00:00</begin>
                  <end>2026-05-21T14:56:37.312401+00:00</end>
                </TimeSpan>
                <Point>
                  <coordinates>8.521307674441365,47.37298456665478,0</coordinates>
                </Point>
              </Placemark>
              <Placemark>
                <name>Telemetry 42</name>
                <styleUrl>#modifiedtelemetry</styleUrl>
                <TimeSpan>
                  <begin>2026-05-21T14:56:37.312401+00:00</begin>
                  <end>2026-05-21T14:56:38.312401+00:00</end>
                </TimeSpan>
                <Point>
                  <coordinates>8.521251948439447,47.37302404792578,0</coordinates>
                </Point>
              </Placemark>
              <Placemark>
                <name>Telemetry 43</name>
                <styleUrl>#modifiedtelemetry</styleUrl>
                <TimeSpan>
                  <begin>2026-05-21T14:56:38.312401+00:00</begin>
                  <end>2026-05-21T14:56:39.312401+00:00</end>
                </TimeSpan>
                <Point>
                  <coordinates>8.52119622243753,47.37306352919678,0</coordinates>
                </Point>
              </Placemark>
              <Placemark>
                <name>Telemetry 44</name>
                <styleUrl>#modifiedtelemetry</styleUrl>
                <TimeSpan>
                  <begin>2026-05-21T14:56:39.312401+00:00</begin>
                  <end>2026-05-21T14:56:40.312401+00:00</end>
                </TimeSpan>
                <Point>
                  <coordinates>8.521140496435612,47.37310301046778,0</coordinates>
                </Point>
              </Placemark>
              <Placemark>
                <name>Telemetry 45</name>
                <styleUrl>#modifiedtelemetry</styleUrl>
                <TimeSpan>
                  <begin>2026-05-21T14:56:40.312401+00:00</begin>
                  <end>2026-05-21T14:56:41.312401+00:00</end>
                </TimeSpan>
                <Point>
                  <coordinates>8.521084770433694,47.373142491738776,0</coordinates>
                </Point>
              </Placemark>
              <Placemark>
                <name>Telemetry 46</name>
                <styleUrl>#modifiedtelemetry</styleUrl>
                <TimeSpan>
                  <begin>2026-05-21T14:56:41.312401+00:00</begin>
                  <end>2026-05-21T14:56:42.312401+00:00</end>
                </TimeSpan>
                <Point>
                  <coordinates>8.521029997240193,47.37318257084312,0</coordinates>
                </Point>
              </Placemark>
              <Placemark>
                <name>Telemetry 47</name>
                <styleUrl>#modifiedtelemetry</styleUrl>
                <TimeSpan>
                  <begin>2026-05-21T14:56:42.312401+00:00</begin>
                  <end>2026-05-21T14:56:43.312401+00:00</end>
                </TimeSpan>
                <Point>
                  <coordinates>8.520963533997929,47.37323270220549,0</coordinates>
                </Point>
              </Placemark>
              <Placemark>
                <name>Telemetry 48</name>
                <styleUrl>#modifiedtelemetry</styleUrl>
                <TimeSpan>
                  <begin>2026-05-21T14:56:43.312401+00:00</begin>
                  <end>2026-05-21T14:56:44.312401+00:00</end>
                </TimeSpan>
                <Point>
                  <coordinates>8.520897070755662,47.37328283356786,0</coordinates>
                </Point>
              </Placemark>
              <Placemark>
                <name>Telemetry 49</name>
                <styleUrl>#modifiedtelemetry</styleUrl>
                <TimeSpan>
                  <begin>2026-05-21T14:56:44.312401+00:00</begin>
                  <end>2026-05-21T14:56:45.312401+00:00</end>
                </TimeSpan>
                <Point>
                  <coordinates>8.520830607513398,47.37333296493023,0</coordinates>
                </Point>
              </Placemark>
              <Placemark>
                <name>Telemetry 50</name>
                <styleUrl>#modifiedtelemetry</styleUrl>
                <TimeSpan>
                  <begin>2026-05-21T14:56:45.312401+00:00</begin>
                  <end>2026-05-21T14:56:46.312401+00:00</end>
                </TimeSpan>
                <Point>
                  <coordinates>8.520764144271133,47.3733830962926,0</coordinates>
                </Point>
              </Placemark>
              <Placemark>
                <name>Telemetry 51</name>
                <styleUrl>#modifiedtelemetry</styleUrl>
                <TimeSpan>
                  <begin>2026-05-21T14:56:46.312401+00:00</begin>
                  <end>2026-05-21T14:56:47.312401+00:00</end>
                </TimeSpan>
                <Point>
                  <coordinates>8.520697681028867,47.37343322765497,0</coordinates>
                </Point>
              </Placemark>
              <Placemark>
                <name>Telemetry 52</name>
                <styleUrl>#modifiedtelemetry</styleUrl>
                <TimeSpan>
                  <begin>2026-05-21T14:56:47.312401+00:00</begin>
                  <end>2026-05-21T14:56:48.312401+00:00</end>
                </TimeSpan>
                <Point>
                  <coordinates>8.520631217786603,47.373483359017335,0</coordinates>
                </Point>
              </Placemark>
              <Placemark>
                <name>Telemetry 53</name>
                <styleUrl>#modifiedtelemetry</styleUrl>
                <TimeSpan>
                  <begin>2026-05-21T14:56:48.312401+00:00</begin>
                  <end>2026-05-21T14:56:49.312401+00:00</end>
                </TimeSpan>
                <Point>
                  <coordinates>8.520564754544338,47.37353349037971,0</coordinates>
                </Point>
              </Placemark>
              <Placemark>
                <name>Telemetry 54</name>
                <styleUrl>#modifiedtelemetry</styleUrl>
                <TimeSpan>
                  <begin>2026-05-21T14:56:49.312401+00:00</begin>
                  <end>2026-05-21T14:56:50.312401+00:00</end>
                </TimeSpan>
                <Point>
                  <coordinates>8.520498291302074,47.37358362174207,0</coordinates>
                </Point>
              </Placemark>
              <Placemark>
                <name>Telemetry 55</name>
                <styleUrl>#modifiedtelemetry</styleUrl>
                <TimeSpan>
                  <begin>2026-05-21T14:56:50.312401+00:00</begin>
                  <end>2026-05-21T14:56:51.312401+00:00</end>
                </TimeSpan>
                <Point>
                  <coordinates>8.520431828059808,47.37363375310444,0</coordinates>
                </Point>
              </Placemark>
              <Placemark>
                <name>Telemetry 56</name>
                <styleUrl>#modifiedtelemetry</styleUrl>
                <TimeSpan>
                  <begin>2026-05-21T14:56:51.312401+00:00</begin>
                  <end>2026-05-21T14:56:52.312401+00:00</end>
                </TimeSpan>
                <Point>
                  <coordinates>8.520365364817543,47.373683884466814,0</coordinates>
                </Point>
              </Placemark>
              <Placemark>
                <name>Telemetry 57</name>
                <styleUrl>#modifiedtelemetry</styleUrl>
                <TimeSpan>
                  <begin>2026-05-21T14:56:52.312401+00:00</begin>
                  <end>2026-05-21T14:56:53.312401+00:00</end>
                </TimeSpan>
                <Point>
                  <coordinates>8.520303903282091,47.37373680594896,0</coordinates>
                </Point>
              </Placemark>
              <Placemark>
                <name>Telemetry 58</name>
                <styleUrl>#modifiedtelemetry</styleUrl>
                <TimeSpan>
                  <begin>2026-05-21T14:56:53.312401+00:00</begin>
                  <end>2026-05-21T14:56:54.312401+00:00</end>
                </TimeSpan>
                <Point>
                  <coordinates>8.520235595452737,47.373798117289056,0</coordinates>
                </Point>
              </Placemark>
              <Placemark>
                <name>Telemetry 59</name>
                <styleUrl>#modifiedtelemetry</styleUrl>
                <TimeSpan>
                  <begin>2026-05-21T14:56:54.312401+00:00</begin>
                  <end>2026-05-21T14:56:55.312401+00:00</end>
                </TimeSpan>
                <Point>
                  <coordinates>8.520167287623382,47.373859428629146,0</coordinates>
                </Point>
              </Placemark>
              <Placemark>
                <name>Telemetry 60</name>
                <styleUrl>#modifiedtelemetry</styleUrl>
                <TimeSpan>
                  <begin>2026-05-21T14:56:55.312401+00:00</begin>
                  <end>2026-05-21T14:56:56.312401+00:00</end>
                </TimeSpan>
                <Point>
                  <coordinates>8.520098979794028,47.37392073996924,0</coordinates>
                </Point>
              </Placemark>
              <Placemark>
                <name>Telemetry 61</name>
                <styleUrl>#modifiedtelemetry</styleUrl>
                <TimeSpan>
                  <begin>2026-05-21T14:56:56.312401+00:00</begin>
                  <end>2026-05-21T14:56:57.312401+00:00</end>
                </TimeSpan>
                <Point>
                  <coordinates>8.520030671964673,47.37398205130934,0</coordinates>
                </Point>
              </Placemark>
              <Placemark>
                <name>Telemetry 62</name>
                <styleUrl>#modifiedtelemetry</styleUrl>
                <TimeSpan>
                  <begin>2026-05-21T14:56:57.312401+00:00</begin>
                  <end>2026-05-21T14:56:58.312401+00:00</end>
                </TimeSpan>
                <Point>
                  <coordinates>8.519962364135319,47.37404336264943,0</coordinates>
                </Point>
              </Placemark>
              <Placemark>
                <name>Telemetry 63</name>
                <styleUrl>#modifiedtelemetry</styleUrl>
                <TimeSpan>
                  <begin>2026-05-21T14:56:58.312401+00:00</begin>
                  <end>2026-05-21T14:56:59.312401+00:00</end>
                </TimeSpan>
                <Point>
                  <coordinates>8.519895098918301,47.374105167193115,0</coordinates>
                </Point>
              </Placemark>
            </Folder>
          </Folder>
        </Folder>
        <Folder>
          <name>Service Provider polling</name>
        </Folder>
        <Folder>
          <name>Service Provider polling</name>
        </Folder>
        <Folder>
          <name>Service Provider polling</name>
        </Folder>
        <Folder>
          <name>Service Provider polling</name>
        </Folder>
        <Folder>
          <name>Service Provider polling</name>
        </Folder>
        <Folder>
          <name>Verify operator notification</name>
        </Folder>
        <Folder>
          <name>Intermediate cleanup</name>
        </Folder>
        <Folder>
          <name>Retrieve pre-existing operator notification</name>
        </Folder>
        <Folder>
          <name>Injection</name>
          <Folder>
            <name>E44: uss1 interuss.automated_testing.rid.v1.injection.createTest</name>
            <Folder>
              <name>Test flight e7f85c9c-4b62-4453-8d67-e1a7482e6789</name>
              <Placemark>
                <name>Telemetry 0</name>
                <styleUrl>#modifiedtelemetry</styleUrl>
                <TimeSpan>
                  <begin>2026-05-21T14:56:05.834895+00:00</begin>
                  <end>2026-05-21T14:56:06.834895+00:00</end>
                </TimeSpan>
                <Point>
                  <coordinates>8.523321827032547,47.3715045208158,0</coordinates>
                </Point>
              </Placemark>
              <Placemark>
                <name>Telemetry 1</name>
                <styleUrl>#modifiedtelemetry</styleUrl>
                <TimeSpan>
                  <begin>2026-05-21T14:56:06.834895+00:00</begin>
                  <end>2026-05-21T14:56:07.834895+00:00</end>
                </TimeSpan>
                <Point>
                  <coordinates>8.523282890548819,47.371540881223694,0</coordinates>
                </Point>
              </Placemark>
              <Placemark>
                <name>Telemetry 2</name>
                <styleUrl>#modifiedtelemetry</styleUrl>
                <TimeSpan>
                  <begin>2026-05-21T14:56:07.834895+00:00</begin>
                  <end>2026-05-21T14:56:08.834895+00:00</end>
                </TimeSpan>
                <Point>
                  <coordinates>8.52324395406509,47.37157724163159,0</coordinates>
                </Point>
              </Placemark>
              <Placemark>
                <name>Telemetry 3</name>
                <styleUrl>#modifiedtelemetry</styleUrl>
                <TimeSpan>
                  <begin>2026-05-21T14:56:08.834895+00:00</begin>
                  <end>2026-05-21T14:56:09.834895+00:00</end>
                </TimeSpan>
                <Point>
                  <coordinates>8.523205017581365,47.37161360203949,0</coordinates>
                </Point>
              </Placemark>
              <Placemark>
                <name>Telemetry 4</name>
                <styleUrl>#modifiedtelemetry</styleUrl>
                <TimeSpan>
                  <begin>2026-05-21T14:56:09.834895+00:00</begin>
                  <end>2026-05-21T14:56:10.834895+00:00</end>
                </TimeSpan>
                <Point>
                  <coordinates>8.523166081097637,47.371649962447385,0</coordinates>
                </Point>
              </Placemark>
              <Placemark>
                <name>Telemetry 5</name>
                <styleUrl>#modifiedtelemetry</styleUrl>
                <TimeSpan>
                  <begin>2026-05-21T14:56:10.834895+00:00</begin>
                  <end>2026-05-21T14:56:11.834895+00:00</end>
                </TimeSpan>
                <Point>
                  <coordinates>8.523118769605144,47.37168134446735,0</coordinates>
                </Point>
              </Placemark>
              <Placemark>
                <name>Telemetry 6</name>
                <styleUrl>#modifiedtelemetry</styleUrl>
                <TimeSpan>
                  <begin>2026-05-21T14:56:11.834895+00:00</begin>
                  <end>2026-05-21T14:56:12.834895+00:00</end>
                </TimeSpan>
                <Point>
                  <coordinates>8.523070583658326,47.37171220668214,0</coordinates>
                </Point>
              </Placemark>
              <Placemark>
                <name>Telemetry 7</name>
                <styleUrl>#modifiedtelemetry</styleUrl>
                <TimeSpan>
                  <begin>2026-05-21T14:56:12.834895+00:00</begin>
                  <end>2026-05-21T14:56:13.834895+00:00</end>
                </TimeSpan>
                <Point>
                  <coordinates>8.523022397711506,47.371743068896926,0</coordinates>
                </Point>
              </Placemark>
              <Placemark>
                <name>Telemetry 8</name>
                <styleUrl>#modifiedtelemetry</styleUrl>
                <TimeSpan>
                  <begin>2026-05-21T14:56:13.834895+00:00</begin>
                  <end>2026-05-21T14:56:14.834895+00:00</end>
                </TimeSpan>
                <Point>
                  <coordinates>8.5229757392881,47.371774910132885,0</coordinates>
                </Point>
              </Placemark>
              <Placemark>
                <name>Telemetry 9</name>
                <styleUrl>#modifiedtelemetry</styleUrl>
                <TimeSpan>
                  <begin>2026-05-21T14:56:14.834895+00:00</begin>
                  <end>2026-05-21T14:56:15.834895+00:00</end>
                </TimeSpan>
                <Point>
                  <coordinates>8.522932891599606,47.371809193747204,0</coordinates>
                </Point>
              </Placemark>
              <Placemark>
                <name>Telemetry 10</name>
                <styleUrl>#modifiedtelemetry</styleUrl>
                <TimeSpan>
                  <begin>2026-05-21T14:56:15.834895+00:00</begin>
                  <end>2026-05-21T14:56:16.834895+00:00</end>
                </TimeSpan>
                <Point>
                  <coordinates>8.522890043911113,47.37184347736152,0</coordinates>
                </Point>
              </Placemark>
              <Placemark>
                <name>Telemetry 11</name>
                <styleUrl>#modifiedtelemetry</styleUrl>
                <TimeSpan>
                  <begin>2026-05-21T14:56:16.834895+00:00</begin>
                  <end>2026-05-21T14:56:17.834895+00:00</end>
                </TimeSpan>
                <Point>
                  <coordinates>8.52284719622262,47.37187776097584,0</coordinates>
                </Point>
              </Placemark>
              <Placemark>
                <name>Telemetry 12</name>
                <styleUrl>#modifiedtelemetry</styleUrl>
                <TimeSpan>
                  <begin>2026-05-21T14:56:17.834895+00:00</begin>
                  <end>2026-05-21T14:56:18.834895+00:00</end>
                </TimeSpan>
                <Point>
                  <coordinates>8.522804348534127,47.37191204459016,0</coordinates>
                </Point>
              </Placemark>
              <Placemark>
                <name>Telemetry 13</name>
                <styleUrl>#modifiedtelemetry</styleUrl>
                <TimeSpan>
                  <begin>2026-05-21T14:56:18.834895+00:00</begin>
                  <end>2026-05-21T14:56:19.834895+00:00</end>
                </TimeSpan>
                <Point>
                  <coordinates>8.522761500845634,47.37194632820448,0</coordinates>
                </Point>
              </Placemark>
              <Placemark>
                <name>Telemetry 14</name>
                <styleUrl>#modifiedtelemetry</styleUrl>
                <TimeSpan>
                  <begin>2026-05-21T14:56:19.834895+00:00</begin>
                  <end>2026-05-21T14:56:20.834895+00:00</end>
                </TimeSpan>
                <Point>
                  <coordinates>8.522718653157142,47.371980611818806,0</coordinates>
                </Point>
              </Placemark>
              <Placemark>
                <name>Telemetry 15</name>
                <styleUrl>#modifiedtelemetry</styleUrl>
                <TimeSpan>
                  <begin>2026-05-21T14:56:20.834895+00:00</begin>
                  <end>2026-05-21T14:56:21.834895+00:00</end>
                </TimeSpan>
                <Point>
                  <coordinates>8.522675805468648,47.372014895433125,0</coordinates>
                </Point>
              </Placemark>
              <Placemark>
                <name>Telemetry 16</name>
                <styleUrl>#modifiedtelemetry</styleUrl>
                <TimeSpan>
                  <begin>2026-05-21T14:56:21.834895+00:00</begin>
                  <end>2026-05-21T14:56:22.834895+00:00</end>
                </TimeSpan>
                <Point>
                  <coordinates>8.522630095760274,47.37204743572325,0</coordinates>
                </Point>
              </Placemark>
              <Placemark>
                <name>Telemetry 17</name>
                <styleUrl>#modifiedtelemetry</styleUrl>
                <TimeSpan>
                  <begin>2026-05-21T14:56:22.834895+00:00</begin>
                  <end>2026-05-21T14:56:23.834895+00:00</end>
                </TimeSpan>
                <Point>
                  <coordinates>8.522580799973472,47.372082380767935,0</coordinates>
                </Point>
              </Placemark>
              <Placemark>
                <name>Telemetry 18</name>
                <styleUrl>#modifiedtelemetry</styleUrl>
                <TimeSpan>
                  <begin>2026-05-21T14:56:23.834895+00:00</begin>
                  <end>2026-05-21T14:56:24.834895+00:00</end>
                </TimeSpan>
                <Point>
                  <coordinates>8.52253150418667,47.372117325812624,0</coordinates>
                </Point>
              </Placemark>
              <Placemark>
                <name>Telemetry 19</name>
                <styleUrl>#modifiedtelemetry</styleUrl>
                <TimeSpan>
                  <begin>2026-05-21T14:56:24.834895+00:00</begin>
                  <end>2026-05-21T14:56:25.834895+00:00</end>
                </TimeSpan>
                <Point>
                  <coordinates>8.52248220839987,47.372152270857306,0</coordinates>
                </Point>
              </Placemark>
              <Placemark>
                <name>Telemetry 20</name>
                <styleUrl>#modifiedtelemetry</styleUrl>
                <TimeSpan>
                  <begin>2026-05-21T14:56:25.834895+00:00</begin>
                  <end>2026-05-21T14:56:26.834895+00:00</end>
                </TimeSpan>
                <Point>
                  <coordinates>8.522432912613064,47.372187215901995,0</coordinates>
                </Point>
              </Placemark>
              <Placemark>
                <name>Telemetry 21</name>
                <styleUrl>#modifiedtelemetry</styleUrl>
                <TimeSpan>
                  <begin>2026-05-21T14:56:26.834895+00:00</begin>
                  <end>2026-05-21T14:56:27.834895+00:00</end>
                </TimeSpan>
                <Point>
                  <coordinates>8.522383616826263,47.37222216094668,0</coordinates>
                </Point>
              </Placemark>
              <Placemark>
                <name>Telemetry 22</name>
                <styleUrl>#modifiedtelemetry</styleUrl>
                <TimeSpan>
                  <begin>2026-05-21T14:56:27.834895+00:00</begin>
                  <end>2026-05-21T14:56:28.834895+00:00</end>
                </TimeSpan>
                <Point>
                  <coordinates>8.52233432103946,47.372257105991366,0</coordinates>
                </Point>
              </Placemark>
              <Placemark>
                <name>Telemetry 23</name>
                <styleUrl>#modifiedtelemetry</styleUrl>
                <TimeSpan>
                  <begin>2026-05-21T14:56:28.834895+00:00</begin>
                  <end>2026-05-21T14:56:29.834895+00:00</end>
                </TimeSpan>
                <Point>
                  <coordinates>8.52228502525266,47.37229205103605,0</coordinates>
                </Point>
              </Placemark>
              <Placemark>
                <name>Telemetry 24</name>
                <styleUrl>#modifiedtelemetry</styleUrl>
                <TimeSpan>
                  <begin>2026-05-21T14:56:29.834895+00:00</begin>
                  <end>2026-05-21T14:56:30.834895+00:00</end>
                </TimeSpan>
                <Point>
                  <coordinates>8.522235729465857,47.37232699608074,0</coordinates>
                </Point>
              </Placemark>
              <Placemark>
                <name>Telemetry 25</name>
                <styleUrl>#modifiedtelemetry</styleUrl>
                <TimeSpan>
                  <begin>2026-05-21T14:56:30.834895+00:00</begin>
                  <end>2026-05-21T14:56:31.834895+00:00</end>
                </TimeSpan>
                <Point>
                  <coordinates>8.522186433679055,47.37236194112542,0</coordinates>
                </Point>
              </Placemark>
              <Placemark>
                <name>Telemetry 26</name>
                <styleUrl>#modifiedtelemetry</styleUrl>
                <TimeSpan>
                  <begin>2026-05-21T14:56:31.834895+00:00</begin>
                  <end>2026-05-21T14:56:32.834895+00:00</end>
                </TimeSpan>
                <Point>
                  <coordinates>8.522137137892253,47.37239688617011,0</coordinates>
                </Point>
              </Placemark>
              <Placemark>
                <name>Telemetry 27</name>
                <styleUrl>#modifiedtelemetry</styleUrl>
                <TimeSpan>
                  <begin>2026-05-21T14:56:32.834895+00:00</begin>
                  <end>2026-05-21T14:56:33.834895+00:00</end>
                </TimeSpan>
                <Point>
                  <coordinates>8.522087838468211,47.37243182886079,0</coordinates>
                </Point>
              </Placemark>
              <Placemark>
                <name>Telemetry 28</name>
                <styleUrl>#modifiedtelemetry</styleUrl>
                <TimeSpan>
                  <begin>2026-05-21T14:56:33.834895+00:00</begin>
                  <end>2026-05-21T14:56:34.834895+00:00</end>
                </TimeSpan>
                <Point>
                  <coordinates>8.522032112466293,47.37247131013179,0</coordinates>
                </Point>
              </Placemark>
              <Placemark>
                <name>Telemetry 29</name>
                <styleUrl>#modifiedtelemetry</styleUrl>
                <TimeSpan>
                  <begin>2026-05-21T14:56:34.834895+00:00</begin>
                  <end>2026-05-21T14:56:35.834895+00:00</end>
                </TimeSpan>
                <Point>
                  <coordinates>8.521976386464376,47.37251079140279,0</coordinates>
                </Point>
              </Placemark>
              <Placemark>
                <name>Telemetry 30</name>
                <styleUrl>#modifiedtelemetry</styleUrl>
                <TimeSpan>
                  <begin>2026-05-21T14:56:35.834895+00:00</begin>
                  <end>2026-05-21T14:56:36.834895+00:00</end>
                </TimeSpan>
                <Point>
                  <coordinates>8.521920660462458,47.37255027267379,0</coordinates>
                </Point>
              </Placemark>
              <Placemark>
                <name>Telemetry 31</name>
                <styleUrl>#modifiedtelemetry</styleUrl>
                <TimeSpan>
                  <begin>2026-05-21T14:56:36.834895+00:00</begin>
                  <end>2026-05-21T14:56:37.834895+00:00</end>
                </TimeSpan>
                <Point>
                  <coordinates>8.521864934460542,47.37258975394479,0</coordinates>
                </Point>
              </Placemark>
              <Placemark>
                <name>Telemetry 32</name>
                <styleUrl>#modifiedtelemetry</styleUrl>
                <TimeSpan>
                  <begin>2026-05-21T14:56:37.834895+00:00</begin>
                  <end>2026-05-21T14:56:38.834895+00:00</end>
                </TimeSpan>
                <Point>
                  <coordinates>8.521809208458624,47.37262923521579,0</coordinates>
                </Point>
              </Placemark>
              <Placemark>
                <name>Telemetry 33</name>
                <styleUrl>#modifiedtelemetry</styleUrl>
                <TimeSpan>
                  <begin>2026-05-21T14:56:38.834895+00:00</begin>
                  <end>2026-05-21T14:56:39.834895+00:00</end>
                </TimeSpan>
                <Point>
                  <coordinates>8.521753482456708,47.372668716486785,0</coordinates>
                </Point>
              </Placemark>
              <Placemark>
                <name>Telemetry 34</name>
                <styleUrl>#modifiedtelemetry</styleUrl>
                <TimeSpan>
                  <begin>2026-05-21T14:56:39.834895+00:00</begin>
                  <end>2026-05-21T14:56:40.834895+00:00</end>
                </TimeSpan>
                <Point>
                  <coordinates>8.521697756454788,47.37270819775779,0</coordinates>
                </Point>
              </Placemark>
              <Placemark>
                <name>Telemetry 35</name>
                <styleUrl>#modifiedtelemetry</styleUrl>
                <TimeSpan>
                  <begin>2026-05-21T14:56:40.834895+00:00</begin>
                  <end>2026-05-21T14:56:41.834895+00:00</end>
                </TimeSpan>
                <Point>
                  <coordinates>8.52164203045287,47.372747679028784,0</coordinates>
                </Point>
              </Placemark>
              <Placemark>
                <name>Telemetry 36</name>
                <styleUrl>#modifiedtelemetry</styleUrl>
                <TimeSpan>
                  <begin>2026-05-21T14:56:41.834895+00:00</begin>
                  <end>2026-05-21T14:56:42.834895+00:00</end>
                </TimeSpan>
                <Point>
                  <coordinates>8.521586304450953,47.37278716029979,0</coordinates>
                </Point>
              </Placemark>
              <Placemark>
                <name>Telemetry 37</name>
                <styleUrl>#modifiedtelemetry</styleUrl>
                <TimeSpan>
                  <begin>2026-05-21T14:56:42.834895+00:00</begin>
                  <end>2026-05-21T14:56:43.834895+00:00</end>
                </TimeSpan>
                <Point>
                  <coordinates>8.521530578449035,47.37282664157078,0</coordinates>
                </Point>
              </Placemark>
              <Placemark>
                <name>Telemetry 38</name>
                <styleUrl>#modifiedtelemetry</styleUrl>
                <TimeSpan>
                  <begin>2026-05-21T14:56:43.834895+00:00</begin>
                  <end>2026-05-21T14:56:44.834895+00:00</end>
                </TimeSpan>
                <Point>
                  <coordinates>8.521474852447117,47.372866122841785,0</coordinates>
                </Point>
              </Placemark>
              <Placemark>
                <name>Telemetry 39</name>
                <styleUrl>#modifiedtelemetry</styleUrl>
                <TimeSpan>
                  <begin>2026-05-21T14:56:44.834895+00:00</begin>
                  <end>2026-05-21T14:56:45.834895+00:00</end>
                </TimeSpan>
                <Point>
                  <coordinates>8.5214191264452,47.37290560411278,0</coordinates>
                </Point>
              </Placemark>
              <Placemark>
                <name>Telemetry 40</name>
                <styleUrl>#modifiedtelemetry</styleUrl>
                <TimeSpan>
                  <begin>2026-05-21T14:56:45.834895+00:00</begin>
                  <end>2026-05-21T14:56:46.834895+00:00</end>
                </TimeSpan>
                <Point>
                  <coordinates>8.521363400443283,47.37294508538378,0</coordinates>
                </Point>
              </Placemark>
              <Placemark>
                <name>Telemetry 41</name>
                <styleUrl>#modifiedtelemetry</styleUrl>
                <TimeSpan>
                  <begin>2026-05-21T14:56:46.834895+00:00</begin>
                  <end>2026-05-21T14:56:47.834895+00:00</end>
                </TimeSpan>
                <Point>
                  <coordinates>8.521307674441365,47.37298456665478,0</coordinates>
                </Point>
              </Placemark>
              <Placemark>
                <name>Telemetry 42</name>
                <styleUrl>#modifiedtelemetry</styleUrl>
                <TimeSpan>
                  <begin>2026-05-21T14:56:47.834895+00:00</begin>
                  <end>2026-05-21T14:56:48.834895+00:00</end>
                </TimeSpan>
                <Point>
                  <coordinates>8.521251948439447,47.37302404792578,0</coordinates>
                </Point>
              </Placemark>
              <Placemark>
                <name>Telemetry 43</name>
                <styleUrl>#modifiedtelemetry</styleUrl>
                <TimeSpan>
                  <begin>2026-05-21T14:56:48.834895+00:00</begin>
                  <end>2026-05-21T14:56:49.834895+00:00</end>
                </TimeSpan>
                <Point>
                  <coordinates>8.52119622243753,47.37306352919678,0</coordinates>
                </Point>
              </Placemark>
              <Placemark>
                <name>Telemetry 44</name>
                <styleUrl>#modifiedtelemetry</styleUrl>
                <TimeSpan>
                  <begin>2026-05-21T14:56:49.834895+00:00</begin>
                  <end>2026-05-21T14:56:50.834895+00:00</end>
                </TimeSpan>
                <Point>
                  <coordinates>8.521140496435612,47.37310301046778,0</coordinates>
                </Point>
              </Placemark>
              <Placemark>
                <name>Telemetry 45</name>
                <styleUrl>#modifiedtelemetry</styleUrl>
                <TimeSpan>
                  <begin>2026-05-21T14:56:50.834895+00:00</begin>
                  <end>2026-05-21T14:56:51.834895+00:00</end>
                </TimeSpan>
                <Point>
                  <coordinates>8.521084770433694,47.373142491738776,0</coordinates>
                </Point>
              </Placemark>
              <Placemark>
                <name>Telemetry 46</name>
                <styleUrl>#modifiedtelemetry</styleUrl>
                <TimeSpan>
                  <begin>2026-05-21T14:56:51.834895+00:00</begin>
                  <end>2026-05-21T14:56:52.834895+00:00</end>
                </TimeSpan>
                <Point>
                  <coordinates>8.521029997240193,47.37318257084312,0</coordinates>
                </Point>
              </Placemark>
              <Placemark>
                <name>Telemetry 47</name>
                <styleUrl>#modifiedtelemetry</styleUrl>
                <TimeSpan>
                  <begin>2026-05-21T14:56:52.834895+00:00</begin>
                  <end>2026-05-21T14:56:53.834895+00:00</end>
                </TimeSpan>
                <Point>
                  <coordinates>8.520963533997929,47.37323270220549,0</coordinates>
                </Point>
              </Placemark>
              <Placemark>
                <name>Telemetry 48</name>
                <styleUrl>#modifiedtelemetry</styleUrl>
                <TimeSpan>
                  <begin>2026-05-21T14:56:53.834895+00:00</begin>
                  <end>2026-05-21T14:56:54.834895+00:00</end>
                </TimeSpan>
                <Point>
                  <coordinates>8.520897070755662,47.37328283356786,0</coordinates>
                </Point>
              </Placemark>
              <Placemark>
                <name>Telemetry 49</name>
                <styleUrl>#modifiedtelemetry</styleUrl>
                <TimeSpan>
                  <begin>2026-05-21T14:56:54.834895+00:00</begin>
                  <end>2026-05-21T14:56:55.834895+00:00</end>
                </TimeSpan>
                <Point>
                  <coordinates>8.520830607513398,47.37333296493023,0</coordinates>
                </Point>
              </Placemark>
              <Placemark>
                <name>Telemetry 50</name>
                <styleUrl>#modifiedtelemetry</styleUrl>
                <TimeSpan>
                  <begin>2026-05-21T14:56:55.834895+00:00</begin>
                  <end>2026-05-21T14:56:56.834895+00:00</end>
                </TimeSpan>
                <Point>
                  <coordinates>8.520764144271133,47.3733830962926,0</coordinates>
                </Point>
              </Placemark>
              <Placemark>
                <name>Telemetry 51</name>
                <styleUrl>#modifiedtelemetry</styleUrl>
                <TimeSpan>
                  <begin>2026-05-21T14:56:56.834895+00:00</begin>
                  <end>2026-05-21T14:56:57.834895+00:00</end>
                </TimeSpan>
                <Point>
                  <coordinates>8.520697681028867,47.37343322765497,0</coordinates>
                </Point>
              </Placemark>
              <Placemark>
                <name>Telemetry 52</name>
                <styleUrl>#modifiedtelemetry</styleUrl>
                <TimeSpan>
                  <begin>2026-05-21T14:56:57.834895+00:00</begin>
                  <end>2026-05-21T14:56:58.834895+00:00</end>
                </TimeSpan>
                <Point>
                  <coordinates>8.520631217786603,47.373483359017335,0</coordinates>
                </Point>
              </Placemark>
              <Placemark>
                <name>Telemetry 53</name>
                <styleUrl>#modifiedtelemetry</styleUrl>
                <TimeSpan>
                  <begin>2026-05-21T14:56:58.834895+00:00</begin>
                  <end>2026-05-21T14:56:59.834895+00:00</end>
                </TimeSpan>
                <Point>
                  <coordinates>8.520564754544338,47.37353349037971,0</coordinates>
                </Point>
              </Placemark>
              <Placemark>
                <name>Telemetry 54</name>
                <styleUrl>#modifiedtelemetry</styleUrl>
                <TimeSpan>
                  <begin>2026-05-21T14:56:59.834895+00:00</begin>
                  <end>2026-05-21T14:57:00.834895+00:00</end>
                </TimeSpan>
                <Point>
                  <coordinates>8.520498291302074,47.37358362174207,0</coordinates>
                </Point>
              </Placemark>
              <Placemark>
                <name>Telemetry 55</name>
                <styleUrl>#modifiedtelemetry</styleUrl>
                <TimeSpan>
                  <begin>2026-05-21T14:57:00.834895+00:00</begin>
                  <end>2026-05-21T14:57:01.834895+00:00</end>
                </TimeSpan>
                <Point>
                  <coordinates>8.520431828059808,47.37363375310444,0</coordinates>
                </Point>
              </Placemark>
              <Placemark>
                <name>Telemetry 56</name>
                <styleUrl>#modifiedtelemetry</styleUrl>
                <TimeSpan>
                  <begin>2026-05-21T14:57:01.834895+00:00</begin>
                  <end>2026-05-21T14:57:02.834895+00:00</end>
                </TimeSpan>
                <Point>
                  <coordinates>8.520365364817543,47.373683884466814,0</coordinates>
                </Point>
              </Placemark>
              <Placemark>
                <name>Telemetry 57</name>
                <styleUrl>#modifiedtelemetry</styleUrl>
                <TimeSpan>
                  <begin>2026-05-21T14:57:02.834895+00:00</begin>
                  <end>2026-05-21T14:57:03.834895+00:00</end>
                </TimeSpan>
                <Point>
                  <coordinates>8.520303903282091,47.37373680594896,0</coordinates>
                </Point>
              </Placemark>
              <Placemark>
                <name>Telemetry 58</name>
                <styleUrl>#modifiedtelemetry</styleUrl>
                <TimeSpan>
                  <begin>2026-05-21T14:57:03.834895+00:00</begin>
                  <end>2026-05-21T14:57:04.834895+00:00</end>
                </TimeSpan>
                <Point>
                  <coordinates>8.520235595452737,47.373798117289056,0</coordinates>
                </Point>
              </Placemark>
              <Placemark>
                <name>Telemetry 59</name>
                <styleUrl>#modifiedtelemetry</styleUrl>
                <TimeSpan>
                  <begin>2026-05-21T14:57:04.834895+00:00</begin>
                  <end>2026-05-21T14:57:05.834895+00:00</end>
                </TimeSpan>
                <Point>
                  <coordinates>8.520167287623382,47.373859428629146,0</coordinates>
                </Point>
              </Placemark>
              <Placemark>
                <name>Telemetry 60</name>
                <styleUrl>#modifiedtelemetry</styleUrl>
                <TimeSpan>
                  <begin>2026-05-21T14:57:05.834895+00:00</begin>
                  <end>2026-05-21T14:57:06.834895+00:00</end>
                </TimeSpan>
                <Point>
                  <coordinates>8.520098979794028,47.37392073996924,0</coordinates>
                </Point>
              </Placemark>
              <Placemark>
                <name>Telemetry 61</name>
                <styleUrl>#modifiedtelemetry</styleUrl>
                <TimeSpan>
                  <begin>2026-05-21T14:57:06.834895+00:00</begin>
                  <end>2026-05-21T14:57:07.834895+00:00</end>
                </TimeSpan>
                <Point>
                  <coordinates>8.520030671964673,47.37398205130934,0</coordinates>
                </Point>
              </Placemark>
              <Placemark>
                <name>Telemetry 62</name>
                <styleUrl>#modifiedtelemetry</styleUrl>
                <TimeSpan>
                  <begin>2026-05-21T14:57:07.834895+00:00</begin>
                  <end>2026-05-21T14:57:08.834895+00:00</end>
                </TimeSpan>
                <Point>
                  <coordinates>8.519962364135319,47.37404336264943,0</coordinates>
                </Point>
              </Placemark>
              <Placemark>
                <name>Telemetry 63</name>
                <styleUrl>#modifiedtelemetry</styleUrl>
                <TimeSpan>
                  <begin>2026-05-21T14:57:08.834895+00:00</begin>
                  <end>2026-05-21T14:57:09.834895+00:00</end>
                </TimeSpan>
                <Point>
                  <coordinates>8.519895098918301,47.374105167193115,0</coordinates>
                </Point>
              </Placemark>
            </Folder>
          </Folder>
        </Folder>
        <Folder>
          <name>Service Provider polling</name>
        </Folder>
        <Folder>
          <name>Service Provider polling</name>
        </Folder>
        <Folder>
          <name>Service Provider polling</name>
        </Folder>
        <Folder>
          <name>Service Provider polling</name>
        </Folder>
        <Folder>
          <name>Service Provider polling</name>
        </Folder>
        <Folder>
          <name>Verify operator notification</name>
        </Folder>
        <Folder>
          <name>Intermediate cleanup</name>
        </Folder>
        <Folder>
          <name>Retrieve pre-existing operator notification</name>
        </Folder>
        <Folder>
          <name>Injection</name>
          <Folder>
            <name>E64: uss1 interuss.automated_testing.rid.v1.injection.createTest</name>
            <Folder>
              <name>Test flight aaf3c072-6231-4988-9cf9-5d7a06ff86b8</name>
              <Placemark>
                <name>Telemetry 0</name>
                <styleUrl>#modifiedtelemetry</styleUrl>
                <TimeSpan>
                  <begin>2026-05-21T14:56:16.329820+00:00</begin>
                  <end>2026-05-21T14:56:17.329820+00:00</end>
                </TimeSpan>
                <Point>
                  <coordinates>8.523321827032547,47.3715045208158,0</coordinates>
                </Point>
              </Placemark>
              <Placemark>
                <name>Telemetry 1</name>
                <styleUrl>#modifiedtelemetry</styleUrl>
                <TimeSpan>
                  <begin>2026-05-21T14:56:17.329820+00:00</begin>
                  <end>2026-05-21T14:56:18.329820+00:00</end>
                </TimeSpan>
                <Point>
                  <coordinates>8.523282890548819,47.371540881223694,0</coordinates>
                </Point>
              </Placemark>
              <Placemark>
                <name>Telemetry 2</name>
                <styleUrl>#modifiedtelemetry</styleUrl>
                <TimeSpan>
                  <begin>2026-05-21T14:56:18.329820+00:00</begin>
                  <end>2026-05-21T14:56:19.329820+00:00</end>
                </TimeSpan>
                <Point>
                  <coordinates>8.52324395406509,47.37157724163159,0</coordinates>
                </Point>
              </Placemark>
              <Placemark>
                <name>Telemetry 3</name>
                <styleUrl>#modifiedtelemetry</styleUrl>
                <TimeSpan>
                  <begin>2026-05-21T14:56:19.329820+00:00</begin>
                  <end>2026-05-21T14:56:20.329820+00:00</end>
                </TimeSpan>
                <Point>
                  <coordinates>8.523205017581365,47.37161360203949,0</coordinates>
                </Point>
              </Placemark>
              <Placemark>
                <name>Telemetry 4</name>
                <styleUrl>#modifiedtelemetry</styleUrl>
                <TimeSpan>
                  <begin>2026-05-21T14:56:20.329820+00:00</begin>
                  <end>2026-05-21T14:56:21.329820+00:00</end>
                </TimeSpan>
                <Point>
                  <coordinates>8.523166081097637,47.371649962447385,0</coordinates>
                </Point>
              </Placemark>
              <Placemark>
                <name>Telemetry 5</name>
                <styleUrl>#modifiedtelemetry</styleUrl>
                <TimeSpan>
                  <begin>2026-05-21T14:56:21.329820+00:00</begin>
                  <end>2026-05-21T14:56:22.329820+00:00</end>
                </TimeSpan>
                <Point>
                  <coordinates>8.523118769605144,47.37168134446735,0</coordinates>
                </Point>
              </Placemark>
              <Placemark>
                <name>Telemetry 6</name>
                <styleUrl>#modifiedtelemetry</styleUrl>
                <TimeSpan>
                  <begin>2026-05-21T14:56:22.329820+00:00</begin>
                  <end>2026-05-21T14:56:23.329820+00:00</end>
                </TimeSpan>
                <Point>
                  <coordinates>8.523070583658326,47.37171220668214,0</coordinates>
                </Point>
              </Placemark>
              <Placemark>
                <name>Telemetry 7</name>
                <styleUrl>#modifiedtelemetry</styleUrl>
                <TimeSpan>
                  <begin>2026-05-21T14:56:23.329820+00:00</begin>
                  <end>2026-05-21T14:56:24.329820+00:00</end>
                </TimeSpan>
                <Point>
                  <coordinates>8.523022397711506,47.371743068896926,0</coordinates>
                </Point>
              </Placemark>
              <Placemark>
                <name>Telemetry 8</name>
                <styleUrl>#modifiedtelemetry</styleUrl>
                <TimeSpan>
                  <begin>2026-05-21T14:56:24.329820+00:00</begin>
                  <end>2026-05-21T14:56:25.329820+00:00</end>
                </TimeSpan>
                <Point>
                  <coordinates>8.5229757392881,47.371774910132885,0</coordinates>
                </Point>
              </Placemark>
              <Placemark>
                <name>Telemetry 9</name>
                <styleUrl>#modifiedtelemetry</styleUrl>
                <TimeSpan>
                  <begin>2026-05-21T14:56:25.329820+00:00</begin>
                  <end>2026-05-21T14:56:26.329820+00:00</end>
                </TimeSpan>
                <Point>
                  <coordinates>8.522932891599606,47.371809193747204,0</coordinates>
                </Point>
              </Placemark>
              <Placemark>
                <name>Telemetry 10</name>
                <styleUrl>#modifiedtelemetry</styleUrl>
                <TimeSpan>
                  <begin>2026-05-21T14:56:26.329820+00:00</begin>
                  <end>2026-05-21T14:56:27.329820+00:00</end>
                </TimeSpan>
                <Point>
                  <coordinates>8.522890043911113,47.37184347736152,0</coordinates>
                </Point>
              </Placemark>
              <Placemark>
                <name>Telemetry 11</name>
                <styleUrl>#modifiedtelemetry</styleUrl>
                <TimeSpan>
                  <begin>2026-05-21T14:56:27.329820+00:00</begin>
                  <end>2026-05-21T14:56:28.329820+00:00</end>
                </TimeSpan>
                <Point>
                  <coordinates>8.52284719622262,47.37187776097584,0</coordinates>
                </Point>
              </Placemark>
              <Placemark>
                <name>Telemetry 12</name>
                <styleUrl>#modifiedtelemetry</styleUrl>
                <TimeSpan>
                  <begin>2026-05-21T14:56:28.329820+00:00</begin>
                  <end>2026-05-21T14:56:29.329820+00:00</end>
                </TimeSpan>
                <Point>
                  <coordinates>8.522804348534127,47.37191204459016,0</coordinates>
                </Point>
              </Placemark>
              <Placemark>
                <name>Telemetry 13</name>
                <styleUrl>#modifiedtelemetry</styleUrl>
                <TimeSpan>
                  <begin>2026-05-21T14:56:29.329820+00:00</begin>
                  <end>2026-05-21T14:56:30.329820+00:00</end>
                </TimeSpan>
                <Point>
                  <coordinates>8.522761500845634,47.37194632820448,0</coordinates>
                </Point>
              </Placemark>
              <Placemark>
                <name>Telemetry 14</name>
                <styleUrl>#modifiedtelemetry</styleUrl>
                <TimeSpan>
                  <begin>2026-05-21T14:56:30.329820+00:00</begin>
                  <end>2026-05-21T14:56:31.329820+00:00</end>
                </TimeSpan>
                <Point>
                  <coordinates>8.522718653157142,47.371980611818806,0</coordinates>
                </Point>
              </Placemark>
              <Placemark>
                <name>Telemetry 15</name>
                <styleUrl>#modifiedtelemetry</styleUrl>
                <TimeSpan>
                  <begin>2026-05-21T14:56:31.329820+00:00</begin>
                  <end>2026-05-21T14:56:32.329820+00:00</end>
                </TimeSpan>
                <Point>
                  <coordinates>8.522675805468648,47.372014895433125,0</coordinates>
                </Point>
              </Placemark>
              <Placemark>
                <name>Telemetry 16</name>
                <styleUrl>#modifiedtelemetry</styleUrl>
                <TimeSpan>
                  <begin>2026-05-21T14:56:32.329820+00:00</begin>
                  <end>2026-05-21T14:56:33.329820+00:00</end>
                </TimeSpan>
                <Point>
                  <coordinates>8.522630095760274,47.37204743572325,0</coordinates>
                </Point>
              </Placemark>
              <Placemark>
                <name>Telemetry 17</name>
                <styleUrl>#modifiedtelemetry</styleUrl>
                <TimeSpan>
                  <begin>2026-05-21T14:56:33.329820+00:00</begin>
                  <end>2026-05-21T14:56:34.329820+00:00</end>
                </TimeSpan>
                <Point>
                  <coordinates>8.522580799973472,47.372082380767935,0</coordinates>
                </Point>
              </Placemark>
              <Placemark>
                <name>Telemetry 18</name>
                <styleUrl>#modifiedtelemetry</styleUrl>
                <TimeSpan>
                  <begin>2026-05-21T14:56:34.329820+00:00</begin>
                  <end>2026-05-21T14:56:35.329820+00:00</end>
                </TimeSpan>
                <Point>
                  <coordinates>8.52253150418667,47.372117325812624,0</coordinates>
                </Point>
              </Placemark>
              <Placemark>
                <name>Telemetry 19</name>
                <styleUrl>#modifiedtelemetry</styleUrl>
                <TimeSpan>
                  <begin>2026-05-21T14:56:35.329820+00:00</begin>
                  <end>2026-05-21T14:56:36.329820+00:00</end>
                </TimeSpan>
                <Point>
                  <coordinates>8.52248220839987,47.372152270857306,0</coordinates>
                </Point>
              </Placemark>
              <Placemark>
                <name>Telemetry 20</name>
                <styleUrl>#modifiedtelemetry</styleUrl>
                <TimeSpan>
                  <begin>2026-05-21T14:56:36.329820+00:00</begin>
                  <end>2026-05-21T14:56:37.329820+00:00</end>
                </TimeSpan>
                <Point>
                  <coordinates>8.522432912613064,47.372187215901995,0</coordinates>
                </Point>
              </Placemark>
              <Placemark>
                <name>Telemetry 21</name>
                <styleUrl>#modifiedtelemetry</styleUrl>
                <TimeSpan>
                  <begin>2026-05-21T14:56:37.329820+00:00</begin>
                  <end>2026-05-21T14:56:38.329820+00:00</end>
                </TimeSpan>
                <Point>
                  <coordinates>8.522383616826263,47.37222216094668,0</coordinates>
                </Point>
              </Placemark>
              <Placemark>
                <name>Telemetry 22</name>
                <styleUrl>#modifiedtelemetry</styleUrl>
                <TimeSpan>
                  <begin>2026-05-21T14:56:38.329820+00:00</begin>
                  <end>2026-05-21T14:56:39.329820+00:00</end>
                </TimeSpan>
                <Point>
                  <coordinates>8.52233432103946,47.372257105991366,0</coordinates>
                </Point>
              </Placemark>
              <Placemark>
                <name>Telemetry 23</name>
                <styleUrl>#modifiedtelemetry</styleUrl>
                <TimeSpan>
                  <begin>2026-05-21T14:56:39.329820+00:00</begin>
                  <end>2026-05-21T14:56:40.329820+00:00</end>
                </TimeSpan>
                <Point>
                  <coordinates>8.52228502525266,47.37229205103605,0</coordinates>
                </Point>
              </Placemark>
              <Placemark>
                <name>Telemetry 24</name>
                <styleUrl>#modifiedtelemetry</styleUrl>
                <TimeSpan>
                  <begin>2026-05-21T14:56:40.329820+00:00</begin>
                  <end>2026-05-21T14:56:41.329820+00:00</end>
                </TimeSpan>
                <Point>
                  <coordinates>8.522235729465857,47.37232699608074,0</coordinates>
                </Point>
              </Placemark>
              <Placemark>
                <name>Telemetry 25</name>
                <styleUrl>#modifiedtelemetry</styleUrl>
                <TimeSpan>
                  <begin>2026-05-21T14:56:41.329820+00:00</begin>
                  <end>2026-05-21T14:56:42.329820+00:00</end>
                </TimeSpan>
                <Point>
                  <coordinates>8.522186433679055,47.37236194112542,0</coordinates>
                </Point>
              </Placemark>
              <Placemark>
                <name>Telemetry 26</name>
                <styleUrl>#modifiedtelemetry</styleUrl>
                <TimeSpan>
                  <begin>2026-05-21T14:56:42.329820+00:00</begin>
                  <end>2026-05-21T14:56:43.329820+00:00</end>
                </TimeSpan>
                <Point>
                  <coordinates>8.522137137892253,47.37239688617011,0</coordinates>
                </Point>
              </Placemark>
              <Placemark>
                <name>Telemetry 27</name>
                <styleUrl>#modifiedtelemetry</styleUrl>
                <TimeSpan>
                  <begin>2026-05-21T14:56:43.329820+00:00</begin>
                  <end>2026-05-21T14:56:44.329820+00:00</end>
                </TimeSpan>
                <Point>
                  <coordinates>8.522087838468211,47.37243182886079,0</coordinates>
                </Point>
              </Placemark>
              <Placemark>
                <name>Telemetry 28</name>
                <styleUrl>#modifiedtelemetry</styleUrl>
                <TimeSpan>
                  <begin>2026-05-21T14:56:44.329820+00:00</begin>
                  <end>2026-05-21T14:56:45.329820+00:00</end>
                </TimeSpan>
                <Point>
                  <coordinates>8.522032112466293,47.37247131013179,0</coordinates>
                </Point>
              </Placemark>
              <Placemark>
                <name>Telemetry 29</name>
                <styleUrl>#modifiedtelemetry</styleUrl>
                <TimeSpan>
                  <begin>2026-05-21T14:56:45.329820+00:00</begin>
                  <end>2026-05-21T14:56:46.329820+00:00</end>
                </TimeSpan>
                <Point>
                  <coordinates>8.521976386464376,47.37251079140279,0</coordinates>
                </Point>
              </Placemark>
              <Placemark>
                <name>Telemetry 30</name>
                <styleUrl>#modifiedtelemetry</styleUrl>
                <TimeSpan>
                  <begin>2026-05-21T14:56:46.329820+00:00</begin>
                  <end>2026-05-21T14:56:47.329820+00:00</end>
                </TimeSpan>
                <Point>
                  <coordinates>8.521920660462458,47.37255027267379,0</coordinates>
                </Point>
              </Placemark>
              <Placemark>
                <name>Telemetry 31</name>
                <styleUrl>#modifiedtelemetry</styleUrl>
                <TimeSpan>
                  <begin>2026-05-21T14:56:47.329820+00:00</begin>
                  <end>2026-05-21T14:56:48.329820+00:00</end>
                </TimeSpan>
                <Point>
                  <coordinates>8.521864934460542,47.37258975394479,0</coordinates>
                </Point>
              </Placemark>
              <Placemark>
                <name>Telemetry 32</name>
                <styleUrl>#modifiedtelemetry</styleUrl>
                <TimeSpan>
                  <begin>2026-05-21T14:56:48.329820+00:00</begin>
                  <end>2026-05-21T14:56:49.329820+00:00</end>
                </TimeSpan>
                <Point>
                  <coordinates>8.521809208458624,47.37262923521579,0</coordinates>
                </Point>
              </Placemark>
              <Placemark>
                <name>Telemetry 33</name>
                <styleUrl>#modifiedtelemetry</styleUrl>
                <TimeSpan>
                  <begin>2026-05-21T14:56:49.329820+00:00</begin>
                  <end>2026-05-21T14:56:50.329820+00:00</end>
                </TimeSpan>
                <Point>
                  <coordinates>8.521753482456708,47.372668716486785,0</coordinates>
                </Point>
              </Placemark>
              <Placemark>
                <name>Telemetry 34</name>
                <styleUrl>#modifiedtelemetry</styleUrl>
                <TimeSpan>
                  <begin>2026-05-21T14:56:50.329820+00:00</begin>
                  <end>2026-05-21T14:56:51.329820+00:00</end>
                </TimeSpan>
                <Point>
                  <coordinates>8.521697756454788,47.37270819775779,0</coordinates>
                </Point>
              </Placemark>
              <Placemark>
                <name>Telemetry 35</name>
                <styleUrl>#modifiedtelemetry</styleUrl>
                <TimeSpan>
                  <begin>2026-05-21T14:56:51.329820+00:00</begin>
                  <end>2026-05-21T14:56:52.329820+00:00</end>
                </TimeSpan>
                <Point>
                  <coordinates>8.52164203045287,47.372747679028784,0</coordinates>
                </Point>
              </Placemark>
              <Placemark>
                <name>Telemetry 36</name>
                <styleUrl>#modifiedtelemetry</styleUrl>
                <TimeSpan>
                  <begin>2026-05-21T14:56:52.329820+00:00</begin>
                  <end>2026-05-21T14:56:53.329820+00:00</end>
                </TimeSpan>
                <Point>
                  <coordinates>8.521586304450953,47.37278716029979,0</coordinates>
                </Point>
              </Placemark>
              <Placemark>
                <name>Telemetry 37</name>
                <styleUrl>#modifiedtelemetry</styleUrl>
                <TimeSpan>
                  <begin>2026-05-21T14:56:53.329820+00:00</begin>
                  <end>2026-05-21T14:56:54.329820+00:00</end>
                </TimeSpan>
                <Point>
                  <coordinates>8.521530578449035,47.37282664157078,0</coordinates>
                </Point>
              </Placemark>
              <Placemark>
                <name>Telemetry 38</name>
                <styleUrl>#modifiedtelemetry</styleUrl>
                <TimeSpan>
                  <begin>2026-05-21T14:56:54.329820+00:00</begin>
                  <end>2026-05-21T14:56:55.329820+00:00</end>
                </TimeSpan>
                <Point>
                  <coordinates>8.521474852447117,47.372866122841785,0</coordinates>
                </Point>
              </Placemark>
              <Placemark>
                <name>Telemetry 39</name>
                <styleUrl>#modifiedtelemetry</styleUrl>
                <TimeSpan>
                  <begin>2026-05-21T14:56:55.329820+00:00</begin>
                  <end>2026-05-21T14:56:56.329820+00:00</end>
                </TimeSpan>
                <Point>
                  <coordinates>8.5214191264452,47.37290560411278,0</coordinates>
                </Point>
              </Placemark>
              <Placemark>
                <name>Telemetry 40</name>
                <styleUrl>#modifiedtelemetry</styleUrl>
                <TimeSpan>
                  <begin>2026-05-21T14:56:56.329820+00:00</begin>
                  <end>2026-05-21T14:56:57.329820+00:00</end>
                </TimeSpan>
                <Point>
                  <coordinates>8.521363400443283,47.37294508538378,0</coordinates>
                </Point>
              </Placemark>
              <Placemark>
                <name>Telemetry 41</name>
                <styleUrl>#modifiedtelemetry</styleUrl>
                <TimeSpan>
                  <begin>2026-05-21T14:56:57.329820+00:00</begin>
                  <end>2026-05-21T14:56:58.329820+00:00</end>
                </TimeSpan>
                <Point>
                  <coordinates>8.521307674441365,47.37298456665478,0</coordinates>
                </Point>
              </Placemark>
              <Placemark>
                <name>Telemetry 42</name>
                <styleUrl>#modifiedtelemetry</styleUrl>
                <TimeSpan>
                  <begin>2026-05-21T14:56:58.329820+00:00</begin>
                  <end>2026-05-21T14:56:59.329820+00:00</end>
                </TimeSpan>
                <Point>
                  <coordinates>8.521251948439447,47.37302404792578,0</coordinates>
                </Point>
              </Placemark>
              <Placemark>
                <name>Telemetry 43</name>
                <styleUrl>#modifiedtelemetry</styleUrl>
                <TimeSpan>
                  <begin>2026-05-21T14:56:59.329820+00:00</begin>
                  <end>2026-05-21T14:57:00.329820+00:00</end>
                </TimeSpan>
                <Point>
                  <coordinates>8.52119622243753,47.37306352919678,0</coordinates>
                </Point>
              </Placemark>
              <Placemark>
                <name>Telemetry 44</name>
                <styleUrl>#modifiedtelemetry</styleUrl>
                <TimeSpan>
                  <begin>2026-05-21T14:57:00.329820+00:00</begin>
                  <end>2026-05-21T14:57:01.329820+00:00</end>
                </TimeSpan>
                <Point>
                  <coordinates>8.521140496435612,47.37310301046778,0</coordinates>
                </Point>
              </Placemark>
              <Placemark>
                <name>Telemetry 45</name>
                <styleUrl>#modifiedtelemetry</styleUrl>
                <TimeSpan>
                  <begin>2026-05-21T14:57:01.329820+00:00</begin>
                  <end>2026-05-21T14:57:02.329820+00:00</end>
                </TimeSpan>
                <Point>
                  <coordinates>8.521084770433694,47.373142491738776,0</coordinates>
                </Point>
              </Placemark>
              <Placemark>
                <name>Telemetry 46</name>
                <styleUrl>#modifiedtelemetry</styleUrl>
                <TimeSpan>
                  <begin>2026-05-21T14:57:02.329820+00:00</begin>
                  <end>2026-05-21T14:57:03.329820+00:00</end>
                </TimeSpan>
                <Point>
                  <coordinates>8.521029997240193,47.37318257084312,0</coordinates>
                </Point>
              </Placemark>
              <Placemark>
                <name>Telemetry 47</name>
                <styleUrl>#modifiedtelemetry</styleUrl>
                <TimeSpan>
                  <begin>2026-05-21T14:57:03.329820+00:00</begin>
                  <end>2026-05-21T14:57:04.329820+00:00</end>
                </TimeSpan>
                <Point>
                  <coordinates>8.520963533997929,47.37323270220549,0</coordinates>
                </Point>
              </Placemark>
              <Placemark>
                <name>Telemetry 48</name>
                <styleUrl>#modifiedtelemetry</styleUrl>
                <TimeSpan>
                  <begin>2026-05-21T14:57:04.329820+00:00</begin>
                  <end>2026-05-21T14:57:05.329820+00:00</end>
                </TimeSpan>
                <Point>
                  <coordinates>8.520897070755662,47.37328283356786,0</coordinates>
                </Point>
              </Placemark>
              <Placemark>
                <name>Telemetry 49</name>
                <styleUrl>#modifiedtelemetry</styleUrl>
                <TimeSpan>
                  <begin>2026-05-21T14:57:05.329820+00:00</begin>
                  <end>2026-05-21T14:57:06.329820+00:00</end>
                </TimeSpan>
                <Point>
                  <coordinates>8.520830607513398,47.37333296493023,0</coordinates>
                </Point>
              </Placemark>
              <Placemark>
                <name>Telemetry 50</name>
                <styleUrl>#modifiedtelemetry</styleUrl>
                <TimeSpan>
                  <begin>2026-05-21T14:57:06.329820+00:00</begin>
                  <end>2026-05-21T14:57:07.329820+00:00</end>
                </TimeSpan>
                <Point>
                  <coordinates>8.520764144271133,47.3733830962926,0</coordinates>
                </Point>
              </Placemark>
              <Placemark>
                <name>Telemetry 51</name>
                <styleUrl>#modifiedtelemetry</styleUrl>
                <TimeSpan>
                  <begin>2026-05-21T14:57:07.329820+00:00</begin>
                  <end>2026-05-21T14:57:08.329820+00:00</end>
                </TimeSpan>
                <Point>
                  <coordinates>8.520697681028867,47.37343322765497,0</coordinates>
                </Point>
              </Placemark>
              <Placemark>
                <name>Telemetry 52</name>
                <styleUrl>#modifiedtelemetry</styleUrl>
                <TimeSpan>
                  <begin>2026-05-21T14:57:08.329820+00:00</begin>
                  <end>2026-05-21T14:57:09.329820+00:00</end>
                </TimeSpan>
                <Point>
                  <coordinates>8.520631217786603,47.373483359017335,0</coordinates>
                </Point>
              </Placemark>
              <Placemark>
                <name>Telemetry 53</name>
                <styleUrl>#modifiedtelemetry</styleUrl>
                <TimeSpan>
                  <begin>2026-05-21T14:57:09.329820+00:00</begin>
                  <end>2026-05-21T14:57:10.329820+00:00</end>
                </TimeSpan>
                <Point>
                  <coordinates>8.520564754544338,47.37353349037971,0</coordinates>
                </Point>
              </Placemark>
              <Placemark>
                <name>Telemetry 54</name>
                <styleUrl>#modifiedtelemetry</styleUrl>
                <TimeSpan>
                  <begin>2026-05-21T14:57:10.329820+00:00</begin>
                  <end>2026-05-21T14:57:11.329820+00:00</end>
                </TimeSpan>
                <Point>
                  <coordinates>8.520498291302074,47.37358362174207,0</coordinates>
                </Point>
              </Placemark>
              <Placemark>
                <name>Telemetry 55</name>
                <styleUrl>#modifiedtelemetry</styleUrl>
                <TimeSpan>
                  <begin>2026-05-21T14:57:11.329820+00:00</begin>
                  <end>2026-05-21T14:57:12.329820+00:00</end>
                </TimeSpan>
                <Point>
                  <coordinates>8.520431828059808,47.37363375310444,0</coordinates>
                </Point>
              </Placemark>
              <Placemark>
                <name>Telemetry 56</name>
                <styleUrl>#modifiedtelemetry</styleUrl>
                <TimeSpan>
                  <begin>2026-05-21T14:57:12.329820+00:00</begin>
                  <end>2026-05-21T14:57:13.329820+00:00</end>
                </TimeSpan>
                <Point>
                  <coordinates>8.520365364817543,47.373683884466814,0</coordinates>
                </Point>
              </Placemark>
              <Placemark>
                <name>Telemetry 57</name>
                <styleUrl>#modifiedtelemetry</styleUrl>
                <TimeSpan>
                  <begin>2026-05-21T14:57:13.329820+00:00</begin>
                  <end>2026-05-21T14:57:14.329820+00:00</end>
                </TimeSpan>
                <Point>
                  <coordinates>8.520303903282091,47.37373680594896,0</coordinates>
                </Point>
              </Placemark>
              <Placemark>
                <name>Telemetry 58</name>
                <styleUrl>#modifiedtelemetry</styleUrl>
                <TimeSpan>
                  <begin>2026-05-21T14:57:14.329820+00:00</begin>
                  <end>2026-05-21T14:57:15.329820+00:00</end>
                </TimeSpan>
                <Point>
                  <coordinates>8.520235595452737,47.373798117289056,0</coordinates>
                </Point>
              </Placemark>
              <Placemark>
                <name>Telemetry 59</name>
                <styleUrl>#modifiedtelemetry</styleUrl>
                <TimeSpan>
                  <begin>2026-05-21T14:57:15.329820+00:00</begin>
                  <end>2026-05-21T14:57:16.329820+00:00</end>
                </TimeSpan>
                <Point>
                  <coordinates>8.520167287623382,47.373859428629146,0</coordinates>
                </Point>
              </Placemark>
              <Placemark>
                <name>Telemetry 60</name>
                <styleUrl>#modifiedtelemetry</styleUrl>
                <TimeSpan>
                  <begin>2026-05-21T14:57:16.329820+00:00</begin>
                  <end>2026-05-21T14:57:17.329820+00:00</end>
                </TimeSpan>
                <Point>
                  <coordinates>8.520098979794028,47.37392073996924,0</coordinates>
                </Point>
              </Placemark>
              <Placemark>
                <name>Telemetry 61</name>
                <styleUrl>#modifiedtelemetry</styleUrl>
                <TimeSpan>
                  <begin>2026-05-21T14:57:17.329820+00:00</begin>
                  <end>2026-05-21T14:57:18.329820+00:00</end>
                </TimeSpan>
                <Point>
                  <coordinates>8.520030671964673,47.37398205130934,0</coordinates>
                </Point>
              </Placemark>
              <Placemark>
                <name>Telemetry 62</name>
                <styleUrl>#modifiedtelemetry</styleUrl>
                <TimeSpan>
                  <begin>2026-05-21T14:57:18.329820+00:00</begin>
                  <end>2026-05-21T14:57:19.329820+00:00</end>
                </TimeSpan>
                <Point>
                  <coordinates>8.519962364135319,47.37404336264943,0</coordinates>
                </Point>
              </Placemark>
              <Placemark>
                <name>Telemetry 63</name>
                <styleUrl>#modifiedtelemetry</styleUrl>
                <TimeSpan>
                  <begin>2026-05-21T14:57:19.329820+00:00</begin>
                  <end>2026-05-21T14:57:20.329820+00:00</end>
                </TimeSpan>
                <Point>
                  <coordinates>8.519895098918301,47.374105167193115,0</coordinates>
                </Point>
              </Placemark>
            </Folder>
          </Folder>
        </Folder>
        <Folder>
          <name>Service Provider polling</name>
        </Folder>
        <Folder>
          <name>Service Provider polling</name>
        </Folder>
        <Folder>
          <name>Service Provider polling</name>
        </Folder>
        <Folder>
          <name>Service Provider polling</name>
        </Folder>
        <Folder>
          <name>Service Provider polling</name>
        </Folder>
        <Folder>
          <name>Verify operator notification</name>
        </Folder>
        <Folder>
          <name>Intermediate cleanup</name>
        </Folder>
        <Folder>
          <name>Retrieve pre-existing operator notification</name>
        </Folder>
        <Folder>
          <name>Injection</name>
          <Folder>
            <name>E84: uss1 interuss.automated_testing.rid.v1.injection.createTest</name>
            <Folder>
              <name>Test flight ee9c1e29-717d-41f1-b508-46a68dd0fb24</name>
              <Placemark>
                <name>Telemetry 0</name>
                <styleUrl>#modifiedtelemetry</styleUrl>
                <TimeSpan>
                  <begin>2026-05-21T14:56:26.827726+00:00</begin>
                  <end>2026-05-21T14:56:27.827726+00:00</end>
                </TimeSpan>
                <Point>
                  <coordinates>8.523321827032547,47.3715045208158,0</coordinates>
                </Point>
              </Placemark>
              <Placemark>
                <name>Telemetry 1</name>
                <styleUrl>#modifiedtelemetry</styleUrl>
                <TimeSpan>
                  <begin>2026-05-21T14:56:27.827726+00:00</begin>
                  <end>2026-05-21T14:56:28.827726+00:00</end>
                </TimeSpan>
                <Point>
                  <coordinates>8.523282890548819,47.371540881223694,0</coordinates>
                </Point>
              </Placemark>
              <Placemark>
                <name>Telemetry 2</name>
                <styleUrl>#modifiedtelemetry</styleUrl>
                <TimeSpan>
                  <begin>2026-05-21T14:56:28.827726+00:00</begin>
                  <end>2026-05-21T14:56:29.827726+00:00</end>
                </TimeSpan>
                <Point>
                  <coordinates>8.52324395406509,47.37157724163159,0</coordinates>
                </Point>
              </Placemark>
              <Placemark>
                <name>Telemetry 3</name>
                <styleUrl>#modifiedtelemetry</styleUrl>
                <TimeSpan>
                  <begin>2026-05-21T14:56:29.827726+00:00</begin>
                  <end>2026-05-21T14:56:30.827726+00:00</end>
                </TimeSpan>
                <Point>
                  <coordinates>8.523205017581365,47.37161360203949,0</coordinates>
                </Point>
              </Placemark>
              <Placemark>
                <name>Telemetry 4</name>
                <styleUrl>#modifiedtelemetry</styleUrl>
                <TimeSpan>
                  <begin>2026-05-21T14:56:30.827726+00:00</begin>
                  <end>2026-05-21T14:56:31.827726+00:00</end>
                </TimeSpan>
                <Point>
                  <coordinates>8.523166081097637,47.371649962447385,0</coordinates>
                </Point>
              </Placemark>
              <Placemark>
                <name>Telemetry 5</name>
                <styleUrl>#modifiedtelemetry</styleUrl>
                <TimeSpan>
                  <begin>2026-05-21T14:56:31.827726+00:00</begin>
                  <end>2026-05-21T14:56:32.827726+00:00</end>
                </TimeSpan>
                <Point>
                  <coordinates>8.523118769605144,47.37168134446735,0</coordinates>
                </Point>
              </Placemark>
              <Placemark>
                <name>Telemetry 6</name>
                <styleUrl>#modifiedtelemetry</styleUrl>
                <TimeSpan>
                  <begin>2026-05-21T14:56:32.827726+00:00</begin>
                  <end>2026-05-21T14:56:33.827726+00:00</end>
                </TimeSpan>
                <Point>
                  <coordinates>8.523070583658326,47.37171220668214,0</coordinates>
                </Point>
              </Placemark>
              <Placemark>
                <name>Telemetry 7</name>
                <styleUrl>#modifiedtelemetry</styleUrl>
                <TimeSpan>
                  <begin>2026-05-21T14:56:33.827726+00:00</begin>
                  <end>2026-05-21T14:56:34.827726+00:00</end>
                </TimeSpan>
                <Point>
                  <coordinates>8.523022397711506,47.371743068896926,0</coordinates>
                </Point>
              </Placemark>
              <Placemark>
                <name>Telemetry 8</name>
                <styleUrl>#modifiedtelemetry</styleUrl>
                <TimeSpan>
                  <begin>2026-05-21T14:56:34.827726+00:00</begin>
                  <end>2026-05-21T14:56:35.827726+00:00</end>
                </TimeSpan>
                <Point>
                  <coordinates>8.5229757392881,47.371774910132885,0</coordinates>
                </Point>
              </Placemark>
              <Placemark>
                <name>Telemetry 9</name>
                <styleUrl>#modifiedtelemetry</styleUrl>
                <TimeSpan>
                  <begin>2026-05-21T14:56:35.827726+00:00</begin>
                  <end>2026-05-21T14:56:36.827726+00:00</end>
                </TimeSpan>
                <Point>
                  <coordinates>8.522932891599606,47.371809193747204,0</coordinates>
                </Point>
              </Placemark>
              <Placemark>
                <name>Telemetry 10</name>
                <styleUrl>#modifiedtelemetry</styleUrl>
                <TimeSpan>
                  <begin>2026-05-21T14:56:36.827726+00:00</begin>
                  <end>2026-05-21T14:56:37.827726+00:00</end>
                </TimeSpan>
                <Point>
                  <coordinates>8.522890043911113,47.37184347736152,0</coordinates>
                </Point>
              </Placemark>
              <Placemark>
                <name>Telemetry 11</name>
                <styleUrl>#modifiedtelemetry</styleUrl>
                <TimeSpan>
                  <begin>2026-05-21T14:56:37.827726+00:00</begin>
                  <end>2026-05-21T14:56:38.827726+00:00</end>
                </TimeSpan>
                <Point>
                  <coordinates>8.52284719622262,47.37187776097584,0</coordinates>
                </Point>
              </Placemark>
              <Placemark>
                <name>Telemetry 12</name>
                <styleUrl>#modifiedtelemetry</styleUrl>
                <TimeSpan>
                  <begin>2026-05-21T14:56:38.827726+00:00</begin>
                  <end>2026-05-21T14:56:39.827726+00:00</end>
                </TimeSpan>
                <Point>
                  <coordinates>8.522804348534127,47.37191204459016,0</coordinates>
                </Point>
              </Placemark>
              <Placemark>
                <name>Telemetry 13</name>
                <styleUrl>#modifiedtelemetry</styleUrl>
                <TimeSpan>
                  <begin>2026-05-21T14:56:39.827726+00:00</begin>
                  <end>2026-05-21T14:56:40.827726+00:00</end>
                </TimeSpan>
                <Point>
                  <coordinates>8.522761500845634,47.37194632820448,0</coordinates>
                </Point>
              </Placemark>
              <Placemark>
                <name>Telemetry 14</name>
                <styleUrl>#modifiedtelemetry</styleUrl>
                <TimeSpan>
                  <begin>2026-05-21T14:56:40.827726+00:00</begin>
                  <end>2026-05-21T14:56:41.827726+00:00</end>
                </TimeSpan>
                <Point>
                  <coordinates>8.522718653157142,47.371980611818806,0</coordinates>
                </Point>
              </Placemark>
              <Placemark>
                <name>Telemetry 15</name>
                <styleUrl>#modifiedtelemetry</styleUrl>
                <TimeSpan>
                  <begin>2026-05-21T14:56:41.827726+00:00</begin>
                  <end>2026-05-21T14:56:42.827726+00:00</end>
                </TimeSpan>
                <Point>
                  <coordinates>8.522675805468648,47.372014895433125,0</coordinates>
                </Point>
              </Placemark>
              <Placemark>
                <name>Telemetry 16</name>
                <styleUrl>#modifiedtelemetry</styleUrl>
                <TimeSpan>
                  <begin>2026-05-21T14:56:42.827726+00:00</begin>
                  <end>2026-05-21T14:56:43.827726+00:00</end>
                </TimeSpan>
                <Point>
                  <coordinates>8.522630095760274,47.37204743572325,0</coordinates>
                </Point>
              </Placemark>
              <Placemark>
                <name>Telemetry 17</name>
                <styleUrl>#modifiedtelemetry</styleUrl>
                <TimeSpan>
                  <begin>2026-05-21T14:56:43.827726+00:00</begin>
                  <end>2026-05-21T14:56:44.827726+00:00</end>
                </TimeSpan>
                <Point>
                  <coordinates>8.522580799973472,47.372082380767935,0</coordinates>
                </Point>
              </Placemark>
              <Placemark>
                <name>Telemetry 18</name>
                <styleUrl>#modifiedtelemetry</styleUrl>
                <TimeSpan>
                  <begin>2026-05-21T14:56:44.827726+00:00</begin>
                  <end>2026-05-21T14:56:45.827726+00:00</end>
                </TimeSpan>
                <Point>
                  <coordinates>8.52253150418667,47.372117325812624,0</coordinates>
                </Point>
              </Placemark>
              <Placemark>
                <name>Telemetry 19</name>
                <styleUrl>#modifiedtelemetry</styleUrl>
                <TimeSpan>
                  <begin>2026-05-21T14:56:45.827726+00:00</begin>
                  <end>2026-05-21T14:56:46.827726+00:00</end>
                </TimeSpan>
                <Point>
                  <coordinates>8.52248220839987,47.372152270857306,0</coordinates>
                </Point>
              </Placemark>
              <Placemark>
                <name>Telemetry 20</name>
                <styleUrl>#modifiedtelemetry</styleUrl>
                <TimeSpan>
                  <begin>2026-05-21T14:56:46.827726+00:00</begin>
                  <end>2026-05-21T14:56:47.827726+00:00</end>
                </TimeSpan>
                <Point>
                  <coordinates>8.522432912613064,47.372187215901995,0</coordinates>
                </Point>
              </Placemark>
              <Placemark>
                <name>Telemetry 21</name>
                <styleUrl>#modifiedtelemetry</styleUrl>
                <TimeSpan>
                  <begin>2026-05-21T14:56:47.827726+00:00</begin>
                  <end>2026-05-21T14:56:48.827726+00:00</end>
                </TimeSpan>
                <Point>
                  <coordinates>8.522383616826263,47.37222216094668,0</coordinates>
                </Point>
              </Placemark>
              <Placemark>
                <name>Telemetry 22</name>
                <styleUrl>#modifiedtelemetry</styleUrl>
                <TimeSpan>
                  <begin>2026-05-21T14:56:48.827726+00:00</begin>
                  <end>2026-05-21T14:56:49.827726+00:00</end>
                </TimeSpan>
                <Point>
                  <coordinates>8.52233432103946,47.372257105991366,0</coordinates>
                </Point>
              </Placemark>
              <Placemark>
                <name>Telemetry 23</name>
                <styleUrl>#modifiedtelemetry</styleUrl>
                <TimeSpan>
                  <begin>2026-05-21T14:56:49.827726+00:00</begin>
                  <end>2026-05-21T14:56:50.827726+00:00</end>
                </TimeSpan>
                <Point>
                  <coordinates>8.52228502525266,47.37229205103605,0</coordinates>
                </Point>
              </Placemark>
              <Placemark>
                <name>Telemetry 24</name>
                <styleUrl>#modifiedtelemetry</styleUrl>
                <TimeSpan>
                  <begin>2026-05-21T14:56:50.827726+00:00</begin>
                  <end>2026-05-21T14:56:51.827726+00:00</end>
                </TimeSpan>
                <Point>
                  <coordinates>8.522235729465857,47.37232699608074,0</coordinates>
                </Point>
              </Placemark>
              <Placemark>
                <name>Telemetry 25</name>
                <styleUrl>#modifiedtelemetry</styleUrl>
                <TimeSpan>
                  <begin>2026-05-21T14:56:51.827726+00:00</begin>
                  <end>2026-05-21T14:56:52.827726+00:00</end>
                </TimeSpan>
                <Point>
                  <coordinates>8.522186433679055,47.37236194112542,0</coordinates>
                </Point>
              </Placemark>
              <Placemark>
                <name>Telemetry 26</name>
                <styleUrl>#modifiedtelemetry</styleUrl>
                <TimeSpan>
                  <begin>2026-05-21T14:56:52.827726+00:00</begin>
                  <end>2026-05-21T14:56:53.827726+00:00</end>
                </TimeSpan>
                <Point>
                  <coordinates>8.522137137892253,47.37239688617011,0</coordinates>
                </Point>
              </Placemark>
              <Placemark>
                <name>Telemetry 27</name>
                <styleUrl>#modifiedtelemetry</styleUrl>
                <TimeSpan>
                  <begin>2026-05-21T14:56:53.827726+00:00</begin>
                  <end>2026-05-21T14:56:54.827726+00:00</end>
                </TimeSpan>
                <Point>
                  <coordinates>8.522087838468211,47.37243182886079,0</coordinates>
                </Point>
              </Placemark>
              <Placemark>
                <name>Telemetry 28</name>
                <styleUrl>#modifiedtelemetry</styleUrl>
                <TimeSpan>
                  <begin>2026-05-21T14:56:54.827726+00:00</begin>
                  <end>2026-05-21T14:56:55.827726+00:00</end>
                </TimeSpan>
                <Point>
                  <coordinates>8.522032112466293,47.37247131013179,0</coordinates>
                </Point>
              </Placemark>
              <Placemark>
                <name>Telemetry 29</name>
                <styleUrl>#modifiedtelemetry</styleUrl>
                <TimeSpan>
                  <begin>2026-05-21T14:56:55.827726+00:00</begin>
                  <end>2026-05-21T14:56:56.827726+00:00</end>
                </TimeSpan>
                <Point>
                  <coordinates>8.521976386464376,47.37251079140279,0</coordinates>
                </Point>
              </Placemark>
              <Placemark>
                <name>Telemetry 30</name>
                <styleUrl>#modifiedtelemetry</styleUrl>
                <TimeSpan>
                  <begin>2026-05-21T14:56:56.827726+00:00</begin>
                  <end>2026-05-21T14:56:57.827726+00:00</end>
                </TimeSpan>
                <Point>
                  <coordinates>8.521920660462458,47.37255027267379,0</coordinates>
                </Point>
              </Placemark>
              <Placemark>
                <name>Telemetry 31</name>
                <styleUrl>#modifiedtelemetry</styleUrl>
                <TimeSpan>
                  <begin>2026-05-21T14:56:57.827726+00:00</begin>
                  <end>2026-05-21T14:56:58.827726+00:00</end>
                </TimeSpan>
                <Point>
                  <coordinates>8.521864934460542,47.37258975394479,0</coordinates>
                </Point>
              </Placemark>
              <Placemark>
                <name>Telemetry 32</name>
                <styleUrl>#modifiedtelemetry</styleUrl>
                <TimeSpan>
                  <begin>2026-05-21T14:56:58.827726+00:00</begin>
                  <end>2026-05-21T14:56:59.827726+00:00</end>
                </TimeSpan>
                <Point>
                  <coordinates>8.521809208458624,47.37262923521579,0</coordinates>
                </Point>
              </Placemark>
              <Placemark>
                <name>Telemetry 33</name>
                <styleUrl>#modifiedtelemetry</styleUrl>
                <TimeSpan>
                  <begin>2026-05-21T14:56:59.827726+00:00</begin>
                  <end>2026-05-21T14:57:00.827726+00:00</end>
                </TimeSpan>
                <Point>
                  <coordinates>8.521753482456708,47.372668716486785,0</coordinates>
                </Point>
              </Placemark>
              <Placemark>
                <name>Telemetry 34</name>
                <styleUrl>#modifiedtelemetry</styleUrl>
                <TimeSpan>
                  <begin>2026-05-21T14:57:00.827726+00:00</begin>
                  <end>2026-05-21T14:57:01.827726+00:00</end>
                </TimeSpan>
                <Point>
                  <coordinates>8.521697756454788,47.37270819775779,0</coordinates>
                </Point>
              </Placemark>
              <Placemark>
                <name>Telemetry 35</name>
                <styleUrl>#modifiedtelemetry</styleUrl>
                <TimeSpan>
                  <begin>2026-05-21T14:57:01.827726+00:00</begin>
                  <end>2026-05-21T14:57:02.827726+00:00</end>
                </TimeSpan>
                <Point>
                  <coordinates>8.52164203045287,47.372747679028784,0</coordinates>
                </Point>
              </Placemark>
              <Placemark>
                <name>Telemetry 36</name>
                <styleUrl>#modifiedtelemetry</styleUrl>
                <TimeSpan>
                  <begin>2026-05-21T14:57:02.827726+00:00</begin>
                  <end>2026-05-21T14:57:03.827726+00:00</end>
                </TimeSpan>
                <Point>
                  <coordinates>8.521586304450953,47.37278716029979,0</coordinates>
                </Point>
              </Placemark>
              <Placemark>
                <name>Telemetry 37</name>
                <styleUrl>#modifiedtelemetry</styleUrl>
                <TimeSpan>
                  <begin>2026-05-21T14:57:03.827726+00:00</begin>
                  <end>2026-05-21T14:57:04.827726+00:00</end>
                </TimeSpan>
                <Point>
                  <coordinates>8.521530578449035,47.37282664157078,0</coordinates>
                </Point>
              </Placemark>
              <Placemark>
                <name>Telemetry 38</name>
                <styleUrl>#modifiedtelemetry</styleUrl>
                <TimeSpan>
                  <begin>2026-05-21T14:57:04.827726+00:00</begin>
                  <end>2026-05-21T14:57:05.827726+00:00</end>
                </TimeSpan>
                <Point>
                  <coordinates>8.521474852447117,47.372866122841785,0</coordinates>
                </Point>
              </Placemark>
              <Placemark>
                <name>Telemetry 39</name>
                <styleUrl>#modifiedtelemetry</styleUrl>
                <TimeSpan>
                  <begin>2026-05-21T14:57:05.827726+00:00</begin>
                  <end>2026-05-21T14:57:06.827726+00:00</end>
                </TimeSpan>
                <Point>
                  <coordinates>8.5214191264452,47.37290560411278,0</coordinates>
                </Point>
              </Placemark>
              <Placemark>
                <name>Telemetry 40</name>
                <styleUrl>#modifiedtelemetry</styleUrl>
                <TimeSpan>
                  <begin>2026-05-21T14:57:06.827726+00:00</begin>
                  <end>2026-05-21T14:57:07.827726+00:00</end>
                </TimeSpan>
                <Point>
                  <coordinates>8.521363400443283,47.37294508538378,0</coordinates>
                </Point>
              </Placemark>
              <Placemark>
                <name>Telemetry 41</name>
                <styleUrl>#modifiedtelemetry</styleUrl>
                <TimeSpan>
                  <begin>2026-05-21T14:57:07.827726+00:00</begin>
                  <end>2026-05-21T14:57:08.827726+00:00</end>
                </TimeSpan>
                <Point>
                  <coordinates>8.521307674441365,47.37298456665478,0</coordinates>
                </Point>
              </Placemark>
              <Placemark>
                <name>Telemetry 42</name>
                <styleUrl>#modifiedtelemetry</styleUrl>
                <TimeSpan>
                  <begin>2026-05-21T14:57:08.827726+00:00</begin>
                  <end>2026-05-21T14:57:09.827726+00:00</end>
                </TimeSpan>
                <Point>
                  <coordinates>8.521251948439447,47.37302404792578,0</coordinates>
                </Point>
              </Placemark>
              <Placemark>
                <name>Telemetry 43</name>
                <styleUrl>#modifiedtelemetry</styleUrl>
                <TimeSpan>
                  <begin>2026-05-21T14:57:09.827726+00:00</begin>
                  <end>2026-05-21T14:57:10.827726+00:00</end>
                </TimeSpan>
                <Point>
                  <coordinates>8.52119622243753,47.37306352919678,0</coordinates>
                </Point>
              </Placemark>
              <Placemark>
                <name>Telemetry 44</name>
                <styleUrl>#modifiedtelemetry</styleUrl>
                <TimeSpan>
                  <begin>2026-05-21T14:57:10.827726+00:00</begin>
                  <end>2026-05-21T14:57:11.827726+00:00</end>
                </TimeSpan>
                <Point>
                  <coordinates>8.521140496435612,47.37310301046778,0</coordinates>
                </Point>
              </Placemark>
              <Placemark>
                <name>Telemetry 45</name>
                <styleUrl>#modifiedtelemetry</styleUrl>
                <TimeSpan>
                  <begin>2026-05-21T14:57:11.827726+00:00</begin>
                  <end>2026-05-21T14:57:12.827726+00:00</end>
                </TimeSpan>
                <Point>
                  <coordinates>8.521084770433694,47.373142491738776,0</coordinates>
                </Point>
              </Placemark>
              <Placemark>
                <name>Telemetry 46</name>
                <styleUrl>#modifiedtelemetry</styleUrl>
                <TimeSpan>
                  <begin>2026-05-21T14:57:12.827726+00:00</begin>
                  <end>2026-05-21T14:57:13.827726+00:00</end>
                </TimeSpan>
                <Point>
                  <coordinates>8.521029997240193,47.37318257084312,0</coordinates>
                </Point>
              </Placemark>
              <Placemark>
                <name>Telemetry 47</name>
                <styleUrl>#modifiedtelemetry</styleUrl>
                <TimeSpan>
                  <begin>2026-05-21T14:57:13.827726+00:00</begin>
                  <end>2026-05-21T14:57:14.827726+00:00</end>
                </TimeSpan>
                <Point>
                  <coordinates>8.520963533997929,47.37323270220549,0</coordinates>
                </Point>
              </Placemark>
              <Placemark>
                <name>Telemetry 48</name>
                <styleUrl>#modifiedtelemetry</styleUrl>
                <TimeSpan>
                  <begin>2026-05-21T14:57:14.827726+00:00</begin>
                  <end>2026-05-21T14:57:15.827726+00:00</end>
                </TimeSpan>
                <Point>
                  <coordinates>8.520897070755662,47.37328283356786,0</coordinates>
                </Point>
              </Placemark>
              <Placemark>
                <name>Telemetry 49</name>
                <styleUrl>#modifiedtelemetry</styleUrl>
                <TimeSpan>
                  <begin>2026-05-21T14:57:15.827726+00:00</begin>
                  <end>2026-05-21T14:57:16.827726+00:00</end>
                </TimeSpan>
                <Point>
                  <coordinates>8.520830607513398,47.37333296493023,0</coordinates>
                </Point>
              </Placemark>
              <Placemark>
                <name>Telemetry 50</name>
                <styleUrl>#modifiedtelemetry</styleUrl>
                <TimeSpan>
                  <begin>2026-05-21T14:57:16.827726+00:00</begin>
                  <end>2026-05-21T14:57:17.827726+00:00</end>
                </TimeSpan>
                <Point>
                  <coordinates>8.520764144271133,47.3733830962926,0</coordinates>
                </Point>
              </Placemark>
              <Placemark>
                <name>Telemetry 51</name>
                <styleUrl>#modifiedtelemetry</styleUrl>
                <TimeSpan>
                  <begin>2026-05-21T14:57:17.827726+00:00</begin>
                  <end>2026-05-21T14:57:18.827726+00:00</end>
                </TimeSpan>
                <Point>
                  <coordinates>8.520697681028867,47.37343322765497,0</coordinates>
                </Point>
              </Placemark>
              <Placemark>
                <name>Telemetry 52</name>
                <styleUrl>#modifiedtelemetry</styleUrl>
                <TimeSpan>
                  <begin>2026-05-21T14:57:18.827726+00:00</begin>
                  <end>2026-05-21T14:57:19.827726+00:00</end>
                </TimeSpan>
                <Point>
                  <coordinates>8.520631217786603,47.373483359017335,0</coordinates>
                </Point>
              </Placemark>
              <Placemark>
                <name>Telemetry 53</name>
                <styleUrl>#modifiedtelemetry</styleUrl>
                <TimeSpan>
                  <begin>2026-05-21T14:57:19.827726+00:00</begin>
                  <end>2026-05-21T14:57:20.827726+00:00</end>
                </TimeSpan>
                <Point>
                  <coordinates>8.520564754544338,47.37353349037971,0</coordinates>
                </Point>
              </Placemark>
              <Placemark>
                <name>Telemetry 54</name>
                <styleUrl>#modifiedtelemetry</styleUrl>
                <TimeSpan>
                  <begin>2026-05-21T14:57:20.827726+00:00</begin>
                  <end>2026-05-21T14:57:21.827726+00:00</end>
                </TimeSpan>
                <Point>
                  <coordinates>8.520498291302074,47.37358362174207,0</coordinates>
                </Point>
              </Placemark>
              <Placemark>
                <name>Telemetry 55</name>
                <styleUrl>#modifiedtelemetry</styleUrl>
                <TimeSpan>
                  <begin>2026-05-21T14:57:21.827726+00:00</begin>
                  <end>2026-05-21T14:57:22.827726+00:00</end>
                </TimeSpan>
                <Point>
                  <coordinates>8.520431828059808,47.37363375310444,0</coordinates>
                </Point>
              </Placemark>
              <Placemark>
                <name>Telemetry 56</name>
                <styleUrl>#modifiedtelemetry</styleUrl>
                <TimeSpan>
                  <begin>2026-05-21T14:57:22.827726+00:00</begin>
                  <end>2026-05-21T14:57:23.827726+00:00</end>
                </TimeSpan>
                <Point>
                  <coordinates>8.520365364817543,47.373683884466814,0</coordinates>
                </Point>
              </Placemark>
              <Placemark>
                <name>Telemetry 57</name>
                <styleUrl>#modifiedtelemetry</styleUrl>
                <TimeSpan>
                  <begin>2026-05-21T14:57:23.827726+00:00</begin>
                  <end>2026-05-21T14:57:24.827726+00:00</end>
                </TimeSpan>
                <Point>
                  <coordinates>8.520303903282091,47.37373680594896,0</coordinates>
                </Point>
              </Placemark>
              <Placemark>
                <name>Telemetry 58</name>
                <styleUrl>#modifiedtelemetry</styleUrl>
                <TimeSpan>
                  <begin>2026-05-21T14:57:24.827726+00:00</begin>
                  <end>2026-05-21T14:57:25.827726+00:00</end>
                </TimeSpan>
                <Point>
                  <coordinates>8.520235595452737,47.373798117289056,0</coordinates>
                </Point>
              </Placemark>
              <Placemark>
                <name>Telemetry 59</name>
                <styleUrl>#modifiedtelemetry</styleUrl>
                <TimeSpan>
                  <begin>2026-05-21T14:57:25.827726+00:00</begin>
                  <end>2026-05-21T14:57:26.827726+00:00</end>
                </TimeSpan>
                <Point>
                  <coordinates>8.520167287623382,47.373859428629146,0</coordinates>
                </Point>
              </Placemark>
              <Placemark>
                <name>Telemetry 60</name>
                <styleUrl>#modifiedtelemetry</styleUrl>
                <TimeSpan>
                  <begin>2026-05-21T14:57:26.827726+00:00</begin>
                  <end>2026-05-21T14:57:27.827726+00:00</end>
                </TimeSpan>
                <Point>
                  <coordinates>8.520098979794028,47.37392073996924,0</coordinates>
                </Point>
              </Placemark>
              <Placemark>
                <name>Telemetry 61</name>
                <styleUrl>#modifiedtelemetry</styleUrl>
                <TimeSpan>
                  <begin>2026-05-21T14:57:27.827726+00:00</begin>
                  <end>2026-05-21T14:57:28.827726+00:00</end>
                </TimeSpan>
                <Point>
                  <coordinates>8.520030671964673,47.37398205130934,0</coordinates>
                </Point>
              </Placemark>
              <Placemark>
                <name>Telemetry 62</name>
                <styleUrl>#modifiedtelemetry</styleUrl>
                <TimeSpan>
                  <begin>2026-05-21T14:57:28.827726+00:00</begin>
                  <end>2026-05-21T14:57:29.827726+00:00</end>
                </TimeSpan>
                <Point>
                  <coordinates>8.519962364135319,47.37404336264943,0</coordinates>
                </Point>
              </Placemark>
              <Placemark>
                <name>Telemetry 63</name>
                <styleUrl>#modifiedtelemetry</styleUrl>
                <TimeSpan>
                  <begin>2026-05-21T14:57:29.827726+00:00</begin>
                  <end>2026-05-21T14:57:30.827726+00:00</end>
                </TimeSpan>
                <Point>
                  <coordinates>8.519895098918301,47.374105167193115,0</coordinates>
                </Point>
              </Placemark>
            </Folder>
          </Folder>
        </Folder>
        <Folder>
          <name>Service Provider polling</name>
        </Folder>
        <Folder>
          <name>Service Provider polling</name>
        </Folder>
        <Folder>
          <name>Service Provider polling</name>
        </Folder>
        <Folder>
          <name>Service Provider polling</name>
        </Folder>
        <Folder>
          <name>Service Provider polling</name>
        </Folder>
        <Folder>
          <name>Verify operator notification</name>
        </Folder>
        <Folder>
          <name>Intermediate cleanup</name>
        </Folder>
        <Folder>
          <name>Retrieve pre-existing operator notification</name>
        </Folder>
        <Folder>
          <name>Injection</name>
          <Folder>
            <name>E104: uss1 interuss.automated_testing.rid.v1.injection.createTest</name>
            <Folder>
              <name>Test flight 771c729f-2669-45dd-881e-32c3dda27bb6</name>
              <Placemark>
                <name>Telemetry 0</name>
                <styleUrl>#modifiedtelemetry</styleUrl>
                <TimeSpan>
                  <begin>2026-05-21T14:56:37.402668+00:00</begin>
                  <end>2026-05-21T14:56:38.402668+00:00</end>
                </TimeSpan>
                <Point>
                  <coordinates>8.523321827032547,47.3715045208158,0</coordinates>
                </Point>
              </Placemark>
              <Placemark>
                <name>Telemetry 1</name>
                <styleUrl>#modifiedtelemetry</styleUrl>
                <TimeSpan>
                  <begin>2026-05-21T14:56:38.402668+00:00</begin>
                  <end>2026-05-21T14:56:39.402668+00:00</end>
                </TimeSpan>
                <Point>
                  <coordinates>8.523282890548819,47.371540881223694,0</coordinates>
                </Point>
              </Placemark>
              <Placemark>
                <name>Telemetry 2</name>
                <styleUrl>#modifiedtelemetry</styleUrl>
                <TimeSpan>
                  <begin>2026-05-21T14:56:39.402668+00:00</begin>
                  <end>2026-05-21T14:56:40.402668+00:00</end>
                </TimeSpan>
                <Point>
                  <coordinates>8.52324395406509,47.37157724163159,0</coordinates>
                </Point>
              </Placemark>
              <Placemark>
                <name>Telemetry 3</name>
                <styleUrl>#modifiedtelemetry</styleUrl>
                <TimeSpan>
                  <begin>2026-05-21T14:56:40.402668+00:00</begin>
                  <end>2026-05-21T14:56:41.402668+00:00</end>
                </TimeSpan>
                <Point>
                  <coordinates>8.523205017581365,47.37161360203949,0</coordinates>
                </Point>
              </Placemark>
              <Placemark>
                <name>Telemetry 4</name>
                <styleUrl>#modifiedtelemetry</styleUrl>
                <TimeSpan>
                  <begin>2026-05-21T14:56:41.402668+00:00</begin>
                  <end>2026-05-21T14:56:42.402668+00:00</end>
                </TimeSpan>
                <Point>
                  <coordinates>8.523166081097637,47.371649962447385,0</coordinates>
                </Point>
              </Placemark>
              <Placemark>
                <name>Telemetry 5</name>
                <styleUrl>#modifiedtelemetry</styleUrl>
                <TimeSpan>
                  <begin>2026-05-21T14:56:42.402668+00:00</begin>
                  <end>2026-05-21T14:56:43.402668+00:00</end>
                </TimeSpan>
                <Point>
                  <coordinates>8.523118769605144,47.37168134446735,0</coordinates>
                </Point>
              </Placemark>
              <Placemark>
                <name>Telemetry 6</name>
                <styleUrl>#modifiedtelemetry</styleUrl>
                <TimeSpan>
                  <begin>2026-05-21T14:56:43.402668+00:00</begin>
                  <end>2026-05-21T14:56:44.402668+00:00</end>
                </TimeSpan>
                <Point>
                  <coordinates>8.523070583658326,47.37171220668214,0</coordinates>
                </Point>
              </Placemark>
              <Placemark>
                <name>Telemetry 7</name>
                <styleUrl>#modifiedtelemetry</styleUrl>
                <TimeSpan>
                  <begin>2026-05-21T14:56:44.402668+00:00</begin>
                  <end>2026-05-21T14:56:45.402668+00:00</end>
                </TimeSpan>
                <Point>
                  <coordinates>8.523022397711506,47.371743068896926,0</coordinates>
                </Point>
              </Placemark>
              <Placemark>
                <name>Telemetry 8</name>
                <styleUrl>#modifiedtelemetry</styleUrl>
                <TimeSpan>
                  <begin>2026-05-21T14:56:45.402668+00:00</begin>
                  <end>2026-05-21T14:56:46.402668+00:00</end>
                </TimeSpan>
                <Point>
                  <coordinates>8.5229757392881,47.371774910132885,0</coordinates>
                </Point>
              </Placemark>
              <Placemark>
                <name>Telemetry 9</name>
                <styleUrl>#modifiedtelemetry</styleUrl>
                <TimeSpan>
                  <begin>2026-05-21T14:56:46.402668+00:00</begin>
                  <end>2026-05-21T14:56:47.402668+00:00</end>
                </TimeSpan>
                <Point>
                  <coordinates>8.522932891599606,47.371809193747204,0</coordinates>
                </Point>
              </Placemark>
              <Placemark>
                <name>Telemetry 10</name>
                <styleUrl>#modifiedtelemetry</styleUrl>
                <TimeSpan>
                  <begin>2026-05-21T14:56:47.402668+00:00</begin>
                  <end>2026-05-21T14:56:48.402668+00:00</end>
                </TimeSpan>
                <Point>
                  <coordinates>8.522890043911113,47.37184347736152,0</coordinates>
                </Point>
              </Placemark>
              <Placemark>
                <name>Telemetry 11</name>
                <styleUrl>#modifiedtelemetry</styleUrl>
                <TimeSpan>
                  <begin>2026-05-21T14:56:48.402668+00:00</begin>
                  <end>2026-05-21T14:56:49.402668+00:00</end>
                </TimeSpan>
                <Point>
                  <coordinates>8.52284719622262,47.37187776097584,0</coordinates>
                </Point>
              </Placemark>
              <Placemark>
                <name>Telemetry 12</name>
                <styleUrl>#modifiedtelemetry</styleUrl>
                <TimeSpan>
                  <begin>2026-05-21T14:56:49.402668+00:00</begin>
                  <end>2026-05-21T14:56:50.402668+00:00</end>
                </TimeSpan>
                <Point>
                  <coordinates>8.522804348534127,47.37191204459016,0</coordinates>
                </Point>
              </Placemark>
              <Placemark>
                <name>Telemetry 13</name>
                <styleUrl>#modifiedtelemetry</styleUrl>
                <TimeSpan>
                  <begin>2026-05-21T14:56:50.402668+00:00</begin>
                  <end>2026-05-21T14:56:51.402668+00:00</end>
                </TimeSpan>
                <Point>
                  <coordinates>8.522761500845634,47.37194632820448,0</coordinates>
                </Point>
              </Placemark>
              <Placemark>
                <name>Telemetry 14</name>
                <styleUrl>#modifiedtelemetry</styleUrl>
                <TimeSpan>
                  <begin>2026-05-21T14:56:51.402668+00:00</begin>
                  <end>2026-05-21T14:56:52.402668+00:00</end>
                </TimeSpan>
                <Point>
                  <coordinates>8.522718653157142,47.371980611818806,0</coordinates>
                </Point>
              </Placemark>
              <Placemark>
                <name>Telemetry 15</name>
                <styleUrl>#modifiedtelemetry</styleUrl>
                <TimeSpan>
                  <begin>2026-05-21T14:56:52.402668+00:00</begin>
                  <end>2026-05-21T14:56:53.402668+00:00</end>
                </TimeSpan>
                <Point>
                  <coordinates>8.522675805468648,47.372014895433125,0</coordinates>
                </Point>
              </Placemark>
              <Placemark>
                <name>Telemetry 16</name>
                <styleUrl>#modifiedtelemetry</styleUrl>
                <TimeSpan>
                  <begin>2026-05-21T14:56:53.402668+00:00</begin>
                  <end>2026-05-21T14:56:54.402668+00:00</end>
                </TimeSpan>
                <Point>
                  <coordinates>8.522630095760274,47.37204743572325,0</coordinates>
                </Point>
              </Placemark>
              <Placemark>
                <name>Telemetry 17</name>
                <styleUrl>#modifiedtelemetry</styleUrl>
                <TimeSpan>
                  <begin>2026-05-21T14:56:54.402668+00:00</begin>
                  <end>2026-05-21T14:56:55.402668+00:00</end>
                </TimeSpan>
                <Point>
                  <coordinates>8.522580799973472,47.372082380767935,0</coordinates>
                </Point>
              </Placemark>
              <Placemark>
                <name>Telemetry 18</name>
                <styleUrl>#modifiedtelemetry</styleUrl>
                <TimeSpan>
                  <begin>2026-05-21T14:56:55.402668+00:00</begin>
                  <end>2026-05-21T14:56:56.402668+00:00</end>
                </TimeSpan>
                <Point>
                  <coordinates>8.52253150418667,47.372117325812624,0</coordinates>
                </Point>
              </Placemark>
              <Placemark>
                <name>Telemetry 19</name>
                <styleUrl>#modifiedtelemetry</styleUrl>
                <TimeSpan>
                  <begin>2026-05-21T14:56:56.402668+00:00</begin>
                  <end>2026-05-21T14:56:57.402668+00:00</end>
                </TimeSpan>
                <Point>
                  <coordinates>8.52248220839987,47.372152270857306,0</coordinates>
                </Point>
              </Placemark>
              <Placemark>
                <name>Telemetry 20</name>
                <styleUrl>#modifiedtelemetry</styleUrl>
                <TimeSpan>
                  <begin>2026-05-21T14:56:57.402668+00:00</begin>
                  <end>2026-05-21T14:56:58.402668+00:00</end>
                </TimeSpan>
                <Point>
                  <coordinates>8.522432912613064,47.372187215901995,0</coordinates>
                </Point>
              </Placemark>
              <Placemark>
                <name>Telemetry 21</name>
                <styleUrl>#modifiedtelemetry</styleUrl>
                <TimeSpan>
                  <begin>2026-05-21T14:56:58.402668+00:00</begin>
                  <end>2026-05-21T14:56:59.402668+00:00</end>
                </TimeSpan>
                <Point>
                  <coordinates>8.522383616826263,47.37222216094668,0</coordinates>
                </Point>
              </Placemark>
              <Placemark>
                <name>Telemetry 22</name>
                <styleUrl>#modifiedtelemetry</styleUrl>
                <TimeSpan>
                  <begin>2026-05-21T14:56:59.402668+00:00</begin>
                  <end>2026-05-21T14:57:00.402668+00:00</end>
                </TimeSpan>
                <Point>
                  <coordinates>8.52233432103946,47.372257105991366,0</coordinates>
                </Point>
              </Placemark>
              <Placemark>
                <name>Telemetry 23</name>
                <styleUrl>#modifiedtelemetry</styleUrl>
                <TimeSpan>
                  <begin>2026-05-21T14:57:00.402668+00:00</begin>
                  <end>2026-05-21T14:57:01.402668+00:00</end>
                </TimeSpan>
                <Point>
                  <coordinates>8.52228502525266,47.37229205103605,0</coordinates>
                </Point>
              </Placemark>
              <Placemark>
                <name>Telemetry 24</name>
                <styleUrl>#modifiedtelemetry</styleUrl>
                <TimeSpan>
                  <begin>2026-05-21T14:57:01.402668+00:00</begin>
                  <end>2026-05-21T14:57:02.402668+00:00</end>
                </TimeSpan>
                <Point>
                  <coordinates>8.522235729465857,47.37232699608074,0</coordinates>
                </Point>
              </Placemark>
              <Placemark>
                <name>Telemetry 25</name>
                <styleUrl>#modifiedtelemetry</styleUrl>
                <TimeSpan>
                  <begin>2026-05-21T14:57:02.402668+00:00</begin>
                  <end>2026-05-21T14:57:03.402668+00:00</end>
                </TimeSpan>
                <Point>
                  <coordinates>8.522186433679055,47.37236194112542,0</coordinates>
                </Point>
              </Placemark>
              <Placemark>
                <name>Telemetry 26</name>
                <styleUrl>#modifiedtelemetry</styleUrl>
                <TimeSpan>
                  <begin>2026-05-21T14:57:03.402668+00:00</begin>
                  <end>2026-05-21T14:57:04.402668+00:00</end>
                </TimeSpan>
                <Point>
                  <coordinates>8.522137137892253,47.37239688617011,0</coordinates>
                </Point>
              </Placemark>
              <Placemark>
                <name>Telemetry 27</name>
                <styleUrl>#modifiedtelemetry</styleUrl>
                <TimeSpan>
                  <begin>2026-05-21T14:57:04.402668+00:00</begin>
                  <end>2026-05-21T14:57:05.402668+00:00</end>
                </TimeSpan>
                <Point>
                  <coordinates>8.522087838468211,47.37243182886079,0</coordinates>
                </Point>
              </Placemark>
              <Placemark>
                <name>Telemetry 28</name>
                <styleUrl>#modifiedtelemetry</styleUrl>
                <TimeSpan>
                  <begin>2026-05-21T14:57:05.402668+00:00</begin>
                  <end>2026-05-21T14:57:06.402668+00:00</end>
                </TimeSpan>
                <Point>
                  <coordinates>8.522032112466293,47.37247131013179,0</coordinates>
                </Point>
              </Placemark>
              <Placemark>
                <name>Telemetry 29</name>
                <styleUrl>#modifiedtelemetry</styleUrl>
                <TimeSpan>
                  <begin>2026-05-21T14:57:06.402668+00:00</begin>
                  <end>2026-05-21T14:57:07.402668+00:00</end>
                </TimeSpan>
                <Point>
                  <coordinates>8.521976386464376,47.37251079140279,0</coordinates>
                </Point>
              </Placemark>
              <Placemark>
                <name>Telemetry 30</name>
                <styleUrl>#modifiedtelemetry</styleUrl>
                <TimeSpan>
                  <begin>2026-05-21T14:57:07.402668+00:00</begin>
                  <end>2026-05-21T14:57:08.402668+00:00</end>
                </TimeSpan>
                <Point>
                  <coordinates>8.521920660462458,47.37255027267379,0</coordinates>
                </Point>
              </Placemark>
              <Placemark>
                <name>Telemetry 31</name>
                <styleUrl>#modifiedtelemetry</styleUrl>
                <TimeSpan>
                  <begin>2026-05-21T14:57:08.402668+00:00</begin>
                  <end>2026-05-21T14:57:09.402668+00:00</end>
                </TimeSpan>
                <Point>
                  <coordinates>8.521864934460542,47.37258975394479,0</coordinates>
                </Point>
              </Placemark>
              <Placemark>
                <name>Telemetry 32</name>
                <styleUrl>#modifiedtelemetry</styleUrl>
                <TimeSpan>
                  <begin>2026-05-21T14:57:09.402668+00:00</begin>
                  <end>2026-05-21T14:57:10.402668+00:00</end>
                </TimeSpan>
                <Point>
                  <coordinates>8.521809208458624,47.37262923521579,0</coordinates>
                </Point>
              </Placemark>
              <Placemark>
                <name>Telemetry 33</name>
                <styleUrl>#modifiedtelemetry</styleUrl>
                <TimeSpan>
                  <begin>2026-05-21T14:57:10.402668+00:00</begin>
                  <end>2026-05-21T14:57:11.402668+00:00</end>
                </TimeSpan>
                <Point>
                  <coordinates>8.521753482456708,47.372668716486785,0</coordinates>
                </Point>
              </Placemark>
              <Placemark>
                <name>Telemetry 34</name>
                <styleUrl>#modifiedtelemetry</styleUrl>
                <TimeSpan>
                  <begin>2026-05-21T14:57:11.402668+00:00</begin>
                  <end>2026-05-21T14:57:12.402668+00:00</end>
                </TimeSpan>
                <Point>
                  <coordinates>8.521697756454788,47.37270819775779,0</coordinates>
                </Point>
              </Placemark>
              <Placemark>
                <name>Telemetry 35</name>
                <styleUrl>#modifiedtelemetry</styleUrl>
                <TimeSpan>
                  <begin>2026-05-21T14:57:12.402668+00:00</begin>
                  <end>2026-05-21T14:57:13.402668+00:00</end>
                </TimeSpan>
                <Point>
                  <coordinates>8.52164203045287,47.372747679028784,0</coordinates>
                </Point>
              </Placemark>
              <Placemark>
                <name>Telemetry 36</name>
                <styleUrl>#modifiedtelemetry</styleUrl>
                <TimeSpan>
                  <begin>2026-05-21T14:57:13.402668+00:00</begin>
                  <end>2026-05-21T14:57:14.402668+00:00</end>
                </TimeSpan>
                <Point>
                  <coordinates>8.521586304450953,47.37278716029979,0</coordinates>
                </Point>
              </Placemark>
              <Placemark>
                <name>Telemetry 37</name>
                <styleUrl>#modifiedtelemetry</styleUrl>
                <TimeSpan>
                  <begin>2026-05-21T14:57:14.402668+00:00</begin>
                  <end>2026-05-21T14:57:15.402668+00:00</end>
                </TimeSpan>
                <Point>
                  <coordinates>8.521530578449035,47.37282664157078,0</coordinates>
                </Point>
              </Placemark>
              <Placemark>
                <name>Telemetry 38</name>
                <styleUrl>#modifiedtelemetry</styleUrl>
                <TimeSpan>
                  <begin>2026-05-21T14:57:15.402668+00:00</begin>
                  <end>2026-05-21T14:57:16.402668+00:00</end>
                </TimeSpan>
                <Point>
                  <coordinates>8.521474852447117,47.372866122841785,0</coordinates>
                </Point>
              </Placemark>
              <Placemark>
                <name>Telemetry 39</name>
                <styleUrl>#modifiedtelemetry</styleUrl>
                <TimeSpan>
                  <begin>2026-05-21T14:57:16.402668+00:00</begin>
                  <end>2026-05-21T14:57:17.402668+00:00</end>
                </TimeSpan>
                <Point>
                  <coordinates>8.5214191264452,47.37290560411278,0</coordinates>
                </Point>
              </Placemark>
              <Placemark>
                <name>Telemetry 40</name>
                <styleUrl>#modifiedtelemetry</styleUrl>
                <TimeSpan>
                  <begin>2026-05-21T14:57:17.402668+00:00</begin>
                  <end>2026-05-21T14:57:18.402668+00:00</end>
                </TimeSpan>
                <Point>
                  <coordinates>8.521363400443283,47.37294508538378,0</coordinates>
                </Point>
              </Placemark>
              <Placemark>
                <name>Telemetry 41</name>
                <styleUrl>#modifiedtelemetry</styleUrl>
                <TimeSpan>
                  <begin>2026-05-21T14:57:18.402668+00:00</begin>
                  <end>2026-05-21T14:57:19.402668+00:00</end>
                </TimeSpan>
                <Point>
                  <coordinates>8.521307674441365,47.37298456665478,0</coordinates>
                </Point>
              </Placemark>
              <Placemark>
                <name>Telemetry 42</name>
                <styleUrl>#modifiedtelemetry</styleUrl>
                <TimeSpan>
                  <begin>2026-05-21T14:57:19.402668+00:00</begin>
                  <end>2026-05-21T14:57:20.402668+00:00</end>
                </TimeSpan>
                <Point>
                  <coordinates>8.521251948439447,47.37302404792578,0</coordinates>
                </Point>
              </Placemark>
              <Placemark>
                <name>Telemetry 43</name>
                <styleUrl>#modifiedtelemetry</styleUrl>
                <TimeSpan>
                  <begin>2026-05-21T14:57:20.402668+00:00</begin>
                  <end>2026-05-21T14:57:21.402668+00:00</end>
                </TimeSpan>
                <Point>
                  <coordinates>8.52119622243753,47.37306352919678,0</coordinates>
                </Point>
              </Placemark>
              <Placemark>
                <name>Telemetry 44</name>
                <styleUrl>#modifiedtelemetry</styleUrl>
                <TimeSpan>
                  <begin>2026-05-21T14:57:21.402668+00:00</begin>
                  <end>2026-05-21T14:57:22.402668+00:00</end>
                </TimeSpan>
                <Point>
                  <coordinates>8.521140496435612,47.37310301046778,0</coordinates>
                </Point>
              </Placemark>
              <Placemark>
                <name>Telemetry 45</name>
                <styleUrl>#modifiedtelemetry</styleUrl>
                <TimeSpan>
                  <begin>2026-05-21T14:57:22.402668+00:00</begin>
                  <end>2026-05-21T14:57:23.402668+00:00</end>
                </TimeSpan>
                <Point>
                  <coordinates>8.521084770433694,47.373142491738776,0</coordinates>
                </Point>
              </Placemark>
              <Placemark>
                <name>Telemetry 46</name>
                <styleUrl>#modifiedtelemetry</styleUrl>
                <TimeSpan>
                  <begin>2026-05-21T14:57:23.402668+00:00</begin>
                  <end>2026-05-21T14:57:24.402668+00:00</end>
                </TimeSpan>
                <Point>
                  <coordinates>8.521029997240193,47.37318257084312,0</coordinates>
                </Point>
              </Placemark>
              <Placemark>
                <name>Telemetry 47</name>
                <styleUrl>#modifiedtelemetry</styleUrl>
                <TimeSpan>
                  <begin>2026-05-21T14:57:24.402668+00:00</begin>
                  <end>2026-05-21T14:57:25.402668+00:00</end>
                </TimeSpan>
                <Point>
                  <coordinates>8.520963533997929,47.37323270220549,0</coordinates>
                </Point>
              </Placemark>
              <Placemark>
                <name>Telemetry 48</name>
                <styleUrl>#modifiedtelemetry</styleUrl>
                <TimeSpan>
                  <begin>2026-05-21T14:57:25.402668+00:00</begin>
                  <end>2026-05-21T14:57:26.402668+00:00</end>
                </TimeSpan>
                <Point>
                  <coordinates>8.520897070755662,47.37328283356786,0</coordinates>
                </Point>
              </Placemark>
              <Placemark>
                <name>Telemetry 49</name>
                <styleUrl>#modifiedtelemetry</styleUrl>
                <TimeSpan>
                  <begin>2026-05-21T14:57:26.402668+00:00</begin>
                  <end>2026-05-21T14:57:27.402668+00:00</end>
                </TimeSpan>
                <Point>
                  <coordinates>8.520830607513398,47.37333296493023,0</coordinates>
                </Point>
              </Placemark>
              <Placemark>
                <name>Telemetry 50</name>
                <styleUrl>#modifiedtelemetry</styleUrl>
                <TimeSpan>
                  <begin>2026-05-21T14:57:27.402668+00:00</begin>
                  <end>2026-05-21T14:57:28.402668+00:00</end>
                </TimeSpan>
                <Point>
                  <coordinates>8.520764144271133,47.3733830962926,0</coordinates>
                </Point>
              </Placemark>
              <Placemark>
                <name>Telemetry 51</name>
                <styleUrl>#modifiedtelemetry</styleUrl>
                <TimeSpan>
                  <begin>2026-05-21T14:57:28.402668+00:00</begin>
                  <end>2026-05-21T14:57:29.402668+00:00</end>
                </TimeSpan>
                <Point>
                  <coordinates>8.520697681028867,47.37343322765497,0</coordinates>
                </Point>
              </Placemark>
              <Placemark>
                <name>Telemetry 52</name>
                <styleUrl>#modifiedtelemetry</styleUrl>
                <TimeSpan>
                  <begin>2026-05-21T14:57:29.402668+00:00</begin>
                  <end>2026-05-21T14:57:30.402668+00:00</end>
                </TimeSpan>
                <Point>
                  <coordinates>8.520631217786603,47.373483359017335,0</coordinates>
                </Point>
              </Placemark>
              <Placemark>
                <name>Telemetry 53</name>
                <styleUrl>#modifiedtelemetry</styleUrl>
                <TimeSpan>
                  <begin>2026-05-21T14:57:30.402668+00:00</begin>
                  <end>2026-05-21T14:57:31.402668+00:00</end>
                </TimeSpan>
                <Point>
                  <coordinates>8.520564754544338,47.37353349037971,0</coordinates>
                </Point>
              </Placemark>
              <Placemark>
                <name>Telemetry 54</name>
                <styleUrl>#modifiedtelemetry</styleUrl>
                <TimeSpan>
                  <begin>2026-05-21T14:57:31.402668+00:00</begin>
                  <end>2026-05-21T14:57:32.402668+00:00</end>
                </TimeSpan>
                <Point>
                  <coordinates>8.520498291302074,47.37358362174207,0</coordinates>
                </Point>
              </Placemark>
              <Placemark>
                <name>Telemetry 55</name>
                <styleUrl>#modifiedtelemetry</styleUrl>
                <TimeSpan>
                  <begin>2026-05-21T14:57:32.402668+00:00</begin>
                  <end>2026-05-21T14:57:33.402668+00:00</end>
                </TimeSpan>
                <Point>
                  <coordinates>8.520431828059808,47.37363375310444,0</coordinates>
                </Point>
              </Placemark>
              <Placemark>
                <name>Telemetry 56</name>
                <styleUrl>#modifiedtelemetry</styleUrl>
                <TimeSpan>
                  <begin>2026-05-21T14:57:33.402668+00:00</begin>
                  <end>2026-05-21T14:57:34.402668+00:00</end>
                </TimeSpan>
                <Point>
                  <coordinates>8.520365364817543,47.373683884466814,0</coordinates>
                </Point>
              </Placemark>
              <Placemark>
                <name>Telemetry 57</name>
                <styleUrl>#modifiedtelemetry</styleUrl>
                <TimeSpan>
                  <begin>2026-05-21T14:57:34.402668+00:00</begin>
                  <end>2026-05-21T14:57:35.402668+00:00</end>
                </TimeSpan>
                <Point>
                  <coordinates>8.520303903282091,47.37373680594896,0</coordinates>
                </Point>
              </Placemark>
              <Placemark>
                <name>Telemetry 58</name>
                <styleUrl>#modifiedtelemetry</styleUrl>
                <TimeSpan>
                  <begin>2026-05-21T14:57:35.402668+00:00</begin>
                  <end>2026-05-21T14:57:36.402668+00:00</end>
                </TimeSpan>
                <Point>
                  <coordinates>8.520235595452737,47.373798117289056,0</coordinates>
                </Point>
              </Placemark>
              <Placemark>
                <name>Telemetry 59</name>
                <styleUrl>#modifiedtelemetry</styleUrl>
                <TimeSpan>
                  <begin>2026-05-21T14:57:36.402668+00:00</begin>
                  <end>2026-05-21T14:57:37.402668+00:00</end>
                </TimeSpan>
                <Point>
                  <coordinates>8.520167287623382,47.373859428629146,0</coordinates>
                </Point>
              </Placemark>
              <Placemark>
                <name>Telemetry 60</name>
                <styleUrl>#modifiedtelemetry</styleUrl>
                <TimeSpan>
                  <begin>2026-05-21T14:57:37.402668+00:00</begin>
                  <end>2026-05-21T14:57:38.402668+00:00</end>
                </TimeSpan>
                <Point>
                  <coordinates>8.520098979794028,47.37392073996924,0</coordinates>
                </Point>
              </Placemark>
              <Placemark>
                <name>Telemetry 61</name>
                <styleUrl>#modifiedtelemetry</styleUrl>
                <TimeSpan>
                  <begin>2026-05-21T14:57:38.402668+00:00</begin>
                  <end>2026-05-21T14:57:39.402668+00:00</end>
                </TimeSpan>
                <Point>
                  <coordinates>8.520030671964673,47.37398205130934,0</coordinates>
                </Point>
              </Placemark>
              <Placemark>
                <name>Telemetry 62</name>
                <styleUrl>#modifiedtelemetry</styleUrl>
                <TimeSpan>
                  <begin>2026-05-21T14:57:39.402668+00:00</begin>
                  <end>2026-05-21T14:57:40.402668+00:00</end>
                </TimeSpan>
                <Point>
                  <coordinates>8.519962364135319,47.37404336264943,0</coordinates>
                </Point>
              </Placemark>
              <Placemark>
                <name>Telemetry 63</name>
                <styleUrl>#modifiedtelemetry</styleUrl>
                <TimeSpan>
                  <begin>2026-05-21T14:57:40.402668+00:00</begin>
                  <end>2026-05-21T14:57:41.402668+00:00</end>
                </TimeSpan>
                <Point>
                  <coordinates>8.519895098918301,47.374105167193115,0</coordinates>
                </Point>
              </Placemark>
            </Folder>
          </Folder>
        </Folder>
        <Folder>
          <name>Service Provider polling</name>
        </Folder>
        <Folder>
          <name>Service Provider polling</name>
        </Folder>
        <Folder>
          <name>Service Provider polling</name>
        </Folder>
        <Folder>
          <name>Service Provider polling</name>
        </Folder>
        <Folder>
          <name>Service Provider polling</name>
        </Folder>
        <Folder>
          <name>Verify operator notification</name>
        </Folder>
        <Folder>
          <name>Intermediate cleanup</name>
        </Folder>
        <Folder>
          <name>Retrieve pre-existing operator notification</name>
        </Folder>
        <Folder>
          <name>Injection</name>
          <Folder>
            <name>E124: uss1 interuss.automated_testing.rid.v1.injection.createTest</name>
            <Folder>
              <name>Test flight f8fd15aa-67d6-402d-8aa3-08bd25e730f3</name>
              <Placemark>
                <name>Telemetry 0</name>
                <styleUrl>#modifiedtelemetry</styleUrl>
                <TimeSpan>
                  <begin>2026-05-21T14:56:47.901618+00:00</begin>
                  <end>2026-05-21T14:56:48.901618+00:00</end>
                </TimeSpan>
                <Point>
                  <coordinates>8.523321827032547,47.3715045208158,0</coordinates>
                </Point>
              </Placemark>
              <Placemark>
                <name>Telemetry 1</name>
                <styleUrl>#modifiedtelemetry</styleUrl>
                <TimeSpan>
                  <begin>2026-05-21T14:56:48.901618+00:00</begin>
                  <end>2026-05-21T14:56:49.901618+00:00</end>
                </TimeSpan>
                <Point>
                  <coordinates>8.523282890548819,47.371540881223694,0</coordinates>
                </Point>
              </Placemark>
              <Placemark>
                <name>Telemetry 2</name>
                <styleUrl>#modifiedtelemetry</styleUrl>
                <TimeSpan>
                  <begin>2026-05-21T14:56:49.901618+00:00</begin>
                  <end>2026-05-21T14:56:50.901618+00:00</end>
                </TimeSpan>
                <Point>
                  <coordinates>8.52324395406509,47.37157724163159,0</coordinates>
                </Point>
              </Placemark>
              <Placemark>
                <name>Telemetry 3</name>
                <styleUrl>#modifiedtelemetry</styleUrl>
                <TimeSpan>
                  <begin>2026-05-21T14:56:50.901618+00:00</begin>
                  <end>2026-05-21T14:56:51.901618+00:00</end>
                </TimeSpan>
                <Point>
                  <coordinates>8.523205017581365,47.37161360203949,0</coordinates>
                </Point>
              </Placemark>
              <Placemark>
                <name>Telemetry 4</name>
                <styleUrl>#modifiedtelemetry</styleUrl>
                <TimeSpan>
                  <begin>2026-05-21T14:56:51.901618+00:00</begin>
                  <end>2026-05-21T14:56:52.901618+00:00</end>
                </TimeSpan>
                <Point>
                  <coordinates>8.523166081097637,47.371649962447385,0</coordinates>
                </Point>
              </Placemark>
              <Placemark>
                <name>Telemetry 5</name>
                <styleUrl>#modifiedtelemetry</styleUrl>
                <TimeSpan>
                  <begin>2026-05-21T14:56:52.901618+00:00</begin>
                  <end>2026-05-21T14:56:53.901618+00:00</end>
                </TimeSpan>
                <Point>
                  <coordinates>8.523118769605144,47.37168134446735,0</coordinates>
                </Point>
              </Placemark>
              <Placemark>
                <name>Telemetry 6</name>
                <styleUrl>#modifiedtelemetry</styleUrl>
                <TimeSpan>
                  <begin>2026-05-21T14:56:53.901618+00:00</begin>
                  <end>2026-05-21T14:56:54.901618+00:00</end>
                </TimeSpan>
                <Point>
                  <coordinates>8.523070583658326,47.37171220668214,0</coordinates>
                </Point>
              </Placemark>
              <Placemark>
                <name>Telemetry 7</name>
                <styleUrl>#modifiedtelemetry</styleUrl>
                <TimeSpan>
                  <begin>2026-05-21T14:56:54.901618+00:00</begin>
                  <end>2026-05-21T14:56:55.901618+00:00</end>
                </TimeSpan>
                <Point>
                  <coordinates>8.523022397711506,47.371743068896926,0</coordinates>
                </Point>
              </Placemark>
              <Placemark>
                <name>Telemetry 8</name>
                <styleUrl>#modifiedtelemetry</styleUrl>
                <TimeSpan>
                  <begin>2026-05-21T14:56:55.901618+00:00</begin>
                  <end>2026-05-21T14:56:56.901618+00:00</end>
                </TimeSpan>
                <Point>
                  <coordinates>8.5229757392881,47.371774910132885,0</coordinates>
                </Point>
              </Placemark>
              <Placemark>
                <name>Telemetry 9</name>
                <styleUrl>#modifiedtelemetry</styleUrl>
                <TimeSpan>
                  <begin>2026-05-21T14:56:56.901618+00:00</begin>
                  <end>2026-05-21T14:56:57.901618+00:00</end>
                </TimeSpan>
                <Point>
                  <coordinates>8.522932891599606,47.371809193747204,0</coordinates>
                </Point>
              </Placemark>
              <Placemark>
                <name>Telemetry 10</name>
                <styleUrl>#modifiedtelemetry</styleUrl>
                <TimeSpan>
                  <begin>2026-05-21T14:56:57.901618+00:00</begin>
                  <end>2026-05-21T14:56:58.901618+00:00</end>
                </TimeSpan>
                <Point>
                  <coordinates>8.522890043911113,47.37184347736152,0</coordinates>
                </Point>
              </Placemark>
              <Placemark>
                <name>Telemetry 11</name>
                <styleUrl>#modifiedtelemetry</styleUrl>
                <TimeSpan>
                  <begin>2026-05-21T14:56:58.901618+00:00</begin>
                  <end>2026-05-21T14:56:59.901618+00:00</end>
                </TimeSpan>
                <Point>
                  <coordinates>8.52284719622262,47.37187776097584,0</coordinates>
                </Point>
              </Placemark>
              <Placemark>
                <name>Telemetry 12</name>
                <styleUrl>#modifiedtelemetry</styleUrl>
                <TimeSpan>
                  <begin>2026-05-21T14:56:59.901618+00:00</begin>
                  <end>2026-05-21T14:57:00.901618+00:00</end>
                </TimeSpan>
                <Point>
                  <coordinates>8.522804348534127,47.37191204459016,0</coordinates>
                </Point>
              </Placemark>
              <Placemark>
                <name>Telemetry 13</name>
                <styleUrl>#modifiedtelemetry</styleUrl>
                <TimeSpan>
                  <begin>2026-05-21T14:57:00.901618+00:00</begin>
                  <end>2026-05-21T14:57:01.901618+00:00</end>
                </TimeSpan>
                <Point>
                  <coordinates>8.522761500845634,47.37194632820448,0</coordinates>
                </Point>
              </Placemark>
              <Placemark>
                <name>Telemetry 14</name>
                <styleUrl>#modifiedtelemetry</styleUrl>
                <TimeSpan>
                  <begin>2026-05-21T14:57:01.901618+00:00</begin>
                  <end>2026-05-21T14:57:02.901618+00:00</end>
                </TimeSpan>
                <Point>
                  <coordinates>8.522718653157142,47.371980611818806,0</coordinates>
                </Point>
              </Placemark>
              <Placemark>
                <name>Telemetry 15</name>
                <styleUrl>#modifiedtelemetry</styleUrl>
                <TimeSpan>
                  <begin>2026-05-21T14:57:02.901618+00:00</begin>
                  <end>2026-05-21T14:57:03.901618+00:00</end>
                </TimeSpan>
                <Point>
                  <coordinates>8.522675805468648,47.372014895433125,0</coordinates>
                </Point>
              </Placemark>
              <Placemark>
                <name>Telemetry 16</name>
                <styleUrl>#modifiedtelemetry</styleUrl>
                <TimeSpan>
                  <begin>2026-05-21T14:57:03.901618+00:00</begin>
                  <end>2026-05-21T14:57:04.901618+00:00</end>
                </TimeSpan>
                <Point>
                  <coordinates>8.522630095760274,47.37204743572325,0</coordinates>
                </Point>
              </Placemark>
              <Placemark>
                <name>Telemetry 17</name>
                <styleUrl>#modifiedtelemetry</styleUrl>
                <TimeSpan>
                  <begin>2026-05-21T14:57:04.901618+00:00</begin>
                  <end>2026-05-21T14:57:05.901618+00:00</end>
                </TimeSpan>
                <Point>
                  <coordinates>8.522580799973472,47.372082380767935,0</coordinates>
                </Point>
              </Placemark>
              <Placemark>
                <name>Telemetry 18</name>
                <styleUrl>#modifiedtelemetry</styleUrl>
                <TimeSpan>
                  <begin>2026-05-21T14:57:05.901618+00:00</begin>
                  <end>2026-05-21T14:57:06.901618+00:00</end>
                </TimeSpan>
                <Point>
                  <coordinates>8.52253150418667,47.372117325812624,0</coordinates>
                </Point>
              </Placemark>
              <Placemark>
                <name>Telemetry 19</name>
                <styleUrl>#modifiedtelemetry</styleUrl>
                <TimeSpan>
                  <begin>2026-05-21T14:57:06.901618+00:00</begin>
                  <end>2026-05-21T14:57:07.901618+00:00</end>
                </TimeSpan>
                <Point>
                  <coordinates>8.52248220839987,47.372152270857306,0</coordinates>
                </Point>
              </Placemark>
              <Placemark>
                <name>Telemetry 20</name>
                <styleUrl>#modifiedtelemetry</styleUrl>
                <TimeSpan>
                  <begin>2026-05-21T14:57:07.901618+00:00</begin>
                  <end>2026-05-21T14:57:08.901618+00:00</end>
                </TimeSpan>
                <Point>
                  <coordinates>8.522432912613064,47.372187215901995,0</coordinates>
                </Point>
              </Placemark>
              <Placemark>
                <name>Telemetry 21</name>
                <styleUrl>#modifiedtelemetry</styleUrl>
                <TimeSpan>
                  <begin>2026-05-21T14:57:08.901618+00:00</begin>
                  <end>2026-05-21T14:57:09.901618+00:00</end>
                </TimeSpan>
                <Point>
                  <coordinates>8.522383616826263,47.37222216094668,0</coordinates>
                </Point>
              </Placemark>
              <Placemark>
                <name>Telemetry 22</name>
                <styleUrl>#modifiedtelemetry</styleUrl>
                <TimeSpan>
                  <begin>2026-05-21T14:57:09.901618+00:00</begin>
                  <end>2026-05-21T14:57:10.901618+00:00</end>
                </TimeSpan>
                <Point>
                  <coordinates>8.52233432103946,47.372257105991366,0</coordinates>
                </Point>
              </Placemark>
              <Placemark>
                <name>Telemetry 23</name>
                <styleUrl>#modifiedtelemetry</styleUrl>
                <TimeSpan>
                  <begin>2026-05-21T14:57:10.901618+00:00</begin>
                  <end>2026-05-21T14:57:11.901618+00:00</end>
                </TimeSpan>
                <Point>
                  <coordinates>8.52228502525266,47.37229205103605,0</coordinates>
                </Point>
              </Placemark>
              <Placemark>
                <name>Telemetry 24</name>
                <styleUrl>#modifiedtelemetry</styleUrl>
                <TimeSpan>
                  <begin>2026-05-21T14:57:11.901618+00:00</begin>
                  <end>2026-05-21T14:57:12.901618+00:00</end>
                </TimeSpan>
                <Point>
                  <coordinates>8.522235729465857,47.37232699608074,0</coordinates>
                </Point>
              </Placemark>
              <Placemark>
                <name>Telemetry 25</name>
                <styleUrl>#modifiedtelemetry</styleUrl>
                <TimeSpan>
                  <begin>2026-05-21T14:57:12.901618+00:00</begin>
                  <end>2026-05-21T14:57:13.901618+00:00</end>
                </TimeSpan>
                <Point>
                  <coordinates>8.522186433679055,47.37236194112542,0</coordinates>
                </Point>
              </Placemark>
              <Placemark>
                <name>Telemetry 26</name>
                <styleUrl>#modifiedtelemetry</styleUrl>
                <TimeSpan>
                  <begin>2026-05-21T14:57:13.901618+00:00</begin>
                  <end>2026-05-21T14:57:14.901618+00:00</end>
                </TimeSpan>
                <Point>
                  <coordinates>8.522137137892253,47.37239688617011,0</coordinates>
                </Point>
              </Placemark>
              <Placemark>
                <name>Telemetry 27</name>
                <styleUrl>#modifiedtelemetry</styleUrl>
                <TimeSpan>
                  <begin>2026-05-21T14:57:14.901618+00:00</begin>
                  <end>2026-05-21T14:57:15.901618+00:00</end>
                </TimeSpan>
                <Point>
                  <coordinates>8.522087838468211,47.37243182886079,0</coordinates>
                </Point>
              </Placemark>
              <Placemark>
                <name>Telemetry 28</name>
                <styleUrl>#modifiedtelemetry</styleUrl>
                <TimeSpan>
                  <begin>2026-05-21T14:57:15.901618+00:00</begin>
                  <end>2026-05-21T14:57:16.901618+00:00</end>
                </TimeSpan>
                <Point>
                  <coordinates>8.522032112466293,47.37247131013179,0</coordinates>
                </Point>
              </Placemark>
              <Placemark>
                <name>Telemetry 29</name>
                <styleUrl>#modifiedtelemetry</styleUrl>
                <TimeSpan>
                  <begin>2026-05-21T14:57:16.901618+00:00</begin>
                  <end>2026-05-21T14:57:17.901618+00:00</end>
                </TimeSpan>
                <Point>
                  <coordinates>8.521976386464376,47.37251079140279,0</coordinates>
                </Point>
              </Placemark>
              <Placemark>
                <name>Telemetry 30</name>
                <styleUrl>#modifiedtelemetry</styleUrl>
                <TimeSpan>
                  <begin>2026-05-21T14:57:17.901618+00:00</begin>
                  <end>2026-05-21T14:57:18.901618+00:00</end>
                </TimeSpan>
                <Point>
                  <coordinates>8.521920660462458,47.37255027267379,0</coordinates>
                </Point>
              </Placemark>
              <Placemark>
                <name>Telemetry 31</name>
                <styleUrl>#modifiedtelemetry</styleUrl>
                <TimeSpan>
                  <begin>2026-05-21T14:57:18.901618+00:00</begin>
                  <end>2026-05-21T14:57:19.901618+00:00</end>
                </TimeSpan>
                <Point>
                  <coordinates>8.521864934460542,47.37258975394479,0</coordinates>
                </Point>
              </Placemark>
              <Placemark>
                <name>Telemetry 32</name>
                <styleUrl>#modifiedtelemetry</styleUrl>
                <TimeSpan>
                  <begin>2026-05-21T14:57:19.901618+00:00</begin>
                  <end>2026-05-21T14:57:20.901618+00:00</end>
                </TimeSpan>
                <Point>
                  <coordinates>8.521809208458624,47.37262923521579,0</coordinates>
                </Point>
              </Placemark>
              <Placemark>
                <name>Telemetry 33</name>
                <styleUrl>#modifiedtelemetry</styleUrl>
                <TimeSpan>
                  <begin>2026-05-21T14:57:20.901618+00:00</begin>
                  <end>2026-05-21T14:57:21.901618+00:00</end>
                </TimeSpan>
                <Point>
                  <coordinates>8.521753482456708,47.372668716486785,0</coordinates>
                </Point>
              </Placemark>
              <Placemark>
                <name>Telemetry 34</name>
                <styleUrl>#modifiedtelemetry</styleUrl>
                <TimeSpan>
                  <begin>2026-05-21T14:57:21.901618+00:00</begin>
                  <end>2026-05-21T14:57:22.901618+00:00</end>
                </TimeSpan>
                <Point>
                  <coordinates>8.521697756454788,47.37270819775779,0</coordinates>
                </Point>
              </Placemark>
              <Placemark>
                <name>Telemetry 35</name>
                <styleUrl>#modifiedtelemetry</styleUrl>
                <TimeSpan>
                  <begin>2026-05-21T14:57:22.901618+00:00</begin>
                  <end>2026-05-21T14:57:23.901618+00:00</end>
                </TimeSpan>
                <Point>
                  <coordinates>8.52164203045287,47.372747679028784,0</coordinates>
                </Point>
              </Placemark>
              <Placemark>
                <name>Telemetry 36</name>
                <styleUrl>#modifiedtelemetry</styleUrl>
                <TimeSpan>
                  <begin>2026-05-21T14:57:23.901618+00:00</begin>
                  <end>2026-05-21T14:57:24.901618+00:00</end>
                </TimeSpan>
                <Point>
                  <coordinates>8.521586304450953,47.37278716029979,0</coordinates>
                </Point>
              </Placemark>
              <Placemark>
                <name>Telemetry 37</name>
                <styleUrl>#modifiedtelemetry</styleUrl>
                <TimeSpan>
                  <begin>2026-05-21T14:57:24.901618+00:00</begin>
                  <end>2026-05-21T14:57:25.901618+00:00</end>
                </TimeSpan>
                <Point>
                  <coordinates>8.521530578449035,47.37282664157078,0</coordinates>
                </Point>
              </Placemark>
              <Placemark>
                <name>Telemetry 38</name>
                <styleUrl>#modifiedtelemetry</styleUrl>
                <TimeSpan>
                  <begin>2026-05-21T14:57:25.901618+00:00</begin>
                  <end>2026-05-21T14:57:26.901618+00:00</end>
                </TimeSpan>
                <Point>
                  <coordinates>8.521474852447117,47.372866122841785,0</coordinates>
                </Point>
              </Placemark>
              <Placemark>
                <name>Telemetry 39</name>
                <styleUrl>#modifiedtelemetry</styleUrl>
                <TimeSpan>
                  <begin>2026-05-21T14:57:26.901618+00:00</begin>
                  <end>2026-05-21T14:57:27.901618+00:00</end>
                </TimeSpan>
                <Point>
                  <coordinates>8.5214191264452,47.37290560411278,0</coordinates>
                </Point>
              </Placemark>
              <Placemark>
                <name>Telemetry 40</name>
                <styleUrl>#modifiedtelemetry</styleUrl>
                <TimeSpan>
                  <begin>2026-05-21T14:57:27.901618+00:00</begin>
                  <end>2026-05-21T14:57:28.901618+00:00</end>
                </TimeSpan>
                <Point>
                  <coordinates>8.521363400443283,47.37294508538378,0</coordinates>
                </Point>
              </Placemark>
              <Placemark>
                <name>Telemetry 41</name>
                <styleUrl>#modifiedtelemetry</styleUrl>
                <TimeSpan>
                  <begin>2026-05-21T14:57:28.901618+00:00</begin>
                  <end>2026-05-21T14:57:29.901618+00:00</end>
                </TimeSpan>
                <Point>
                  <coordinates>8.521307674441365,47.37298456665478,0</coordinates>
                </Point>
              </Placemark>
              <Placemark>
                <name>Telemetry 42</name>
                <styleUrl>#modifiedtelemetry</styleUrl>
                <TimeSpan>
                  <begin>2026-05-21T14:57:29.901618+00:00</begin>
                  <end>2026-05-21T14:57:30.901618+00:00</end>
                </TimeSpan>
                <Point>
                  <coordinates>8.521251948439447,47.37302404792578,0</coordinates>
                </Point>
              </Placemark>
              <Placemark>
                <name>Telemetry 43</name>
                <styleUrl>#modifiedtelemetry</styleUrl>
                <TimeSpan>
                  <begin>2026-05-21T14:57:30.901618+00:00</begin>
                  <end>2026-05-21T14:57:31.901618+00:00</end>
                </TimeSpan>
                <Point>
                  <coordinates>8.52119622243753,47.37306352919678,0</coordinates>
                </Point>
              </Placemark>
              <Placemark>
                <name>Telemetry 44</name>
                <styleUrl>#modifiedtelemetry</styleUrl>
                <TimeSpan>
                  <begin>2026-05-21T14:57:31.901618+00:00</begin>
                  <end>2026-05-21T14:57:32.901618+00:00</end>
                </TimeSpan>
                <Point>
                  <coordinates>8.521140496435612,47.37310301046778,0</coordinates>
                </Point>
              </Placemark>
              <Placemark>
                <name>Telemetry 45</name>
                <styleUrl>#modifiedtelemetry</styleUrl>
                <TimeSpan>
                  <begin>2026-05-21T14:57:32.901618+00:00</begin>
                  <end>2026-05-21T14:57:33.901618+00:00</end>
                </TimeSpan>
                <Point>
                  <coordinates>8.521084770433694,47.373142491738776,0</coordinates>
                </Point>
              </Placemark>
              <Placemark>
                <name>Telemetry 46</name>
                <styleUrl>#modifiedtelemetry</styleUrl>
                <TimeSpan>
                  <begin>2026-05-21T14:57:33.901618+00:00</begin>
                  <end>2026-05-21T14:57:34.901618+00:00</end>
                </TimeSpan>
                <Point>
                  <coordinates>8.521029997240193,47.37318257084312,0</coordinates>
                </Point>
              </Placemark>
              <Placemark>
                <name>Telemetry 47</name>
                <styleUrl>#modifiedtelemetry</styleUrl>
                <TimeSpan>
                  <begin>2026-05-21T14:57:34.901618+00:00</begin>
                  <end>2026-05-21T14:57:35.901618+00:00</end>
                </TimeSpan>
                <Point>
                  <coordinates>8.520963533997929,47.37323270220549,0</coordinates>
                </Point>
              </Placemark>
              <Placemark>
                <name>Telemetry 48</name>
                <styleUrl>#modifiedtelemetry</styleUrl>
                <TimeSpan>
                  <begin>2026-05-21T14:57:35.901618+00:00</begin>
                  <end>2026-05-21T14:57:36.901618+00:00</end>
                </TimeSpan>
                <Point>
                  <coordinates>8.520897070755662,47.37328283356786,0</coordinates>
                </Point>
              </Placemark>
              <Placemark>
                <name>Telemetry 49</name>
                <styleUrl>#modifiedtelemetry</styleUrl>
                <TimeSpan>
                  <begin>2026-05-21T14:57:36.901618+00:00</begin>
                  <end>2026-05-21T14:57:37.901618+00:00</end>
                </TimeSpan>
                <Point>
                  <coordinates>8.520830607513398,47.37333296493023,0</coordinates>
                </Point>
              </Placemark>
              <Placemark>
                <name>Telemetry 50</name>
                <styleUrl>#modifiedtelemetry</styleUrl>
                <TimeSpan>
                  <begin>2026-05-21T14:57:37.901618+00:00</begin>
                  <end>2026-05-21T14:57:38.901618+00:00</end>
                </TimeSpan>
                <Point>
                  <coordinates>8.520764144271133,47.3733830962926,0</coordinates>
                </Point>
              </Placemark>
              <Placemark>
                <name>Telemetry 51</name>
                <styleUrl>#modifiedtelemetry</styleUrl>
                <TimeSpan>
                  <begin>2026-05-21T14:57:38.901618+00:00</begin>
                  <end>2026-05-21T14:57:39.901618+00:00</end>
                </TimeSpan>
                <Point>
                  <coordinates>8.520697681028867,47.37343322765497,0</coordinates>
                </Point>
              </Placemark>
              <Placemark>
                <name>Telemetry 52</name>
                <styleUrl>#modifiedtelemetry</styleUrl>
                <TimeSpan>
                  <begin>2026-05-21T14:57:39.901618+00:00</begin>
                  <end>2026-05-21T14:57:40.901618+00:00</end>
                </TimeSpan>
                <Point>
                  <coordinates>8.520631217786603,47.373483359017335,0</coordinates>
                </Point>
              </Placemark>
              <Placemark>
                <name>Telemetry 53</name>
                <styleUrl>#modifiedtelemetry</styleUrl>
                <TimeSpan>
                  <begin>2026-05-21T14:57:40.901618+00:00</begin>
                  <end>2026-05-21T14:57:41.901618+00:00</end>
                </TimeSpan>
                <Point>
                  <coordinates>8.520564754544338,47.37353349037971,0</coordinates>
                </Point>
              </Placemark>
              <Placemark>
                <name>Telemetry 54</name>
                <styleUrl>#modifiedtelemetry</styleUrl>
                <TimeSpan>
                  <begin>2026-05-21T14:57:41.901618+00:00</begin>
                  <end>2026-05-21T14:57:42.901618+00:00</end>
                </TimeSpan>
                <Point>
                  <coordinates>8.520498291302074,47.37358362174207,0</coordinates>
                </Point>
              </Placemark>
              <Placemark>
                <name>Telemetry 55</name>
                <styleUrl>#modifiedtelemetry</styleUrl>
                <TimeSpan>
                  <begin>2026-05-21T14:57:42.901618+00:00</begin>
                  <end>2026-05-21T14:57:43.901618+00:00</end>
                </TimeSpan>
                <Point>
                  <coordinates>8.520431828059808,47.37363375310444,0</coordinates>
                </Point>
              </Placemark>
              <Placemark>
                <name>Telemetry 56</name>
                <styleUrl>#modifiedtelemetry</styleUrl>
                <TimeSpan>
                  <begin>2026-05-21T14:57:43.901618+00:00</begin>
                  <end>2026-05-21T14:57:44.901618+00:00</end>
                </TimeSpan>
                <Point>
                  <coordinates>8.520365364817543,47.373683884466814,0</coordinates>
                </Point>
              </Placemark>
              <Placemark>
                <name>Telemetry 57</name>
                <styleUrl>#modifiedtelemetry</styleUrl>
                <TimeSpan>
                  <begin>2026-05-21T14:57:44.901618+00:00</begin>
                  <end>2026-05-21T14:57:45.901618+00:00</end>
                </TimeSpan>
                <Point>
                  <coordinates>8.520303903282091,47.37373680594896,0</coordinates>
                </Point>
              </Placemark>
              <Placemark>
                <name>Telemetry 58</name>
                <styleUrl>#modifiedtelemetry</styleUrl>
                <TimeSpan>
                  <begin>2026-05-21T14:57:45.901618+00:00</begin>
                  <end>2026-05-21T14:57:46.901618+00:00</end>
                </TimeSpan>
                <Point>
                  <coordinates>8.520235595452737,47.373798117289056,0</coordinates>
                </Point>
              </Placemark>
              <Placemark>
                <name>Telemetry 59</name>
                <styleUrl>#modifiedtelemetry</styleUrl>
                <TimeSpan>
                  <begin>2026-05-21T14:57:46.901618+00:00</begin>
                  <end>2026-05-21T14:57:47.901618+00:00</end>
                </TimeSpan>
                <Point>
                  <coordinates>8.520167287623382,47.373859428629146,0</coordinates>
                </Point>
              </Placemark>
              <Placemark>
                <name>Telemetry 60</name>
                <styleUrl>#modifiedtelemetry</styleUrl>
                <TimeSpan>
                  <begin>2026-05-21T14:57:47.901618+00:00</begin>
                  <end>2026-05-21T14:57:48.901618+00:00</end>
                </TimeSpan>
                <Point>
                  <coordinates>8.520098979794028,47.37392073996924,0</coordinates>
                </Point>
              </Placemark>
              <Placemark>
                <name>Telemetry 61</name>
                <styleUrl>#modifiedtelemetry</styleUrl>
                <TimeSpan>
                  <begin>2026-05-21T14:57:48.901618+00:00</begin>
                  <end>2026-05-21T14:57:49.901618+00:00</end>
                </TimeSpan>
                <Point>
                  <coordinates>8.520030671964673,47.37398205130934,0</coordinates>
                </Point>
              </Placemark>
              <Placemark>
                <name>Telemetry 62</name>
                <styleUrl>#modifiedtelemetry</styleUrl>
                <TimeSpan>
                  <begin>2026-05-21T14:57:49.901618+00:00</begin>
                  <end>2026-05-21T14:57:50.901618+00:00</end>
                </TimeSpan>
                <Point>
                  <coordinates>8.519962364135319,47.37404336264943,0</coordinates>
                </Point>
              </Placemark>
              <Placemark>
                <name>Telemetry 63</name>
                <styleUrl>#modifiedtelemetry</styleUrl>
                <TimeSpan>
                  <begin>2026-05-21T14:57:50.901618+00:00</begin>
                  <end>2026-05-21T14:57:51.901618+00:00</end>
                </TimeSpan>
                <Point>
                  <coordinates>8.519895098918301,47.374105167193115,0</coordinates>
                </Point>
              </Placemark>
            </Folder>
          </Folder>
        </Folder>
        <Folder>
          <name>Service Provider polling</name>
        </Folder>
        <Folder>
          <name>Service Provider polling</name>
        </Folder>
        <Folder>
          <name>Service Provider polling</name>
        </Folder>
        <Folder>
          <name>Service Provider polling</name>
        </Folder>
        <Folder>
          <name>Service Provider polling</name>
        </Folder>
        <Folder>
          <name>Verify operator notification</name>
        </Folder>
        <Folder>
          <name>Intermediate cleanup</name>
        </Folder>
        <Folder>
          <name>Retrieve pre-existing operator notification</name>
        </Folder>
        <Folder>
          <name>Injection</name>
          <Folder>
            <name>E144: uss1 interuss.automated_testing.rid.v1.injection.createTest</name>
            <Folder>
              <name>Test flight 1f695a79-eb7f-4f0c-8542-2fb1719aad95</name>
              <Placemark>
                <name>Telemetry 0</name>
                <styleUrl>#modifiedtelemetry</styleUrl>
                <TimeSpan>
                  <begin>2026-05-21T14:56:58.479626+00:00</begin>
                  <end>2026-05-21T14:56:59.479626+00:00</end>
                </TimeSpan>
                <Point>
                  <coordinates>8.523321827032547,47.3715045208158,0</coordinates>
                </Point>
              </Placemark>
              <Placemark>
                <name>Telemetry 1</name>
                <styleUrl>#modifiedtelemetry</styleUrl>
                <TimeSpan>
                  <begin>2026-05-21T14:56:59.479626+00:00</begin>
                  <end>2026-05-21T14:57:00.479626+00:00</end>
                </TimeSpan>
                <Point>
                  <coordinates>8.523282890548819,47.371540881223694,0</coordinates>
                </Point>
              </Placemark>
              <Placemark>
                <name>Telemetry 2</name>
                <styleUrl>#modifiedtelemetry</styleUrl>
                <TimeSpan>
                  <begin>2026-05-21T14:57:00.479626+00:00</begin>
                  <end>2026-05-21T14:57:01.479626+00:00</end>
                </TimeSpan>
                <Point>
                  <coordinates>8.52324395406509,47.37157724163159,0</coordinates>
                </Point>
              </Placemark>
              <Placemark>
                <name>Telemetry 3</name>
                <styleUrl>#modifiedtelemetry</styleUrl>
                <TimeSpan>
                  <begin>2026-05-21T14:57:01.479626+00:00</begin>
                  <end>2026-05-21T14:57:02.479626+00:00</end>
                </TimeSpan>
                <Point>
                  <coordinates>8.523205017581365,47.37161360203949,0</coordinates>
                </Point>
              </Placemark>
              <Placemark>
                <name>Telemetry 4</name>
                <styleUrl>#modifiedtelemetry</styleUrl>
                <TimeSpan>
                  <begin>2026-05-21T14:57:02.479626+00:00</begin>
                  <end>2026-05-21T14:57:03.479626+00:00</end>
                </TimeSpan>
                <Point>
                  <coordinates>8.523166081097637,47.371649962447385,0</coordinates>
                </Point>
              </Placemark>
              <Placemark>
                <name>Telemetry 5</name>
                <styleUrl>#modifiedtelemetry</styleUrl>
                <TimeSpan>
                  <begin>2026-05-21T14:57:03.479626+00:00</begin>
                  <end>2026-05-21T14:57:04.479626+00:00</end>
                </TimeSpan>
                <Point>
                  <coordinates>8.523118769605144,47.37168134446735,0</coordinates>
                </Point>
              </Placemark>
              <Placemark>
                <name>Telemetry 6</name>
                <styleUrl>#modifiedtelemetry</styleUrl>
                <TimeSpan>
                  <begin>2026-05-21T14:57:04.479626+00:00</begin>
                  <end>2026-05-21T14:57:05.479626+00:00</end>
                </TimeSpan>
                <Point>
                  <coordinates>8.523070583658326,47.37171220668214,0</coordinates>
                </Point>
              </Placemark>
              <Placemark>
                <name>Telemetry 7</name>
                <styleUrl>#modifiedtelemetry</styleUrl>
                <TimeSpan>
                  <begin>2026-05-21T14:57:05.479626+00:00</begin>
                  <end>2026-05-21T14:57:06.479626+00:00</end>
                </TimeSpan>
                <Point>
                  <coordinates>8.523022397711506,47.371743068896926,0</coordinates>
                </Point>
              </Placemark>
              <Placemark>
                <name>Telemetry 8</name>
                <styleUrl>#modifiedtelemetry</styleUrl>
                <TimeSpan>
                  <begin>2026-05-21T14:57:06.479626+00:00</begin>
                  <end>2026-05-21T14:57:07.479626+00:00</end>
                </TimeSpan>
                <Point>
                  <coordinates>8.5229757392881,47.371774910132885,0</coordinates>
                </Point>
              </Placemark>
              <Placemark>
                <name>Telemetry 9</name>
                <styleUrl>#modifiedtelemetry</styleUrl>
                <TimeSpan>
                  <begin>2026-05-21T14:57:07.479626+00:00</begin>
                  <end>2026-05-21T14:57:08.479626+00:00</end>
                </TimeSpan>
                <Point>
                  <coordinates>8.522932891599606,47.371809193747204,0</coordinates>
                </Point>
              </Placemark>
              <Placemark>
                <name>Telemetry 10</name>
                <styleUrl>#modifiedtelemetry</styleUrl>
                <TimeSpan>
                  <begin>2026-05-21T14:57:08.479626+00:00</begin>
                  <end>2026-05-21T14:57:09.479626+00:00</end>
                </TimeSpan>
                <Point>
                  <coordinates>8.522890043911113,47.37184347736152,0</coordinates>
                </Point>
              </Placemark>
              <Placemark>
                <name>Telemetry 11</name>
                <styleUrl>#modifiedtelemetry</styleUrl>
                <TimeSpan>
                  <begin>2026-05-21T14:57:09.479626+00:00</begin>
                  <end>2026-05-21T14:57:10.479626+00:00</end>
                </TimeSpan>
                <Point>
                  <coordinates>8.52284719622262,47.37187776097584,0</coordinates>
                </Point>
              </Placemark>
              <Placemark>
                <name>Telemetry 12</name>
                <styleUrl>#modifiedtelemetry</styleUrl>
                <TimeSpan>
                  <begin>2026-05-21T14:57:10.479626+00:00</begin>
                  <end>2026-05-21T14:57:11.479626+00:00</end>
                </TimeSpan>
                <Point>
                  <coordinates>8.522804348534127,47.37191204459016,0</coordinates>
                </Point>
              </Placemark>
              <Placemark>
                <name>Telemetry 13</name>
                <styleUrl>#modifiedtelemetry</styleUrl>
                <TimeSpan>
                  <begin>2026-05-21T14:57:11.479626+00:00</begin>
                  <end>2026-05-21T14:57:12.479626+00:00</end>
                </TimeSpan>
                <Point>
                  <coordinates>8.522761500845634,47.37194632820448,0</coordinates>
                </Point>
              </Placemark>
              <Placemark>
                <name>Telemetry 14</name>
                <styleUrl>#modifiedtelemetry</styleUrl>
                <TimeSpan>
                  <begin>2026-05-21T14:57:12.479626+00:00</begin>
                  <end>2026-05-21T14:57:13.479626+00:00</end>
                </TimeSpan>
                <Point>
                  <coordinates>8.522718653157142,47.371980611818806,0</coordinates>
                </Point>
              </Placemark>
              <Placemark>
                <name>Telemetry 15</name>
                <styleUrl>#modifiedtelemetry</styleUrl>
                <TimeSpan>
                  <begin>2026-05-21T14:57:13.479626+00:00</begin>
                  <end>2026-05-21T14:57:14.479626+00:00</end>
                </TimeSpan>
                <Point>
                  <coordinates>8.522675805468648,47.372014895433125,0</coordinates>
                </Point>
              </Placemark>
              <Placemark>
                <name>Telemetry 16</name>
                <styleUrl>#modifiedtelemetry</styleUrl>
                <TimeSpan>
                  <begin>2026-05-21T14:57:14.479626+00:00</begin>
                  <end>2026-05-21T14:57:15.479626+00:00</end>
                </TimeSpan>
                <Point>
                  <coordinates>8.522630095760274,47.37204743572325,0</coordinates>
                </Point>
              </Placemark>
              <Placemark>
                <name>Telemetry 17</name>
                <styleUrl>#modifiedtelemetry</styleUrl>
                <TimeSpan>
                  <begin>2026-05-21T14:57:15.479626+00:00</begin>
                  <end>2026-05-21T14:57:16.479626+00:00</end>
                </TimeSpan>
                <Point>
                  <coordinates>8.522580799973472,47.372082380767935,0</coordinates>
                </Point>
              </Placemark>
              <Placemark>
                <name>Telemetry 18</name>
                <styleUrl>#modifiedtelemetry</styleUrl>
                <TimeSpan>
                  <begin>2026-05-21T14:57:16.479626+00:00</begin>
                  <end>2026-05-21T14:57:17.479626+00:00</end>
                </TimeSpan>
                <Point>
                  <coordinates>8.52253150418667,47.372117325812624,0</coordinates>
                </Point>
              </Placemark>
              <Placemark>
                <name>Telemetry 19</name>
                <styleUrl>#modifiedtelemetry</styleUrl>
                <TimeSpan>
                  <begin>2026-05-21T14:57:17.479626+00:00</begin>
                  <end>2026-05-21T14:57:18.479626+00:00</end>
                </TimeSpan>
                <Point>
                  <coordinates>8.52248220839987,47.372152270857306,0</coordinates>
                </Point>
              </Placemark>
              <Placemark>
                <name>Telemetry 20</name>
                <styleUrl>#modifiedtelemetry</styleUrl>
                <TimeSpan>
                  <begin>2026-05-21T14:57:18.479626+00:00</begin>
                  <end>2026-05-21T14:57:19.479626+00:00</end>
                </TimeSpan>
                <Point>
                  <coordinates>8.522432912613064,47.372187215901995,0</coordinates>
                </Point>
              </Placemark>
              <Placemark>
                <name>Telemetry 21</name>
                <styleUrl>#modifiedtelemetry</styleUrl>
                <TimeSpan>
                  <begin>2026-05-21T14:57:19.479626+00:00</begin>
                  <end>2026-05-21T14:57:20.479626+00:00</end>
                </TimeSpan>
                <Point>
                  <coordinates>8.522383616826263,47.37222216094668,0</coordinates>
                </Point>
              </Placemark>
              <Placemark>
                <name>Telemetry 22</name>
                <styleUrl>#modifiedtelemetry</styleUrl>
                <TimeSpan>
                  <begin>2026-05-21T14:57:20.479626+00:00</begin>
                  <end>2026-05-21T14:57:21.479626+00:00</end>
                </TimeSpan>
                <Point>
                  <coordinates>8.52233432103946,47.372257105991366,0</coordinates>
                </Point>
              </Placemark>
              <Placemark>
                <name>Telemetry 23</name>
                <styleUrl>#modifiedtelemetry</styleUrl>
                <TimeSpan>
                  <begin>2026-05-21T14:57:21.479626+00:00</begin>
                  <end>2026-05-21T14:57:22.479626+00:00</end>
                </TimeSpan>
                <Point>
                  <coordinates>8.52228502525266,47.37229205103605,0</coordinates>
                </Point>
              </Placemark>
              <Placemark>
                <name>Telemetry 24</name>
                <styleUrl>#modifiedtelemetry</styleUrl>
                <TimeSpan>
                  <begin>2026-05-21T14:57:22.479626+00:00</begin>
                  <end>2026-05-21T14:57:23.479626+00:00</end>
                </TimeSpan>
                <Point>
                  <coordinates>8.522235729465857,47.37232699608074,0</coordinates>
                </Point>
              </Placemark>
              <Placemark>
                <name>Telemetry 25</name>
                <styleUrl>#modifiedtelemetry</styleUrl>
                <TimeSpan>
                  <begin>2026-05-21T14:57:23.479626+00:00</begin>
                  <end>2026-05-21T14:57:24.479626+00:00</end>
                </TimeSpan>
                <Point>
                  <coordinates>8.522186433679055,47.37236194112542,0</coordinates>
                </Point>
              </Placemark>
              <Placemark>
                <name>Telemetry 26</name>
                <styleUrl>#modifiedtelemetry</styleUrl>
                <TimeSpan>
                  <begin>2026-05-21T14:57:24.479626+00:00</begin>
                  <end>2026-05-21T14:57:25.479626+00:00</end>
                </TimeSpan>
                <Point>
                  <coordinates>8.522137137892253,47.37239688617011,0</coordinates>
                </Point>
              </Placemark>
              <Placemark>
                <name>Telemetry 27</name>
                <styleUrl>#modifiedtelemetry</styleUrl>
                <TimeSpan>
                  <begin>2026-05-21T14:57:25.479626+00:00</begin>
                  <end>2026-05-21T14:57:26.479626+00:00</end>
                </TimeSpan>
                <Point>
                  <coordinates>8.522087838468211,47.37243182886079,0</coordinates>
                </Point>
              </Placemark>
              <Placemark>
                <name>Telemetry 28</name>
                <styleUrl>#modifiedtelemetry</styleUrl>
                <TimeSpan>
                  <begin>2026-05-21T14:57:26.479626+00:00</begin>
                  <end>2026-05-21T14:57:27.479626+00:00</end>
                </TimeSpan>
                <Point>
                  <coordinates>8.522032112466293,47.37247131013179,0</coordinates>
                </Point>
              </Placemark>
              <Placemark>
                <name>Telemetry 29</name>
                <styleUrl>#modifiedtelemetry</styleUrl>
                <TimeSpan>
                  <begin>2026-05-21T14:57:27.479626+00:00</begin>
                  <end>2026-05-21T14:57:28.479626+00:00</end>
                </TimeSpan>
                <Point>
                  <coordinates>8.521976386464376,47.37251079140279,0</coordinates>
                </Point>
              </Placemark>
              <Placemark>
                <name>Telemetry 30</name>
                <styleUrl>#modifiedtelemetry</styleUrl>
                <TimeSpan>
                  <begin>2026-05-21T14:57:28.479626+00:00</begin>
                  <end>2026-05-21T14:57:29.479626+00:00</end>
                </TimeSpan>
                <Point>
                  <coordinates>8.521920660462458,47.37255027267379,0</coordinates>
                </Point>
              </Placemark>
              <Placemark>
                <name>Telemetry 31</name>
                <styleUrl>#modifiedtelemetry</styleUrl>
                <TimeSpan>
                  <begin>2026-05-21T14:57:29.479626+00:00</begin>
                  <end>2026-05-21T14:57:30.479626+00:00</end>
                </TimeSpan>
                <Point>
                  <coordinates>8.521864934460542,47.37258975394479,0</coordinates>
                </Point>
              </Placemark>
              <Placemark>
                <name>Telemetry 32</name>
                <styleUrl>#modifiedtelemetry</styleUrl>
                <TimeSpan>
                  <begin>2026-05-21T14:57:30.479626+00:00</begin>
                  <end>2026-05-21T14:57:31.479626+00:00</end>
                </TimeSpan>
                <Point>
                  <coordinates>8.521809208458624,47.37262923521579,0</coordinates>
                </Point>
              </Placemark>
              <Placemark>
                <name>Telemetry 33</name>
                <styleUrl>#modifiedtelemetry</styleUrl>
                <TimeSpan>
                  <begin>2026-05-21T14:57:31.479626+00:00</begin>
                  <end>2026-05-21T14:57:32.479626+00:00</end>
                </TimeSpan>
                <Point>
                  <coordinates>8.521753482456708,47.372668716486785,0</coordinates>
                </Point>
              </Placemark>
              <Placemark>
                <name>Telemetry 34</name>
                <styleUrl>#modifiedtelemetry</styleUrl>
                <TimeSpan>
                  <begin>2026-05-21T14:57:32.479626+00:00</begin>
                  <end>2026-05-21T14:57:33.479626+00:00</end>
                </TimeSpan>
                <Point>
                  <coordinates>8.521697756454788,47.37270819775779,0</coordinates>
                </Point>
              </Placemark>
              <Placemark>
                <name>Telemetry 35</name>
                <styleUrl>#modifiedtelemetry</styleUrl>
                <TimeSpan>
                  <begin>2026-05-21T14:57:33.479626+00:00</begin>
                  <end>2026-05-21T14:57:34.479626+00:00</end>
                </TimeSpan>
                <Point>
                  <coordinates>8.52164203045287,47.372747679028784,0</coordinates>
                </Point>
              </Placemark>
              <Placemark>
                <name>Telemetry 36</name>
                <styleUrl>#modifiedtelemetry</styleUrl>
                <TimeSpan>
                  <begin>2026-05-21T14:57:34.479626+00:00</begin>
                  <end>2026-05-21T14:57:35.479626+00:00</end>
                </TimeSpan>
                <Point>
                  <coordinates>8.521586304450953,47.37278716029979,0</coordinates>
                </Point>
              </Placemark>
              <Placemark>
                <name>Telemetry 37</name>
                <styleUrl>#modifiedtelemetry</styleUrl>
                <TimeSpan>
                  <begin>2026-05-21T14:57:35.479626+00:00</begin>
                  <end>2026-05-21T14:57:36.479626+00:00</end>
                </TimeSpan>
                <Point>
                  <coordinates>8.521530578449035,47.37282664157078,0</coordinates>
                </Point>
              </Placemark>
              <Placemark>
                <name>Telemetry 38</name>
                <styleUrl>#modifiedtelemetry</styleUrl>
                <TimeSpan>
                  <begin>2026-05-21T14:57:36.479626+00:00</begin>
                  <end>2026-05-21T14:57:37.479626+00:00</end>
                </TimeSpan>
                <Point>
                  <coordinates>8.521474852447117,47.372866122841785,0</coordinates>
                </Point>
              </Placemark>
              <Placemark>
                <name>Telemetry 39</name>
                <styleUrl>#modifiedtelemetry</styleUrl>
                <TimeSpan>
                  <begin>2026-05-21T14:57:37.479626+00:00</begin>
                  <end>2026-05-21T14:57:38.479626+00:00</end>
                </TimeSpan>
                <Point>
                  <coordinates>8.5214191264452,47.37290560411278,0</coordinates>
                </Point>
              </Placemark>
              <Placemark>
                <name>Telemetry 40</name>
                <styleUrl>#modifiedtelemetry</styleUrl>
                <TimeSpan>
                  <begin>2026-05-21T14:57:38.479626+00:00</begin>
                  <end>2026-05-21T14:57:39.479626+00:00</end>
                </TimeSpan>
                <Point>
                  <coordinates>8.521363400443283,47.37294508538378,0</coordinates>
                </Point>
              </Placemark>
              <Placemark>
                <name>Telemetry 41</name>
                <styleUrl>#modifiedtelemetry</styleUrl>
                <TimeSpan>
                  <begin>2026-05-21T14:57:39.479626+00:00</begin>
                  <end>2026-05-21T14:57:40.479626+00:00</end>
                </TimeSpan>
                <Point>
                  <coordinates>8.521307674441365,47.37298456665478,0</coordinates>
                </Point>
              </Placemark>
              <Placemark>
                <name>Telemetry 42</name>
                <styleUrl>#modifiedtelemetry</styleUrl>
                <TimeSpan>
                  <begin>2026-05-21T14:57:40.479626+00:00</begin>
                  <end>2026-05-21T14:57:41.479626+00:00</end>
                </TimeSpan>
                <Point>
                  <coordinates>8.521251948439447,47.37302404792578,0</coordinates>
                </Point>
              </Placemark>
              <Placemark>
                <name>Telemetry 43</name>
                <styleUrl>#modifiedtelemetry</styleUrl>
                <TimeSpan>
                  <begin>2026-05-21T14:57:41.479626+00:00</begin>
                  <end>2026-05-21T14:57:42.479626+00:00</end>
                </TimeSpan>
                <Point>
                  <coordinates>8.52119622243753,47.37306352919678,0</coordinates>
                </Point>
              </Placemark>
              <Placemark>
                <name>Telemetry 44</name>
                <styleUrl>#modifiedtelemetry</styleUrl>
                <TimeSpan>
                  <begin>2026-05-21T14:57:42.479626+00:00</begin>
                  <end>2026-05-21T14:57:43.479626+00:00</end>
                </TimeSpan>
                <Point>
                  <coordinates>8.521140496435612,47.37310301046778,0</coordinates>
                </Point>
              </Placemark>
              <Placemark>
                <name>Telemetry 45</name>
                <styleUrl>#modifiedtelemetry</styleUrl>
                <TimeSpan>
                  <begin>2026-05-21T14:57:43.479626+00:00</begin>
                  <end>2026-05-21T14:57:44.479626+00:00</end>
                </TimeSpan>
                <Point>
                  <coordinates>8.521084770433694,47.373142491738776,0</coordinates>
                </Point>
              </Placemark>
              <Placemark>
                <name>Telemetry 46</name>
                <styleUrl>#modifiedtelemetry</styleUrl>
                <TimeSpan>
                  <begin>2026-05-21T14:57:44.479626+00:00</begin>
                  <end>2026-05-21T14:57:45.479626+00:00</end>
                </TimeSpan>
                <Point>
                  <coordinates>8.521029997240193,47.37318257084312,0</coordinates>
                </Point>
              </Placemark>
              <Placemark>
                <name>Telemetry 47</name>
                <styleUrl>#modifiedtelemetry</styleUrl>
                <TimeSpan>
                  <begin>2026-05-21T14:57:45.479626+00:00</begin>
                  <end>2026-05-21T14:57:46.479626+00:00</end>
                </TimeSpan>
                <Point>
                  <coordinates>8.520963533997929,47.37323270220549,0</coordinates>
                </Point>
              </Placemark>
              <Placemark>
                <name>Telemetry 48</name>
                <styleUrl>#modifiedtelemetry</styleUrl>
                <TimeSpan>
                  <begin>2026-05-21T14:57:46.479626+00:00</begin>
                  <end>2026-05-21T14:57:47.479626+00:00</end>
                </TimeSpan>
                <Point>
                  <coordinates>8.520897070755662,47.37328283356786,0</coordinates>
                </Point>
              </Placemark>
              <Placemark>
                <name>Telemetry 49</name>
                <styleUrl>#modifiedtelemetry</styleUrl>
                <TimeSpan>
                  <begin>2026-05-21T14:57:47.479626+00:00</begin>
                  <end>2026-05-21T14:57:48.479626+00:00</end>
                </TimeSpan>
                <Point>
                  <coordinates>8.520830607513398,47.37333296493023,0</coordinates>
                </Point>
              </Placemark>
              <Placemark>
                <name>Telemetry 50</name>
                <styleUrl>#modifiedtelemetry</styleUrl>
                <TimeSpan>
                  <begin>2026-05-21T14:57:48.479626+00:00</begin>
                  <end>2026-05-21T14:57:49.479626+00:00</end>
                </TimeSpan>
                <Point>
                  <coordinates>8.520764144271133,47.3733830962926,0</coordinates>
                </Point>
              </Placemark>
              <Placemark>
                <name>Telemetry 51</name>
                <styleUrl>#modifiedtelemetry</styleUrl>
                <TimeSpan>
                  <begin>2026-05-21T14:57:49.479626+00:00</begin>
                  <end>2026-05-21T14:57:50.479626+00:00</end>
                </TimeSpan>
                <Point>
                  <coordinates>8.520697681028867,47.37343322765497,0</coordinates>
                </Point>
              </Placemark>
              <Placemark>
                <name>Telemetry 52</name>
                <styleUrl>#modifiedtelemetry</styleUrl>
                <TimeSpan>
                  <begin>2026-05-21T14:57:50.479626+00:00</begin>
                  <end>2026-05-21T14:57:51.479626+00:00</end>
                </TimeSpan>
                <Point>
                  <coordinates>8.520631217786603,47.373483359017335,0</coordinates>
                </Point>
              </Placemark>
              <Placemark>
                <name>Telemetry 53</name>
                <styleUrl>#modifiedtelemetry</styleUrl>
                <TimeSpan>
                  <begin>2026-05-21T14:57:51.479626+00:00</begin>
                  <end>2026-05-21T14:57:52.479626+00:00</end>
                </TimeSpan>
                <Point>
                  <coordinates>8.520564754544338,47.37353349037971,0</coordinates>
                </Point>
              </Placemark>
              <Placemark>
                <name>Telemetry 54</name>
                <styleUrl>#modifiedtelemetry</styleUrl>
                <TimeSpan>
                  <begin>2026-05-21T14:57:52.479626+00:00</begin>
                  <end>2026-05-21T14:57:53.479626+00:00</end>
                </TimeSpan>
                <Point>
                  <coordinates>8.520498291302074,47.37358362174207,0</coordinates>
                </Point>
              </Placemark>
              <Placemark>
                <name>Telemetry 55</name>
                <styleUrl>#modifiedtelemetry</styleUrl>
                <TimeSpan>
                  <begin>2026-05-21T14:57:53.479626+00:00</begin>
                  <end>2026-05-21T14:57:54.479626+00:00</end>
                </TimeSpan>
                <Point>
                  <coordinates>8.520431828059808,47.37363375310444,0</coordinates>
                </Point>
              </Placemark>
              <Placemark>
                <name>Telemetry 56</name>
                <styleUrl>#modifiedtelemetry</styleUrl>
                <TimeSpan>
                  <begin>2026-05-21T14:57:54.479626+00:00</begin>
                  <end>2026-05-21T14:57:55.479626+00:00</end>
                </TimeSpan>
                <Point>
                  <coordinates>8.520365364817543,47.373683884466814,0</coordinates>
                </Point>
              </Placemark>
              <Placemark>
                <name>Telemetry 57</name>
                <styleUrl>#modifiedtelemetry</styleUrl>
                <TimeSpan>
                  <begin>2026-05-21T14:57:55.479626+00:00</begin>
                  <end>2026-05-21T14:57:56.479626+00:00</end>
                </TimeSpan>
                <Point>
                  <coordinates>8.520303903282091,47.37373680594896,0</coordinates>
                </Point>
              </Placemark>
              <Placemark>
                <name>Telemetry 58</name>
                <styleUrl>#modifiedtelemetry</styleUrl>
                <TimeSpan>
                  <begin>2026-05-21T14:57:56.479626+00:00</begin>
                  <end>2026-05-21T14:57:57.479626+00:00</end>
                </TimeSpan>
                <Point>
                  <coordinates>8.520235595452737,47.373798117289056,0</coordinates>
                </Point>
              </Placemark>
              <Placemark>
                <name>Telemetry 59</name>
                <styleUrl>#modifiedtelemetry</styleUrl>
                <TimeSpan>
                  <begin>2026-05-21T14:57:57.479626+00:00</begin>
                  <end>2026-05-21T14:57:58.479626+00:00</end>
                </TimeSpan>
                <Point>
                  <coordinates>8.520167287623382,47.373859428629146,0</coordinates>
                </Point>
              </Placemark>
              <Placemark>
                <name>Telemetry 60</name>
                <styleUrl>#modifiedtelemetry</styleUrl>
                <TimeSpan>
                  <begin>2026-05-21T14:57:58.479626+00:00</begin>
                  <end>2026-05-21T14:57:59.479626+00:00</end>
                </TimeSpan>
                <Point>
                  <coordinates>8.520098979794028,47.37392073996924,0</coordinates>
                </Point>
              </Placemark>
              <Placemark>
                <name>Telemetry 61</name>
                <styleUrl>#modifiedtelemetry</styleUrl>
                <TimeSpan>
                  <begin>2026-05-21T14:57:59.479626+00:00</begin>
                  <end>2026-05-21T14:58:00.479626+00:00</end>
                </TimeSpan>
                <Point>
                  <coordinates>8.520030671964673,47.37398205130934,0</coordinates>
                </Point>
              </Placemark>
              <Placemark>
                <name>Telemetry 62</name>
                <styleUrl>#modifiedtelemetry</styleUrl>
                <TimeSpan>
                  <begin>2026-05-21T14:58:00.479626+00:00</begin>
                  <end>2026-05-21T14:58:01.479626+00:00</end>
                </TimeSpan>
                <Point>
                  <coordinates>8.519962364135319,47.37404336264943,0</coordinates>
                </Point>
              </Placemark>
              <Placemark>
                <name>Telemetry 63</name>
                <styleUrl>#modifiedtelemetry</styleUrl>
                <TimeSpan>
                  <begin>2026-05-21T14:58:01.479626+00:00</begin>
                  <end>2026-05-21T14:58:02.479626+00:00</end>
                </TimeSpan>
                <Point>
                  <coordinates>8.519895098918301,47.374105167193115,0</coordinates>
                </Point>
              </Placemark>
            </Folder>
          </Folder>
        </Folder>
        <Folder>
          <name>Service Provider polling</name>
        </Folder>
        <Folder>
          <name>Service Provider polling</name>
        </Folder>
        <Folder>
          <name>Service Provider polling</name>
        </Folder>
        <Folder>
          <name>Service Provider polling</name>
        </Folder>
        <Folder>
          <name>Service Provider polling</name>
        </Folder>
        <Folder>
          <name>Verify operator notification</name>
        </Folder>
        <Folder>
          <name>Intermediate cleanup</name>
        </Folder>
        <Folder>
          <name>Retrieve pre-existing operator notification</name>
        </Folder>
        <Folder>
          <name>Injection</name>
          <Folder>
            <name>E164: uss1 interuss.automated_testing.rid.v1.injection.createTest</name>
            <Folder>
              <name>Test flight c3111523-0213-40c7-9225-ba4036a7b43f</name>
              <Placemark>
                <name>Telemetry 0</name>
                <styleUrl>#modifiedtelemetry</styleUrl>
                <TimeSpan>
                  <begin>2026-05-21T14:57:09.005134+00:00</begin>
                  <end>2026-05-21T14:57:10.005134+00:00</end>
                </TimeSpan>
                <Point>
                  <coordinates>8.523321827032547,47.3715045208158,0</coordinates>
                </Point>
              </Placemark>
              <Placemark>
                <name>Telemetry 1</name>
                <styleUrl>#modifiedtelemetry</styleUrl>
                <TimeSpan>
                  <begin>2026-05-21T14:57:10.005134+00:00</begin>
                  <end>2026-05-21T14:57:11.005134+00:00</end>
                </TimeSpan>
                <Point>
                  <coordinates>8.523282890548819,47.371540881223694,0</coordinates>
                </Point>
              </Placemark>
              <Placemark>
                <name>Telemetry 2</name>
                <styleUrl>#modifiedtelemetry</styleUrl>
                <TimeSpan>
                  <begin>2026-05-21T14:57:11.005134+00:00</begin>
                  <end>2026-05-21T14:57:12.005134+00:00</end>
                </TimeSpan>
                <Point>
                  <coordinates>8.52324395406509,47.37157724163159,0</coordinates>
                </Point>
              </Placemark>
              <Placemark>
                <name>Telemetry 3</name>
                <styleUrl>#modifiedtelemetry</styleUrl>
                <TimeSpan>
                  <begin>2026-05-21T14:57:12.005134+00:00</begin>
                  <end>2026-05-21T14:57:13.005134+00:00</end>
                </TimeSpan>
                <Point>
                  <coordinates>8.523205017581365,47.37161360203949,0</coordinates>
                </Point>
              </Placemark>
              <Placemark>
                <name>Telemetry 4</name>
                <styleUrl>#modifiedtelemetry</styleUrl>
                <TimeSpan>
                  <begin>2026-05-21T14:57:13.005134+00:00</begin>
                  <end>2026-05-21T14:57:14.005134+00:00</end>
                </TimeSpan>
                <Point>
                  <coordinates>8.523166081097637,47.371649962447385,0</coordinates>
                </Point>
              </Placemark>
              <Placemark>
                <name>Telemetry 5</name>
                <styleUrl>#modifiedtelemetry</styleUrl>
                <TimeSpan>
                  <begin>2026-05-21T14:57:14.005134+00:00</begin>
                  <end>2026-05-21T14:57:15.005134+00:00</end>
                </TimeSpan>
                <Point>
                  <coordinates>8.523118769605144,47.37168134446735,0</coordinates>
                </Point>
              </Placemark>
              <Placemark>
                <name>Telemetry 6</name>
                <styleUrl>#modifiedtelemetry</styleUrl>
                <TimeSpan>
                  <begin>2026-05-21T14:57:15.005134+00:00</begin>
                  <end>2026-05-21T14:57:16.005134+00:00</end>
                </TimeSpan>
                <Point>
                  <coordinates>8.523070583658326,47.37171220668214,0</coordinates>
                </Point>
              </Placemark>
              <Placemark>
                <name>Telemetry 7</name>
                <styleUrl>#modifiedtelemetry</styleUrl>
                <TimeSpan>
                  <begin>2026-05-21T14:57:16.005134+00:00</begin>
                  <end>2026-05-21T14:57:17.005134+00:00</end>
                </TimeSpan>
                <Point>
                  <coordinates>8.523022397711506,47.371743068896926,0</coordinates>
                </Point>
              </Placemark>
              <Placemark>
                <name>Telemetry 8</name>
                <styleUrl>#modifiedtelemetry</styleUrl>
                <TimeSpan>
                  <begin>2026-05-21T14:57:17.005134+00:00</begin>
                  <end>2026-05-21T14:57:18.005134+00:00</end>
                </TimeSpan>
                <Point>
                  <coordinates>8.5229757392881,47.371774910132885,0</coordinates>
                </Point>
              </Placemark>
              <Placemark>
                <name>Telemetry 9</name>
                <styleUrl>#modifiedtelemetry</styleUrl>
                <TimeSpan>
                  <begin>2026-05-21T14:57:18.005134+00:00</begin>
                  <end>2026-05-21T14:57:19.005134+00:00</end>
                </TimeSpan>
                <Point>
                  <coordinates>8.522932891599606,47.371809193747204,0</coordinates>
                </Point>
              </Placemark>
              <Placemark>
                <name>Telemetry 10</name>
                <styleUrl>#modifiedtelemetry</styleUrl>
                <TimeSpan>
                  <begin>2026-05-21T14:57:19.005134+00:00</begin>
                  <end>2026-05-21T14:57:20.005134+00:00</end>
                </TimeSpan>
                <Point>
                  <coordinates>8.522890043911113,47.37184347736152,0</coordinates>
                </Point>
              </Placemark>
              <Placemark>
                <name>Telemetry 11</name>
                <styleUrl>#modifiedtelemetry</styleUrl>
                <TimeSpan>
                  <begin>2026-05-21T14:57:20.005134+00:00</begin>
                  <end>2026-05-21T14:57:21.005134+00:00</end>
                </TimeSpan>
                <Point>
                  <coordinates>8.52284719622262,47.37187776097584,0</coordinates>
                </Point>
              </Placemark>
              <Placemark>
                <name>Telemetry 12</name>
                <styleUrl>#modifiedtelemetry</styleUrl>
                <TimeSpan>
                  <begin>2026-05-21T14:57:21.005134+00:00</begin>
                  <end>2026-05-21T14:57:22.005134+00:00</end>
                </TimeSpan>
                <Point>
                  <coordinates>8.522804348534127,47.37191204459016,0</coordinates>
                </Point>
              </Placemark>
              <Placemark>
                <name>Telemetry 13</name>
                <styleUrl>#modifiedtelemetry</styleUrl>
                <TimeSpan>
                  <begin>2026-05-21T14:57:22.005134+00:00</begin>
                  <end>2026-05-21T14:57:23.005134+00:00</end>
                </TimeSpan>
                <Point>
                  <coordinates>8.522761500845634,47.37194632820448,0</coordinates>
                </Point>
              </Placemark>
              <Placemark>
                <name>Telemetry 14</name>
                <styleUrl>#modifiedtelemetry</styleUrl>
                <TimeSpan>
                  <begin>2026-05-21T14:57:23.005134+00:00</begin>
                  <end>2026-05-21T14:57:24.005134+00:00</end>
                </TimeSpan>
                <Point>
                  <coordinates>8.522718653157142,47.371980611818806,0</coordinates>
                </Point>
              </Placemark>
              <Placemark>
                <name>Telemetry 15</name>
                <styleUrl>#modifiedtelemetry</styleUrl>
                <TimeSpan>
                  <begin>2026-05-21T14:57:24.005134+00:00</begin>
                  <end>2026-05-21T14:57:25.005134+00:00</end>
                </TimeSpan>
                <Point>
                  <coordinates>8.522675805468648,47.372014895433125,0</coordinates>
                </Point>
              </Placemark>
              <Placemark>
                <name>Telemetry 16</name>
                <styleUrl>#modifiedtelemetry</styleUrl>
                <TimeSpan>
                  <begin>2026-05-21T14:57:25.005134+00:00</begin>
                  <end>2026-05-21T14:57:26.005134+00:00</end>
                </TimeSpan>
                <Point>
                  <coordinates>8.522630095760274,47.37204743572325,0</coordinates>
                </Point>
              </Placemark>
              <Placemark>
                <name>Telemetry 17</name>
                <styleUrl>#modifiedtelemetry</styleUrl>
                <TimeSpan>
                  <begin>2026-05-21T14:57:26.005134+00:00</begin>
                  <end>2026-05-21T14:57:27.005134+00:00</end>
                </TimeSpan>
                <Point>
                  <coordinates>8.522580799973472,47.372082380767935,0</coordinates>
                </Point>
              </Placemark>
              <Placemark>
                <name>Telemetry 18</name>
                <styleUrl>#modifiedtelemetry</styleUrl>
                <TimeSpan>
                  <begin>2026-05-21T14:57:27.005134+00:00</begin>
                  <end>2026-05-21T14:57:28.005134+00:00</end>
                </TimeSpan>
                <Point>
                  <coordinates>8.52253150418667,47.372117325812624,0</coordinates>
                </Point>
              </Placemark>
              <Placemark>
                <name>Telemetry 19</name>
                <styleUrl>#modifiedtelemetry</styleUrl>
                <TimeSpan>
                  <begin>2026-05-21T14:57:28.005134+00:00</begin>
                  <end>2026-05-21T14:57:29.005134+00:00</end>
                </TimeSpan>
                <Point>
                  <coordinates>8.52248220839987,47.372152270857306,0</coordinates>
                </Point>
              </Placemark>
              <Placemark>
                <name>Telemetry 20</name>
                <styleUrl>#modifiedtelemetry</styleUrl>
                <TimeSpan>
                  <begin>2026-05-21T14:57:29.005134+00:00</begin>
                  <end>2026-05-21T14:57:30.005134+00:00</end>
                </TimeSpan>
                <Point>
                  <coordinates>8.522432912613064,47.372187215901995,0</coordinates>
                </Point>
              </Placemark>
              <Placemark>
                <name>Telemetry 21</name>
                <styleUrl>#modifiedtelemetry</styleUrl>
                <TimeSpan>
                  <begin>2026-05-21T14:57:30.005134+00:00</begin>
                  <end>2026-05-21T14:57:31.005134+00:00</end>
                </TimeSpan>
                <Point>
                  <coordinates>8.522383616826263,47.37222216094668,0</coordinates>
                </Point>
              </Placemark>
              <Placemark>
                <name>Telemetry 22</name>
                <styleUrl>#modifiedtelemetry</styleUrl>
                <TimeSpan>
                  <begin>2026-05-21T14:57:31.005134+00:00</begin>
                  <end>2026-05-21T14:57:32.005134+00:00</end>
                </TimeSpan>
                <Point>
                  <coordinates>8.52233432103946,47.372257105991366,0</coordinates>
                </Point>
              </Placemark>
              <Placemark>
                <name>Telemetry 23</name>
                <styleUrl>#modifiedtelemetry</styleUrl>
                <TimeSpan>
                  <begin>2026-05-21T14:57:32.005134+00:00</begin>
                  <end>2026-05-21T14:57:33.005134+00:00</end>
                </TimeSpan>
                <Point>
                  <coordinates>8.52228502525266,47.37229205103605,0</coordinates>
                </Point>
              </Placemark>
              <Placemark>
                <name>Telemetry 24</name>
                <styleUrl>#modifiedtelemetry</styleUrl>
                <TimeSpan>
                  <begin>2026-05-21T14:57:33.005134+00:00</begin>
                  <end>2026-05-21T14:57:34.005134+00:00</end>
                </TimeSpan>
                <Point>
                  <coordinates>8.522235729465857,47.37232699608074,0</coordinates>
                </Point>
              </Placemark>
              <Placemark>
                <name>Telemetry 25</name>
                <styleUrl>#modifiedtelemetry</styleUrl>
                <TimeSpan>
                  <begin>2026-05-21T14:57:34.005134+00:00</begin>
                  <end>2026-05-21T14:57:35.005134+00:00</end>
                </TimeSpan>
                <Point>
                  <coordinates>8.522186433679055,47.37236194112542,0</coordinates>
                </Point>
              </Placemark>
              <Placemark>
                <name>Telemetry 26</name>
                <styleUrl>#modifiedtelemetry</styleUrl>
                <TimeSpan>
                  <begin>2026-05-21T14:57:35.005134+00:00</begin>
                  <end>2026-05-21T14:57:36.005134+00:00</end>
                </TimeSpan>
                <Point>
                  <coordinates>8.522137137892253,47.37239688617011,0</coordinates>
                </Point>
              </Placemark>
              <Placemark>
                <name>Telemetry 27</name>
                <styleUrl>#modifiedtelemetry</styleUrl>
                <TimeSpan>
                  <begin>2026-05-21T14:57:36.005134+00:00</begin>
                  <end>2026-05-21T14:57:37.005134+00:00</end>
                </TimeSpan>
                <Point>
                  <coordinates>8.522087838468211,47.37243182886079,0</coordinates>
                </Point>
              </Placemark>
              <Placemark>
                <name>Telemetry 28</name>
                <styleUrl>#modifiedtelemetry</styleUrl>
                <TimeSpan>
                  <begin>2026-05-21T14:57:37.005134+00:00</begin>
                  <end>2026-05-21T14:57:38.005134+00:00</end>
                </TimeSpan>
                <Point>
                  <coordinates>8.522032112466293,47.37247131013179,0</coordinates>
                </Point>
              </Placemark>
              <Placemark>
                <name>Telemetry 29</name>
                <styleUrl>#modifiedtelemetry</styleUrl>
                <TimeSpan>
                  <begin>2026-05-21T14:57:38.005134+00:00</begin>
                  <end>2026-05-21T14:57:39.005134+00:00</end>
                </TimeSpan>
                <Point>
                  <coordinates>8.521976386464376,47.37251079140279,0</coordinates>
                </Point>
              </Placemark>
              <Placemark>
                <name>Telemetry 30</name>
                <styleUrl>#modifiedtelemetry</styleUrl>
                <TimeSpan>
                  <begin>2026-05-21T14:57:39.005134+00:00</begin>
                  <end>2026-05-21T14:57:40.005134+00:00</end>
                </TimeSpan>
                <Point>
                  <coordinates>8.521920660462458,47.37255027267379,0</coordinates>
                </Point>
              </Placemark>
              <Placemark>
                <name>Telemetry 31</name>
                <styleUrl>#modifiedtelemetry</styleUrl>
                <TimeSpan>
                  <begin>2026-05-21T14:57:40.005134+00:00</begin>
                  <end>2026-05-21T14:57:41.005134+00:00</end>
                </TimeSpan>
                <Point>
                  <coordinates>8.521864934460542,47.37258975394479,0</coordinates>
                </Point>
              </Placemark>
              <Placemark>
                <name>Telemetry 32</name>
                <styleUrl>#modifiedtelemetry</styleUrl>
                <TimeSpan>
                  <begin>2026-05-21T14:57:41.005134+00:00</begin>
                  <end>2026-05-21T14:57:42.005134+00:00</end>
                </TimeSpan>
                <Point>
                  <coordinates>8.521809208458624,47.37262923521579,0</coordinates>
                </Point>
              </Placemark>
              <Placemark>
                <name>Telemetry 33</name>
                <styleUrl>#modifiedtelemetry</styleUrl>
                <TimeSpan>
                  <begin>2026-05-21T14:57:42.005134+00:00</begin>
                  <end>2026-05-21T14:57:43.005134+00:00</end>
                </TimeSpan>
                <Point>
                  <coordinates>8.521753482456708,47.372668716486785,0</coordinates>
                </Point>
              </Placemark>
              <Placemark>
                <name>Telemetry 34</name>
                <styleUrl>#modifiedtelemetry</styleUrl>
                <TimeSpan>
                  <begin>2026-05-21T14:57:43.005134+00:00</begin>
                  <end>2026-05-21T14:57:44.005134+00:00</end>
                </TimeSpan>
                <Point>
                  <coordinates>8.521697756454788,47.37270819775779,0</coordinates>
                </Point>
              </Placemark>
              <Placemark>
                <name>Telemetry 35</name>
                <styleUrl>#modifiedtelemetry</styleUrl>
                <TimeSpan>
                  <begin>2026-05-21T14:57:44.005134+00:00</begin>
                  <end>2026-05-21T14:57:45.005134+00:00</end>
                </TimeSpan>
                <Point>
                  <coordinates>8.52164203045287,47.372747679028784,0</coordinates>
                </Point>
              </Placemark>
              <Placemark>
                <name>Telemetry 36</name>
                <styleUrl>#modifiedtelemetry</styleUrl>
                <TimeSpan>
                  <begin>2026-05-21T14:57:45.005134+00:00</begin>
                  <end>2026-05-21T14:57:46.005134+00:00</end>
                </TimeSpan>
                <Point>
                  <coordinates>8.521586304450953,47.37278716029979,0</coordinates>
                </Point>
              </Placemark>
              <Placemark>
                <name>Telemetry 37</name>
                <styleUrl>#modifiedtelemetry</styleUrl>
                <TimeSpan>
                  <begin>2026-05-21T14:57:46.005134+00:00</begin>
                  <end>2026-05-21T14:57:47.005134+00:00</end>
                </TimeSpan>
                <Point>
                  <coordinates>8.521530578449035,47.37282664157078,0</coordinates>
                </Point>
              </Placemark>
              <Placemark>
                <name>Telemetry 38</name>
                <styleUrl>#modifiedtelemetry</styleUrl>
                <TimeSpan>
                  <begin>2026-05-21T14:57:47.005134+00:00</begin>
                  <end>2026-05-21T14:57:48.005134+00:00</end>
                </TimeSpan>
                <Point>
                  <coordinates>8.521474852447117,47.372866122841785,0</coordinates>
                </Point>
              </Placemark>
              <Placemark>
                <name>Telemetry 39</name>
                <styleUrl>#modifiedtelemetry</styleUrl>
                <TimeSpan>
                  <begin>2026-05-21T14:57:48.005134+00:00</begin>
                  <end>2026-05-21T14:57:49.005134+00:00</end>
                </TimeSpan>
                <Point>
                  <coordinates>8.5214191264452,47.37290560411278,0</coordinates>
                </Point>
              </Placemark>
              <Placemark>
                <name>Telemetry 40</name>
                <styleUrl>#modifiedtelemetry</styleUrl>
                <TimeSpan>
                  <begin>2026-05-21T14:57:49.005134+00:00</begin>
                  <end>2026-05-21T14:57:50.005134+00:00</end>
                </TimeSpan>
                <Point>
                  <coordinates>8.521363400443283,47.37294508538378,0</coordinates>
                </Point>
              </Placemark>
              <Placemark>
                <name>Telemetry 41</name>
                <styleUrl>#modifiedtelemetry</styleUrl>
                <TimeSpan>
                  <begin>2026-05-21T14:57:50.005134+00:00</begin>
                  <end>2026-05-21T14:57:51.005134+00:00</end>
                </TimeSpan>
                <Point>
                  <coordinates>8.521307674441365,47.37298456665478,0</coordinates>
                </Point>
              </Placemark>
              <Placemark>
                <name>Telemetry 42</name>
                <styleUrl>#modifiedtelemetry</styleUrl>
                <TimeSpan>
                  <begin>2026-05-21T14:57:51.005134+00:00</begin>
                  <end>2026-05-21T14:57:52.005134+00:00</end>
                </TimeSpan>
                <Point>
                  <coordinates>8.521251948439447,47.37302404792578,0</coordinates>
                </Point>
              </Placemark>
              <Placemark>
                <name>Telemetry 43</name>
                <styleUrl>#modifiedtelemetry</styleUrl>
                <TimeSpan>
                  <begin>2026-05-21T14:57:52.005134+00:00</begin>
                  <end>2026-05-21T14:57:53.005134+00:00</end>
                </TimeSpan>
                <Point>
                  <coordinates>8.52119622243753,47.37306352919678,0</coordinates>
                </Point>
              </Placemark>
              <Placemark>
                <name>Telemetry 44</name>
                <styleUrl>#modifiedtelemetry</styleUrl>
                <TimeSpan>
                  <begin>2026-05-21T14:57:53.005134+00:00</begin>
                  <end>2026-05-21T14:57:54.005134+00:00</end>
                </TimeSpan>
                <Point>
                  <coordinates>8.521140496435612,47.37310301046778,0</coordinates>
                </Point>
              </Placemark>
              <Placemark>
                <name>Telemetry 45</name>
                <styleUrl>#modifiedtelemetry</styleUrl>
                <TimeSpan>
                  <begin>2026-05-21T14:57:54.005134+00:00</begin>
                  <end>2026-05-21T14:57:55.005134+00:00</end>
                </TimeSpan>
                <Point>
                  <coordinates>8.521084770433694,47.373142491738776,0</coordinates>
                </Point>
              </Placemark>
              <Placemark>
                <name>Telemetry 46</name>
                <styleUrl>#modifiedtelemetry</styleUrl>
                <TimeSpan>
                  <begin>2026-05-21T14:57:55.005134+00:00</begin>
                  <end>2026-05-21T14:57:56.005134+00:00</end>
                </TimeSpan>
                <Point>
                  <coordinates>8.521029997240193,47.37318257084312,0</coordinates>
                </Point>
              </Placemark>
              <Placemark>
                <name>Telemetry 47</name>
                <styleUrl>#modifiedtelemetry</styleUrl>
                <TimeSpan>
                  <begin>2026-05-21T14:57:56.005134+00:00</begin>
                  <end>2026-05-21T14:57:57.005134+00:00</end>
                </TimeSpan>
                <Point>
                  <coordinates>8.520963533997929,47.37323270220549,0</coordinates>
                </Point>
              </Placemark>
              <Placemark>
                <name>Telemetry 48</name>
                <styleUrl>#modifiedtelemetry</styleUrl>
                <TimeSpan>
                  <begin>2026-05-21T14:57:57.005134+00:00</begin>
                  <end>2026-05-21T14:57:58.005134+00:00</end>
                </TimeSpan>
                <Point>
                  <coordinates>8.520897070755662,47.37328283356786,0</coordinates>
                </Point>
              </Placemark>
              <Placemark>
                <name>Telemetry 49</name>
                <styleUrl>#modifiedtelemetry</styleUrl>
                <TimeSpan>
                  <begin>2026-05-21T14:57:58.005134+00:00</begin>
                  <end>2026-05-21T14:57:59.005134+00:00</end>
                </TimeSpan>
                <Point>
                  <coordinates>8.520830607513398,47.37333296493023,0</coordinates>
                </Point>
              </Placemark>
              <Placemark>
                <name>Telemetry 50</name>
                <styleUrl>#modifiedtelemetry</styleUrl>
                <TimeSpan>
                  <begin>2026-05-21T14:57:59.005134+00:00</begin>
                  <end>2026-05-21T14:58:00.005134+00:00</end>
                </TimeSpan>
                <Point>
                  <coordinates>8.520764144271133,47.3733830962926,0</coordinates>
                </Point>
              </Placemark>
              <Placemark>
                <name>Telemetry 51</name>
                <styleUrl>#modifiedtelemetry</styleUrl>
                <TimeSpan>
                  <begin>2026-05-21T14:58:00.005134+00:00</begin>
                  <end>2026-05-21T14:58:01.005134+00:00</end>
                </TimeSpan>
                <Point>
                  <coordinates>8.520697681028867,47.37343322765497,0</coordinates>
                </Point>
              </Placemark>
              <Placemark>
                <name>Telemetry 52</name>
                <styleUrl>#modifiedtelemetry</styleUrl>
                <TimeSpan>
                  <begin>2026-05-21T14:58:01.005134+00:00</begin>
                  <end>2026-05-21T14:58:02.005134+00:00</end>
                </TimeSpan>
                <Point>
                  <coordinates>8.520631217786603,47.373483359017335,0</coordinates>
                </Point>
              </Placemark>
              <Placemark>
                <name>Telemetry 53</name>
                <styleUrl>#modifiedtelemetry</styleUrl>
                <TimeSpan>
                  <begin>2026-05-21T14:58:02.005134+00:00</begin>
                  <end>2026-05-21T14:58:03.005134+00:00</end>
                </TimeSpan>
                <Point>
                  <coordinates>8.520564754544338,47.37353349037971,0</coordinates>
                </Point>
              </Placemark>
              <Placemark>
                <name>Telemetry 54</name>
                <styleUrl>#modifiedtelemetry</styleUrl>
                <TimeSpan>
                  <begin>2026-05-21T14:58:03.005134+00:00</begin>
                  <end>2026-05-21T14:58:04.005134+00:00</end>
                </TimeSpan>
                <Point>
                  <coordinates>8.520498291302074,47.37358362174207,0</coordinates>
                </Point>
              </Placemark>
              <Placemark>
                <name>Telemetry 55</name>
                <styleUrl>#modifiedtelemetry</styleUrl>
                <TimeSpan>
                  <begin>2026-05-21T14:58:04.005134+00:00</begin>
                  <end>2026-05-21T14:58:05.005134+00:00</end>
                </TimeSpan>
                <Point>
                  <coordinates>8.520431828059808,47.37363375310444,0</coordinates>
                </Point>
              </Placemark>
              <Placemark>
                <name>Telemetry 56</name>
                <styleUrl>#modifiedtelemetry</styleUrl>
                <TimeSpan>
                  <begin>2026-05-21T14:58:05.005134+00:00</begin>
                  <end>2026-05-21T14:58:06.005134+00:00</end>
                </TimeSpan>
                <Point>
                  <coordinates>8.520365364817543,47.373683884466814,0</coordinates>
                </Point>
              </Placemark>
              <Placemark>
                <name>Telemetry 57</name>
                <styleUrl>#modifiedtelemetry</styleUrl>
                <TimeSpan>
                  <begin>2026-05-21T14:58:06.005134+00:00</begin>
                  <end>2026-05-21T14:58:07.005134+00:00</end>
                </TimeSpan>
                <Point>
                  <coordinates>8.520303903282091,47.37373680594896,0</coordinates>
                </Point>
              </Placemark>
              <Placemark>
                <name>Telemetry 58</name>
                <styleUrl>#modifiedtelemetry</styleUrl>
                <TimeSpan>
                  <begin>2026-05-21T14:58:07.005134+00:00</begin>
                  <end>2026-05-21T14:58:08.005134+00:00</end>
                </TimeSpan>
                <Point>
                  <coordinates>8.520235595452737,47.373798117289056,0</coordinates>
                </Point>
              </Placemark>
              <Placemark>
                <name>Telemetry 59</name>
                <styleUrl>#modifiedtelemetry</styleUrl>
                <TimeSpan>
                  <begin>2026-05-21T14:58:08.005134+00:00</begin>
                  <end>2026-05-21T14:58:09.005134+00:00</end>
                </TimeSpan>
                <Point>
                  <coordinates>8.520167287623382,47.373859428629146,0</coordinates>
                </Point>
              </Placemark>
              <Placemark>
                <name>Telemetry 60</name>
                <styleUrl>#modifiedtelemetry</styleUrl>
                <TimeSpan>
                  <begin>2026-05-21T14:58:09.005134+00:00</begin>
                  <end>2026-05-21T14:58:10.005134+00:00</end>
                </TimeSpan>
                <Point>
                  <coordinates>8.520098979794028,47.37392073996924,0</coordinates>
                </Point>
              </Placemark>
              <Placemark>
                <name>Telemetry 61</name>
                <styleUrl>#modifiedtelemetry</styleUrl>
                <TimeSpan>
                  <begin>2026-05-21T14:58:10.005134+00:00</begin>
                  <end>2026-05-21T14:58:11.005134+00:00</end>
                </TimeSpan>
                <Point>
                  <coordinates>8.520030671964673,47.37398205130934,0</coordinates>
                </Point>
              </Placemark>
              <Placemark>
                <name>Telemetry 62</name>
                <styleUrl>#modifiedtelemetry</styleUrl>
                <TimeSpan>
                  <begin>2026-05-21T14:58:11.005134+00:00</begin>
                  <end>2026-05-21T14:58:12.005134+00:00</end>
                </TimeSpan>
                <Point>
                  <coordinates>8.519962364135319,47.37404336264943,0</coordinates>
                </Point>
              </Placemark>
              <Placemark>
                <name>Telemetry 63</name>
                <styleUrl>#modifiedtelemetry</styleUrl>
                <TimeSpan>
                  <begin>2026-05-21T14:58:12.005134+00:00</begin>
                  <end>2026-05-21T14:58:13.005134+00:00</end>
                </TimeSpan>
                <Point>
                  <coordinates>8.519895098918301,47.374105167193115,0</coordinates>
                </Point>
              </Placemark>
            </Folder>
          </Folder>
        </Folder>
        <Folder>
          <name>Service Provider polling</name>
        </Folder>
        <Folder>
          <name>Service Provider polling</name>
        </Folder>
        <Folder>
          <name>Service Provider polling</name>
        </Folder>
        <Folder>
          <name>Service Provider polling</name>
        </Folder>
        <Folder>
          <name>Service Provider polling</name>
        </Folder>
        <Folder>
          <name>Verify operator notification</name>
        </Folder>
        <Folder>
          <name>Intermediate cleanup</name>
        </Folder>
      </Folder>
      <Folder>
        <name/>
        <Folder>
          <name>Cleanup</name>
        </Folder>
      </Folder>
    </Folder>
  </Document>
</kml>
