<kml xmlns="http://www.opengis.net/kml/2.2" xmlns:atom="http://www.w3.org/2005/Atom" xmlns:gx="http://www.google.com/kml/ext/2.2">
  <Document>
    <Style id="QueryArea">
      <LineStyle>
        <color>ffc0c000</color>
        <width>3</width>
      </LineStyle>
      <PolyStyle>
        <color>80ffffaa</color>
      </PolyStyle>
    </Style>
    <Style id="F3548v21Accepted">
      <LineStyle>
        <color>ff00c000</color>
        <width>3</width>
      </LineStyle>
      <PolyStyle>
        <color>80c0c0c0</color>
      </PolyStyle>
    </Style>
    <Style id="F3548v21Activated">
      <LineStyle>
        <color>ff00c000</color>
        <width>3</width>
      </LineStyle>
      <PolyStyle>
        <color>8000ff00</color>
      </PolyStyle>
    </Style>
    <Style id="F3548v21Nonconforming">
      <LineStyle>
        <color>ff00ffff</color>
        <width>5</width>
      </LineStyle>
      <PolyStyle>
        <color>8000ffff</color>
      </PolyStyle>
    </Style>
    <Style id="F3548v21Contingent">
      <LineStyle>
        <color>ff0000ff</color>
        <width>5</width>
      </LineStyle>
      <PolyStyle>
        <color>80ff0000ff</color>
      </PolyStyle>
    </Style>
    <Style id="F3548v21AcceptedFuture">
      <LineStyle>
        <color>80c0c0c0</color>
        <width>1</width>
      </LineStyle>
      <PolyStyle>
        <color>00000000</color>
      </PolyStyle>
    </Style>
    <Style id="F3548v21ActivatedFuture">
      <LineStyle>
        <color>8040c040</color>
        <width>1</width>
      </LineStyle>
      <PolyStyle>
        <color>00000000</color>
      </PolyStyle>
    </Style>
    <Style id="F3548v21NonconformingFuture">
      <LineStyle>
        <color>8000ffff</color>
        <width>1</width>
      </LineStyle>
      <PolyStyle>
        <color>00000000</color>
      </PolyStyle>
    </Style>
    <Style id="F3548v21ContingentFuture">
      <LineStyle>
        <color>80ff0000ff</color>
        <width>1</width>
      </LineStyle>
      <PolyStyle>
        <color>00000000</color>
      </PolyStyle>
    </Style>
    <Style id="Planned_Nominal">
      <LineStyle>
        <color>ff00c000</color>
        <width>3</width>
      </LineStyle>
      <PolyStyle>
        <color>80808080</color>
      </PolyStyle>
    </Style>
    <Style id="InUse_Nominal">
      <LineStyle>
        <color>ff00c000</color>
        <width>3</width>
      </LineStyle>
      <PolyStyle>
        <color>8000ff00</color>
      </PolyStyle>
    </Style>
    <Style id="InUse_OffNominal">
      <LineStyle>
        <color>ff00ffff</color>
        <width>5</width>
      </LineStyle>
      <PolyStyle>
        <color>8000ff00</color>
      </PolyStyle>
    </Style>
    <Style id="InUse_Contingent">
      <LineStyle>
        <color>ff0000ff</color>
        <width>5</width>
      </LineStyle>
      <PolyStyle>
        <color>8000ff00</color>
      </PolyStyle>
    </Style>
    <Style id="unmodifiedtelemetry">
      <IconStyle>
        <scale>1.4</scale>
        <Icon>
          <href>http://maps.google.com/mapfiles/kml/shapes/placemark_circle.png</href>
        </Icon>
      </IconStyle>
    </Style>
    <Style id="modifiedtelemetry">
      <IconStyle>
        <scale>1.4</scale>
        <Icon>
          <href>http://maps.google.com/mapfiles/kml/shapes/placemark_square.png</href>
        </Icon>
      </IconStyle>
    </Style>
    <Style id="aircraft">
      <IconStyle>
        <scale>1.4</scale>
        <Icon>
          <href>http://maps.google.com/mapfiles/kml/shapes/airports.png</href>
        </Icon>
      </IconStyle>
    </Style>
    <Folder>
      <name>Nominal planning: conflict with higher priority</name>
      <Folder>
        <name>Prerequisites check</name>
        <Folder>
          <name>Verify area is clear</name>
          <Folder>
            <name>E3: uss1_dss astm.f3548.v21.dss.queryOperationalIntentReferences</name>
            <Placemark>
              <name>area_of_interest</name>
              <styleUrl>#QueryArea</styleUrl>
              <description><![CDATA[(no operational intent references found)]]></description>
              <TimeSpan>
                <begin>2026-05-21T14:56:08.938237+00:00</begin>
                <end>2026-05-21T16:26:09.938237+00:00</end>
              </TimeSpan>
              <MultiGeometry>
                <Polygon>
                  <altitudeMode>absolute</altitudeMode>
                  <outerBoundaryIs>
                    <LinearRing>
                      <coordinates>-96.75890000000001,32.71785,90.26747562835504 -96.75890000000001,32.7186,90.26747562835504 -96.75815,32.7186,90.26747562835504 -96.75815,32.71785,90.26747562835504</coordinates>
                    </LinearRing>
                  </outerBoundaryIs>
                </Polygon>
                <Polygon>
                  <altitudeMode>absolute</altitudeMode>
                  <outerBoundaryIs>
                    <LinearRing>
                      <coordinates>-96.75890000000001,32.71785,170.31747562835506 -96.75890000000001,32.7186,170.31747562835506 -96.75815,32.7186,170.31747562835506 -96.75815,32.71785,170.31747562835506</coordinates>
                    </LinearRing>
                  </outerBoundaryIs>
                </Polygon>
                <Polygon>
                  <altitudeMode>absolute</altitudeMode>
                  <outerBoundaryIs>
                    <LinearRing>
                      <coordinates>-96.75890000000001,32.71785,90.26747562835504 -96.75890000000001,32.71785,170.31747562835506 -96.75890000000001,32.7186,170.31747562835506 -96.75890000000001,32.7186,90.26747562835504</coordinates>
                    </LinearRing>
                  </outerBoundaryIs>
                </Polygon>
                <Polygon>
                  <altitudeMode>absolute</altitudeMode>
                  <outerBoundaryIs>
                    <LinearRing>
                      <coordinates>-96.75890000000001,32.7186,90.26747562835504 -96.75890000000001,32.7186,170.31747562835506 -96.75815,32.7186,170.31747562835506 -96.75815,32.7186,90.26747562835504</coordinates>
                    </LinearRing>
                  </outerBoundaryIs>
                </Polygon>
                <Polygon>
                  <altitudeMode>absolute</altitudeMode>
                  <outerBoundaryIs>
                    <LinearRing>
                      <coordinates>-96.75815,32.7186,90.26747562835504 -96.75815,32.7186,170.31747562835506 -96.75815,32.71785,170.31747562835506 -96.75815,32.71785,90.26747562835504</coordinates>
                    </LinearRing>
                  </outerBoundaryIs>
                </Polygon>
                <Polygon>
                  <altitudeMode>absolute</altitudeMode>
                  <outerBoundaryIs>
                    <LinearRing>
                      <coordinates>-96.75815,32.71785,90.26747562835504 -96.75815,32.71785,170.31747562835506 -96.75890000000001,32.71785,170.31747562835506 -96.75890000000001,32.71785,90.26747562835504</coordinates>
                    </LinearRing>
                  </outerBoundaryIs>
                </Polygon>
              </MultiGeometry>
            </Placemark>
          </Folder>
        </Folder>
      </Folder>
      <Folder>
        <name>Attempt to plan flight in conflict</name>
        <Folder>
          <name>Plan Flight 2</name>
          <Folder>
            <name>E6: uss1_dss astm.f3548.v21.dss.queryOperationalIntentReferences</name>
            <Placemark>
              <name>area_of_interest</name>
              <styleUrl>#QueryArea</styleUrl>
              <description><![CDATA[(no operational intent references found)]]></description>
              <TimeSpan>
                <begin>2026-05-21T14:56:09.012172+00:00</begin>
                <end>2026-05-21T15:41:10.012172+00:00</end>
              </TimeSpan>
              <MultiGeometry>
                <Polygon>
                  <altitudeMode>absolute</altitudeMode>
                  <outerBoundaryIs>
                    <LinearRing>
                      <coordinates>-96.75890000000001,32.71785,119.24797214313818 -96.75890000000001,32.7186,119.24797214313818 -96.7585,32.7186,119.24797214313818 -96.7585,32.71785,119.24797214313818</coordinates>
                    </LinearRing>
                  </outerBoundaryIs>
                </Polygon>
                <Polygon>
                  <altitudeMode>absolute</altitudeMode>
                  <outerBoundaryIs>
                    <LinearRing>
                      <coordinates>-96.75890000000001,32.71785,148.31797214313818 -96.75890000000001,32.7186,148.31797214313818 -96.7585,32.7186,148.31797214313818 -96.7585,32.71785,148.31797214313818</coordinates>
                    </LinearRing>
                  </outerBoundaryIs>
                </Polygon>
                <Polygon>
                  <altitudeMode>absolute</altitudeMode>
                  <outerBoundaryIs>
                    <LinearRing>
                      <coordinates>-96.75890000000001,32.71785,119.24797214313818 -96.75890000000001,32.71785,148.31797214313818 -96.75890000000001,32.7186,148.31797214313818 -96.75890000000001,32.7186,119.24797214313818</coordinates>
                    </LinearRing>
                  </outerBoundaryIs>
                </Polygon>
                <Polygon>
                  <altitudeMode>absolute</altitudeMode>
                  <outerBoundaryIs>
                    <LinearRing>
                      <coordinates>-96.75890000000001,32.7186,119.24797214313818 -96.75890000000001,32.7186,148.31797214313818 -96.7585,32.7186,148.31797214313818 -96.7585,32.7186,119.24797214313818</coordinates>
                    </LinearRing>
                  </outerBoundaryIs>
                </Polygon>
                <Polygon>
                  <altitudeMode>absolute</altitudeMode>
                  <outerBoundaryIs>
                    <LinearRing>
                      <coordinates>-96.7585,32.7186,119.24797214313818 -96.7585,32.7186,148.31797214313818 -96.7585,32.71785,148.31797214313818 -96.7585,32.71785,119.24797214313818</coordinates>
                    </LinearRing>
                  </outerBoundaryIs>
                </Polygon>
                <Polygon>
                  <altitudeMode>absolute</altitudeMode>
                  <outerBoundaryIs>
                    <LinearRing>
                      <coordinates>-96.7585,32.71785,119.24797214313818 -96.7585,32.71785,148.31797214313818 -96.75890000000001,32.71785,148.31797214313818 -96.75890000000001,32.71785,119.24797214313818</coordinates>
                    </LinearRing>
                  </outerBoundaryIs>
                </Polygon>
              </MultiGeometry>
            </Placemark>
          </Folder>
          <Folder>
            <name>E8: uss2_core interuss.automated_testing.flight_planning.v1.UpsertFlightPlan</name>
            <Folder>
              <name>Activity Completed, flight Planned</name>
              <Placemark>
                <name>Volume 0</name>
                <styleUrl>#Planned_Nominal</styleUrl>
                <TimeSpan>
                  <begin>2026-05-21T14:56:09.012172+00:00</begin>
                  <end>2026-05-21T15:41:10.012172+00:00</end>
                </TimeSpan>
                <MultiGeometry>
                  <Polygon>
                    <altitudeMode>absolute</altitudeMode>
                    <outerBoundaryIs>
                      <LinearRing>
                        <coordinates>-96.75890000000001,32.7183,119.24795468550222 -96.7587,32.71785,119.24795468550222 -96.7585,32.71825,119.24795468550222 -96.7587,32.7186,119.24795468550222</coordinates>
                      </LinearRing>
                    </outerBoundaryIs>
                  </Polygon>
                  <Polygon>
                    <altitudeMode>absolute</altitudeMode>
                    <outerBoundaryIs>
                      <LinearRing>
                        <coordinates>-96.75890000000001,32.7183,148.31795468550223 -96.7587,32.71785,148.31795468550223 -96.7585,32.71825,148.31795468550223 -96.7587,32.7186,148.31795468550223</coordinates>
                      </LinearRing>
                    </outerBoundaryIs>
                  </Polygon>
                  <Polygon>
                    <altitudeMode>absolute</altitudeMode>
                    <outerBoundaryIs>
                      <LinearRing>
                        <coordinates>-96.75890000000001,32.7183,119.24795468550222 -96.75890000000001,32.7183,148.31795468550223 -96.7587,32.71785,148.31795468550223 -96.7587,32.71785,119.24795468550222</coordinates>
                      </LinearRing>
                    </outerBoundaryIs>
                  </Polygon>
                  <Polygon>
                    <altitudeMode>absolute</altitudeMode>
                    <outerBoundaryIs>
                      <LinearRing>
                        <coordinates>-96.7587,32.71785,119.24795468550222 -96.7587,32.71785,148.31795468550223 -96.7585,32.71825,148.31795468550223 -96.7585,32.71825,119.24795468550222</coordinates>
                      </LinearRing>
                    </outerBoundaryIs>
                  </Polygon>
                  <Polygon>
                    <altitudeMode>absolute</altitudeMode>
                    <outerBoundaryIs>
                      <LinearRing>
                        <coordinates>-96.7585,32.71825,119.24795468550222 -96.7585,32.71825,148.31795468550223 -96.7587,32.7186,148.31795468550223 -96.7587,32.7186,119.24795468550222</coordinates>
                      </LinearRing>
                    </outerBoundaryIs>
                  </Polygon>
                  <Polygon>
                    <altitudeMode>absolute</altitudeMode>
                    <outerBoundaryIs>
                      <LinearRing>
                        <coordinates>-96.7587,32.7186,119.24795468550222 -96.7587,32.7186,148.31795468550223 -96.75890000000001,32.7183,148.31795468550223 -96.75890000000001,32.7183,119.24795468550222</coordinates>
                      </LinearRing>
                    </outerBoundaryIs>
                  </Polygon>
                </MultiGeometry>
              </Placemark>
            </Folder>
          </Folder>
          <Folder>
            <name>E12: uss1_dss astm.f3548.v21.dss.queryOperationalIntentReferences</name>
            <Placemark>
              <name>area_of_interest</name>
              <styleUrl>#QueryArea</styleUrl>
              <description><![CDATA[<ul><li>uss2's Accepted 4f09f393-c316-4068-a55b-dc076d5bd8b7[1]</li></ul>]]></description>
              <TimeSpan>
                <begin>2026-05-21T14:56:09.012172+00:00</begin>
                <end>2026-05-21T15:41:10.012172+00:00</end>
              </TimeSpan>
              <MultiGeometry>
                <Polygon>
                  <altitudeMode>absolute</altitudeMode>
                  <outerBoundaryIs>
                    <LinearRing>
                      <coordinates>-96.75890000000001,32.71785,119.24797214313818 -96.75890000000001,32.7186,119.24797214313818 -96.7585,32.7186,119.24797214313818 -96.7585,32.71785,119.24797214313818</coordinates>
                    </LinearRing>
                  </outerBoundaryIs>
                </Polygon>
                <Polygon>
                  <altitudeMode>absolute</altitudeMode>
                  <outerBoundaryIs>
                    <LinearRing>
                      <coordinates>-96.75890000000001,32.71785,148.31797214313818 -96.75890000000001,32.7186,148.31797214313818 -96.7585,32.7186,148.31797214313818 -96.7585,32.71785,148.31797214313818</coordinates>
                    </LinearRing>
                  </outerBoundaryIs>
                </Polygon>
                <Polygon>
                  <altitudeMode>absolute</altitudeMode>
                  <outerBoundaryIs>
                    <LinearRing>
                      <coordinates>-96.75890000000001,32.71785,119.24797214313818 -96.75890000000001,32.71785,148.31797214313818 -96.75890000000001,32.7186,148.31797214313818 -96.75890000000001,32.7186,119.24797214313818</coordinates>
                    </LinearRing>
                  </outerBoundaryIs>
                </Polygon>
                <Polygon>
                  <altitudeMode>absolute</altitudeMode>
                  <outerBoundaryIs>
                    <LinearRing>
                      <coordinates>-96.75890000000001,32.7186,119.24797214313818 -96.75890000000001,32.7186,148.31797214313818 -96.7585,32.7186,148.31797214313818 -96.7585,32.7186,119.24797214313818</coordinates>
                    </LinearRing>
                  </outerBoundaryIs>
                </Polygon>
                <Polygon>
                  <altitudeMode>absolute</altitudeMode>
                  <outerBoundaryIs>
                    <LinearRing>
                      <coordinates>-96.7585,32.7186,119.24797214313818 -96.7585,32.7186,148.31797214313818 -96.7585,32.71785,148.31797214313818 -96.7585,32.71785,119.24797214313818</coordinates>
                    </LinearRing>
                  </outerBoundaryIs>
                </Polygon>
                <Polygon>
                  <altitudeMode>absolute</altitudeMode>
                  <outerBoundaryIs>
                    <LinearRing>
                      <coordinates>-96.7585,32.71785,119.24797214313818 -96.7585,32.71785,148.31797214313818 -96.75890000000001,32.71785,148.31797214313818 -96.75890000000001,32.71785,119.24797214313818</coordinates>
                    </LinearRing>
                  </outerBoundaryIs>
                </Polygon>
              </MultiGeometry>
            </Placemark>
          </Folder>
          <Folder>
            <name>E16: uss2_core astm.f3548.v21.uss.getOperationalIntentDetails</name>
            <Folder>
              <name>uss2's P100 Accepted 4f09f393-c316-4068-a55b-dc076d5bd8b7[1] @ IVNHgavO-xMp96o0DQLQhjcyFmgewKceM7tSW4Z03ZA_</name>
              <Placemark>
                <name>Nominal volume 0</name>
                <styleUrl>#F3548v21Accepted</styleUrl>
                <TimeSpan>
                  <begin>2026-05-21T14:56:10.033695+00:00</begin>
                  <end>2026-05-21T15:41:10.012172+00:00</end>
                </TimeSpan>
                <MultiGeometry>
                  <Polygon>
                    <altitudeMode>absolute</altitudeMode>
                    <outerBoundaryIs>
                      <LinearRing>
                        <coordinates>-96.75890000000001,32.7183,119.24795468550222 -96.7587,32.71785,119.24795468550222 -96.7585,32.71825,119.24795468550222 -96.7587,32.7186,119.24795468550222</coordinates>
                      </LinearRing>
                    </outerBoundaryIs>
                  </Polygon>
                  <Polygon>
                    <altitudeMode>absolute</altitudeMode>
                    <outerBoundaryIs>
                      <LinearRing>
                        <coordinates>-96.75890000000001,32.7183,148.31795468550223 -96.7587,32.71785,148.31795468550223 -96.7585,32.71825,148.31795468550223 -96.7587,32.7186,148.31795468550223</coordinates>
                      </LinearRing>
                    </outerBoundaryIs>
                  </Polygon>
                  <Polygon>
                    <altitudeMode>absolute</altitudeMode>
                    <outerBoundaryIs>
                      <LinearRing>
                        <coordinates>-96.75890000000001,32.7183,119.24795468550222 -96.75890000000001,32.7183,148.31795468550223 -96.7587,32.71785,148.31795468550223 -96.7587,32.71785,119.24795468550222</coordinates>
                      </LinearRing>
                    </outerBoundaryIs>
                  </Polygon>
                  <Polygon>
                    <altitudeMode>absolute</altitudeMode>
                    <outerBoundaryIs>
                      <LinearRing>
                        <coordinates>-96.7587,32.71785,119.24795468550222 -96.7587,32.71785,148.31795468550223 -96.7585,32.71825,148.31795468550223 -96.7585,32.71825,119.24795468550222</coordinates>
                      </LinearRing>
                    </outerBoundaryIs>
                  </Polygon>
                  <Polygon>
                    <altitudeMode>absolute</altitudeMode>
                    <outerBoundaryIs>
                      <LinearRing>
                        <coordinates>-96.7585,32.71825,119.24795468550222 -96.7585,32.71825,148.31795468550223 -96.7587,32.7186,148.31795468550223 -96.7587,32.7186,119.24795468550222</coordinates>
                      </LinearRing>
                    </outerBoundaryIs>
                  </Polygon>
                  <Polygon>
                    <altitudeMode>absolute</altitudeMode>
                    <outerBoundaryIs>
                      <LinearRing>
                        <coordinates>-96.7587,32.7186,119.24795468550222 -96.7587,32.7186,148.31795468550223 -96.75890000000001,32.7183,148.31795468550223 -96.75890000000001,32.7183,119.24795468550222</coordinates>
                      </LinearRing>
                    </outerBoundaryIs>
                  </Polygon>
                </MultiGeometry>
              </Placemark>
            </Folder>
          </Folder>
        </Folder>
        <Folder>
          <name>Attempt to plan Flight 1</name>
          <Folder>
            <name>E25: uss1_dss astm.f3548.v21.dss.queryOperationalIntentReferences</name>
            <Placemark>
              <name>area_of_interest</name>
              <styleUrl>#QueryArea</styleUrl>
              <description><![CDATA[<ul><li>uss2's Accepted 4f09f393-c316-4068-a55b-dc076d5bd8b7[1]</li></ul>]]></description>
              <TimeSpan>
                <begin>2026-05-21T14:56:09.138638+00:00</begin>
                <end>2026-05-21T15:41:10.138638+00:00</end>
              </TimeSpan>
              <MultiGeometry>
                <Polygon>
                  <altitudeMode>absolute</altitudeMode>
                  <outerBoundaryIs>
                    <LinearRing>
                      <coordinates>-96.75885000000001,32.71785,120.32754426941844 -96.75885000000001,32.7182,120.32754426941844 -96.75815,32.7182,120.32754426941844 -96.75815,32.71785,120.32754426941844</coordinates>
                    </LinearRing>
                  </outerBoundaryIs>
                </Polygon>
                <Polygon>
                  <altitudeMode>absolute</altitudeMode>
                  <outerBoundaryIs>
                    <LinearRing>
                      <coordinates>-96.75885000000001,32.71785,150.31754426941842 -96.75885000000001,32.7182,150.31754426941842 -96.75815,32.7182,150.31754426941842 -96.75815,32.71785,150.31754426941842</coordinates>
                    </LinearRing>
                  </outerBoundaryIs>
                </Polygon>
                <Polygon>
                  <altitudeMode>absolute</altitudeMode>
                  <outerBoundaryIs>
                    <LinearRing>
                      <coordinates>-96.75885000000001,32.71785,120.32754426941844 -96.75885000000001,32.71785,150.31754426941842 -96.75885000000001,32.7182,150.31754426941842 -96.75885000000001,32.7182,120.32754426941844</coordinates>
                    </LinearRing>
                  </outerBoundaryIs>
                </Polygon>
                <Polygon>
                  <altitudeMode>absolute</altitudeMode>
                  <outerBoundaryIs>
                    <LinearRing>
                      <coordinates>-96.75885000000001,32.7182,120.32754426941844 -96.75885000000001,32.7182,150.31754426941842 -96.75815,32.7182,150.31754426941842 -96.75815,32.7182,120.32754426941844</coordinates>
                    </LinearRing>
                  </outerBoundaryIs>
                </Polygon>
                <Polygon>
                  <altitudeMode>absolute</altitudeMode>
                  <outerBoundaryIs>
                    <LinearRing>
                      <coordinates>-96.75815,32.7182,120.32754426941844 -96.75815,32.7182,150.31754426941842 -96.75815,32.71785,150.31754426941842 -96.75815,32.71785,120.32754426941844</coordinates>
                    </LinearRing>
                  </outerBoundaryIs>
                </Polygon>
                <Polygon>
                  <altitudeMode>absolute</altitudeMode>
                  <outerBoundaryIs>
                    <LinearRing>
                      <coordinates>-96.75815,32.71785,120.32754426941844 -96.75815,32.71785,150.31754426941842 -96.75885000000001,32.71785,150.31754426941842 -96.75885000000001,32.71785,120.32754426941844</coordinates>
                    </LinearRing>
                  </outerBoundaryIs>
                </Polygon>
              </MultiGeometry>
            </Placemark>
          </Folder>
          <Folder>
            <name>E27: uss1_core interuss.automated_testing.flight_planning.v1.UpsertFlightPlan</name>
            <Folder>
              <name>Activity Rejected, flight NotPlanned</name>
              <Placemark>
                <name>Volume 0</name>
                <styleUrl>#Planned_Nominal</styleUrl>
                <TimeSpan>
                  <begin>2026-05-21T14:56:09.138638+00:00</begin>
                  <end>2026-05-21T15:41:10.138638+00:00</end>
                </TimeSpan>
                <MultiGeometry>
                  <Polygon>
                    <altitudeMode>absolute</altitudeMode>
                    <outerBoundaryIs>
                      <LinearRing>
                        <coordinates>-96.75885000000001,32.7179,120.3275710140941 -96.75885000000001,32.7182,120.3275710140941 -96.7582,32.7182,120.3275710140941 -96.75815,32.71785,120.3275710140941</coordinates>
                      </LinearRing>
                    </outerBoundaryIs>
                  </Polygon>
                  <Polygon>
                    <altitudeMode>absolute</altitudeMode>
                    <outerBoundaryIs>
                      <LinearRing>
                        <coordinates>-96.75885000000001,32.7179,150.31757101409409 -96.75885000000001,32.7182,150.31757101409409 -96.7582,32.7182,150.31757101409409 -96.75815,32.71785,150.31757101409409</coordinates>
                      </LinearRing>
                    </outerBoundaryIs>
                  </Polygon>
                  <Polygon>
                    <altitudeMode>absolute</altitudeMode>
                    <outerBoundaryIs>
                      <LinearRing>
                        <coordinates>-96.75885000000001,32.7179,120.3275710140941 -96.75885000000001,32.7179,150.31757101409409 -96.75885000000001,32.7182,150.31757101409409 -96.75885000000001,32.7182,120.3275710140941</coordinates>
                      </LinearRing>
                    </outerBoundaryIs>
                  </Polygon>
                  <Polygon>
                    <altitudeMode>absolute</altitudeMode>
                    <outerBoundaryIs>
                      <LinearRing>
                        <coordinates>-96.75885000000001,32.7182,120.3275710140941 -96.75885000000001,32.7182,150.31757101409409 -96.7582,32.7182,150.31757101409409 -96.7582,32.7182,120.3275710140941</coordinates>
                      </LinearRing>
                    </outerBoundaryIs>
                  </Polygon>
                  <Polygon>
                    <altitudeMode>absolute</altitudeMode>
                    <outerBoundaryIs>
                      <LinearRing>
                        <coordinates>-96.7582,32.7182,120.3275710140941 -96.7582,32.7182,150.31757101409409 -96.75815,32.71785,150.31757101409409 -96.75815,32.71785,120.3275710140941</coordinates>
                      </LinearRing>
                    </outerBoundaryIs>
                  </Polygon>
                  <Polygon>
                    <altitudeMode>absolute</altitudeMode>
                    <outerBoundaryIs>
                      <LinearRing>
                        <coordinates>-96.75815,32.71785,120.3275710140941 -96.75815,32.71785,150.31757101409409 -96.75885000000001,32.7179,150.31757101409409 -96.75885000000001,32.7179,120.3275710140941</coordinates>
                      </LinearRing>
                    </outerBoundaryIs>
                  </Polygon>
                </MultiGeometry>
              </Placemark>
            </Folder>
          </Folder>
          <Folder>
            <name>E30: uss1_dss astm.f3548.v21.dss.queryOperationalIntentReferences</name>
            <Placemark>
              <name>area_of_interest</name>
              <styleUrl>#QueryArea</styleUrl>
              <description><![CDATA[<ul><li>uss2's Accepted 4f09f393-c316-4068-a55b-dc076d5bd8b7[1]</li></ul>]]></description>
              <TimeSpan>
                <begin>2026-05-21T14:56:09.138638+00:00</begin>
                <end>2026-05-21T15:41:10.138638+00:00</end>
              </TimeSpan>
              <MultiGeometry>
                <Polygon>
                  <altitudeMode>absolute</altitudeMode>
                  <outerBoundaryIs>
                    <LinearRing>
                      <coordinates>-96.75885000000001,32.71785,120.32754426941844 -96.75885000000001,32.7182,120.32754426941844 -96.75815,32.7182,120.32754426941844 -96.75815,32.71785,120.32754426941844</coordinates>
                    </LinearRing>
                  </outerBoundaryIs>
                </Polygon>
                <Polygon>
                  <altitudeMode>absolute</altitudeMode>
                  <outerBoundaryIs>
                    <LinearRing>
                      <coordinates>-96.75885000000001,32.71785,150.31754426941842 -96.75885000000001,32.7182,150.31754426941842 -96.75815,32.7182,150.31754426941842 -96.75815,32.71785,150.31754426941842</coordinates>
                    </LinearRing>
                  </outerBoundaryIs>
                </Polygon>
                <Polygon>
                  <altitudeMode>absolute</altitudeMode>
                  <outerBoundaryIs>
                    <LinearRing>
                      <coordinates>-96.75885000000001,32.71785,120.32754426941844 -96.75885000000001,32.71785,150.31754426941842 -96.75885000000001,32.7182,150.31754426941842 -96.75885000000001,32.7182,120.32754426941844</coordinates>
                    </LinearRing>
                  </outerBoundaryIs>
                </Polygon>
                <Polygon>
                  <altitudeMode>absolute</altitudeMode>
                  <outerBoundaryIs>
                    <LinearRing>
                      <coordinates>-96.75885000000001,32.7182,120.32754426941844 -96.75885000000001,32.7182,150.31754426941842 -96.75815,32.7182,150.31754426941842 -96.75815,32.7182,120.32754426941844</coordinates>
                    </LinearRing>
                  </outerBoundaryIs>
                </Polygon>
                <Polygon>
                  <altitudeMode>absolute</altitudeMode>
                  <outerBoundaryIs>
                    <LinearRing>
                      <coordinates>-96.75815,32.7182,120.32754426941844 -96.75815,32.7182,150.31754426941842 -96.75815,32.71785,150.31754426941842 -96.75815,32.71785,120.32754426941844</coordinates>
                    </LinearRing>
                  </outerBoundaryIs>
                </Polygon>
                <Polygon>
                  <altitudeMode>absolute</altitudeMode>
                  <outerBoundaryIs>
                    <LinearRing>
                      <coordinates>-96.75815,32.71785,120.32754426941844 -96.75815,32.71785,150.31754426941842 -96.75885000000001,32.71785,150.31754426941842 -96.75885000000001,32.71785,120.32754426941844</coordinates>
                    </LinearRing>
                  </outerBoundaryIs>
                </Polygon>
              </MultiGeometry>
            </Placemark>
          </Folder>
        </Folder>
        <Folder>
          <name>Delete Flight 2</name>
        </Folder>
      </Folder>
      <Folder>
        <name>Attempt to modify planned flight in conflict</name>
        <Folder>
          <name>Plan Flight 1</name>
          <Folder>
            <name>E35: uss1_dss astm.f3548.v21.dss.queryOperationalIntentReferences</name>
            <Placemark>
              <name>area_of_interest</name>
              <styleUrl>#QueryArea</styleUrl>
              <description><![CDATA[(no operational intent references found)]]></description>
              <TimeSpan>
                <begin>2026-05-21T14:56:09.244649+00:00</begin>
                <end>2026-05-21T15:41:10.244649+00:00</end>
              </TimeSpan>
              <MultiGeometry>
                <Polygon>
                  <altitudeMode>absolute</altitudeMode>
                  <outerBoundaryIs>
                    <LinearRing>
                      <coordinates>-96.75885000000001,32.71785,120.32754426941844 -96.75885000000001,32.7182,120.32754426941844 -96.75815,32.7182,120.32754426941844 -96.75815,32.71785,120.32754426941844</coordinates>
                    </LinearRing>
                  </outerBoundaryIs>
                </Polygon>
                <Polygon>
                  <altitudeMode>absolute</altitudeMode>
                  <outerBoundaryIs>
                    <LinearRing>
                      <coordinates>-96.75885000000001,32.71785,150.31754426941842 -96.75885000000001,32.7182,150.31754426941842 -96.75815,32.7182,150.31754426941842 -96.75815,32.71785,150.31754426941842</coordinates>
                    </LinearRing>
                  </outerBoundaryIs>
                </Polygon>
                <Polygon>
                  <altitudeMode>absolute</altitudeMode>
                  <outerBoundaryIs>
                    <LinearRing>
                      <coordinates>-96.75885000000001,32.71785,120.32754426941844 -96.75885000000001,32.71785,150.31754426941842 -96.75885000000001,32.7182,150.31754426941842 -96.75885000000001,32.7182,120.32754426941844</coordinates>
                    </LinearRing>
                  </outerBoundaryIs>
                </Polygon>
                <Polygon>
                  <altitudeMode>absolute</altitudeMode>
                  <outerBoundaryIs>
                    <LinearRing>
                      <coordinates>-96.75885000000001,32.7182,120.32754426941844 -96.75885000000001,32.7182,150.31754426941842 -96.75815,32.7182,150.31754426941842 -96.75815,32.7182,120.32754426941844</coordinates>
                    </LinearRing>
                  </outerBoundaryIs>
                </Polygon>
                <Polygon>
                  <altitudeMode>absolute</altitudeMode>
                  <outerBoundaryIs>
                    <LinearRing>
                      <coordinates>-96.75815,32.7182,120.32754426941844 -96.75815,32.7182,150.31754426941842 -96.75815,32.71785,150.31754426941842 -96.75815,32.71785,120.32754426941844</coordinates>
                    </LinearRing>
                  </outerBoundaryIs>
                </Polygon>
                <Polygon>
                  <altitudeMode>absolute</altitudeMode>
                  <outerBoundaryIs>
                    <LinearRing>
                      <coordinates>-96.75815,32.71785,120.32754426941844 -96.75815,32.71785,150.31754426941842 -96.75885000000001,32.71785,150.31754426941842 -96.75885000000001,32.71785,120.32754426941844</coordinates>
                    </LinearRing>
                  </outerBoundaryIs>
                </Polygon>
              </MultiGeometry>
            </Placemark>
          </Folder>
          <Folder>
            <name>E37: uss1_core interuss.automated_testing.flight_planning.v1.UpsertFlightPlan</name>
            <Folder>
              <name>Activity Completed, flight Planned</name>
              <Placemark>
                <name>Volume 0</name>
                <styleUrl>#Planned_Nominal</styleUrl>
                <TimeSpan>
                  <begin>2026-05-21T14:56:09.244649+00:00</begin>
                  <end>2026-05-21T15:41:10.244649+00:00</end>
                </TimeSpan>
                <MultiGeometry>
                  <Polygon>
                    <altitudeMode>absolute</altitudeMode>
                    <outerBoundaryIs>
                      <LinearRing>
                        <coordinates>-96.75885000000001,32.7179,120.3275710140941 -96.75885000000001,32.7182,120.3275710140941 -96.7582,32.7182,120.3275710140941 -96.75815,32.71785,120.3275710140941</coordinates>
                      </LinearRing>
                    </outerBoundaryIs>
                  </Polygon>
                  <Polygon>
                    <altitudeMode>absolute</altitudeMode>
                    <outerBoundaryIs>
                      <LinearRing>
                        <coordinates>-96.75885000000001,32.7179,150.31757101409409 -96.75885000000001,32.7182,150.31757101409409 -96.7582,32.7182,150.31757101409409 -96.75815,32.71785,150.31757101409409</coordinates>
                      </LinearRing>
                    </outerBoundaryIs>
                  </Polygon>
                  <Polygon>
                    <altitudeMode>absolute</altitudeMode>
                    <outerBoundaryIs>
                      <LinearRing>
                        <coordinates>-96.75885000000001,32.7179,120.3275710140941 -96.75885000000001,32.7179,150.31757101409409 -96.75885000000001,32.7182,150.31757101409409 -96.75885000000001,32.7182,120.3275710140941</coordinates>
                      </LinearRing>
                    </outerBoundaryIs>
                  </Polygon>
                  <Polygon>
                    <altitudeMode>absolute</altitudeMode>
                    <outerBoundaryIs>
                      <LinearRing>
                        <coordinates>-96.75885000000001,32.7182,120.3275710140941 -96.75885000000001,32.7182,150.31757101409409 -96.7582,32.7182,150.31757101409409 -96.7582,32.7182,120.3275710140941</coordinates>
                      </LinearRing>
                    </outerBoundaryIs>
                  </Polygon>
                  <Polygon>
                    <altitudeMode>absolute</altitudeMode>
                    <outerBoundaryIs>
                      <LinearRing>
                        <coordinates>-96.7582,32.7182,120.3275710140941 -96.7582,32.7182,150.31757101409409 -96.75815,32.71785,150.31757101409409 -96.75815,32.71785,120.3275710140941</coordinates>
                      </LinearRing>
                    </outerBoundaryIs>
                  </Polygon>
                  <Polygon>
                    <altitudeMode>absolute</altitudeMode>
                    <outerBoundaryIs>
                      <LinearRing>
                        <coordinates>-96.75815,32.71785,120.3275710140941 -96.75815,32.71785,150.31757101409409 -96.75885000000001,32.7179,150.31757101409409 -96.75885000000001,32.7179,120.3275710140941</coordinates>
                      </LinearRing>
                    </outerBoundaryIs>
                  </Polygon>
                </MultiGeometry>
              </Placemark>
            </Folder>
          </Folder>
          <Folder>
            <name>E41: uss1_dss astm.f3548.v21.dss.queryOperationalIntentReferences</name>
            <Placemark>
              <name>area_of_interest</name>
              <styleUrl>#QueryArea</styleUrl>
              <description><![CDATA[<ul><li>uss1's Accepted bd4e169d-52d5-4f15-9632-dd0164bd3b42[1]</li></ul>]]></description>
              <TimeSpan>
                <begin>2026-05-21T14:56:09.244649+00:00</begin>
                <end>2026-05-21T15:41:10.244649+00:00</end>
              </TimeSpan>
              <MultiGeometry>
                <Polygon>
                  <altitudeMode>absolute</altitudeMode>
                  <outerBoundaryIs>
                    <LinearRing>
                      <coordinates>-96.75885000000001,32.71785,120.32754426941844 -96.75885000000001,32.7182,120.32754426941844 -96.75815,32.7182,120.32754426941844 -96.75815,32.71785,120.32754426941844</coordinates>
                    </LinearRing>
                  </outerBoundaryIs>
                </Polygon>
                <Polygon>
                  <altitudeMode>absolute</altitudeMode>
                  <outerBoundaryIs>
                    <LinearRing>
                      <coordinates>-96.75885000000001,32.71785,150.31754426941842 -96.75885000000001,32.7182,150.31754426941842 -96.75815,32.7182,150.31754426941842 -96.75815,32.71785,150.31754426941842</coordinates>
                    </LinearRing>
                  </outerBoundaryIs>
                </Polygon>
                <Polygon>
                  <altitudeMode>absolute</altitudeMode>
                  <outerBoundaryIs>
                    <LinearRing>
                      <coordinates>-96.75885000000001,32.71785,120.32754426941844 -96.75885000000001,32.71785,150.31754426941842 -96.75885000000001,32.7182,150.31754426941842 -96.75885000000001,32.7182,120.32754426941844</coordinates>
                    </LinearRing>
                  </outerBoundaryIs>
                </Polygon>
                <Polygon>
                  <altitudeMode>absolute</altitudeMode>
                  <outerBoundaryIs>
                    <LinearRing>
                      <coordinates>-96.75885000000001,32.7182,120.32754426941844 -96.75885000000001,32.7182,150.31754426941842 -96.75815,32.7182,150.31754426941842 -96.75815,32.7182,120.32754426941844</coordinates>
                    </LinearRing>
                  </outerBoundaryIs>
                </Polygon>
                <Polygon>
                  <altitudeMode>absolute</altitudeMode>
                  <outerBoundaryIs>
                    <LinearRing>
                      <coordinates>-96.75815,32.7182,120.32754426941844 -96.75815,32.7182,150.31754426941842 -96.75815,32.71785,150.31754426941842 -96.75815,32.71785,120.32754426941844</coordinates>
                    </LinearRing>
                  </outerBoundaryIs>
                </Polygon>
                <Polygon>
                  <altitudeMode>absolute</altitudeMode>
                  <outerBoundaryIs>
                    <LinearRing>
                      <coordinates>-96.75815,32.71785,120.32754426941844 -96.75815,32.71785,150.31754426941842 -96.75885000000001,32.71785,150.31754426941842 -96.75885000000001,32.71785,120.32754426941844</coordinates>
                    </LinearRing>
                  </outerBoundaryIs>
                </Polygon>
              </MultiGeometry>
            </Placemark>
          </Folder>
          <Folder>
            <name>E45: uss1_core astm.f3548.v21.uss.getOperationalIntentDetails</name>
            <Folder>
              <name>uss1's P0 Accepted bd4e169d-52d5-4f15-9632-dd0164bd3b42[1] @ O5VU8.W0KCUZYRKSvUIRXrZXGqcl8OU1699UgpqD5zY_</name>
              <Placemark>
                <name>Nominal volume 0</name>
                <styleUrl>#F3548v21Accepted</styleUrl>
                <TimeSpan>
                  <begin>2026-05-21T14:56:10.269165+00:00</begin>
                  <end>2026-05-21T15:41:10.244649+00:00</end>
                </TimeSpan>
                <MultiGeometry>
                  <Polygon>
                    <altitudeMode>absolute</altitudeMode>
                    <outerBoundaryIs>
                      <LinearRing>
                        <coordinates>-96.75885000000001,32.7179,120.3275710140941 -96.75885000000001,32.7182,120.3275710140941 -96.7582,32.7182,120.3275710140941 -96.75815,32.71785,120.3275710140941</coordinates>
                      </LinearRing>
                    </outerBoundaryIs>
                  </Polygon>
                  <Polygon>
                    <altitudeMode>absolute</altitudeMode>
                    <outerBoundaryIs>
                      <LinearRing>
                        <coordinates>-96.75885000000001,32.7179,150.31757101409409 -96.75885000000001,32.7182,150.31757101409409 -96.7582,32.7182,150.31757101409409 -96.75815,32.71785,150.31757101409409</coordinates>
                      </LinearRing>
                    </outerBoundaryIs>
                  </Polygon>
                  <Polygon>
                    <altitudeMode>absolute</altitudeMode>
                    <outerBoundaryIs>
                      <LinearRing>
                        <coordinates>-96.75885000000001,32.7179,120.3275710140941 -96.75885000000001,32.7179,150.31757101409409 -96.75885000000001,32.7182,150.31757101409409 -96.75885000000001,32.7182,120.3275710140941</coordinates>
                      </LinearRing>
                    </outerBoundaryIs>
                  </Polygon>
                  <Polygon>
                    <altitudeMode>absolute</altitudeMode>
                    <outerBoundaryIs>
                      <LinearRing>
                        <coordinates>-96.75885000000001,32.7182,120.3275710140941 -96.75885000000001,32.7182,150.31757101409409 -96.7582,32.7182,150.31757101409409 -96.7582,32.7182,120.3275710140941</coordinates>
                      </LinearRing>
                    </outerBoundaryIs>
                  </Polygon>
                  <Polygon>
                    <altitudeMode>absolute</altitudeMode>
                    <outerBoundaryIs>
                      <LinearRing>
                        <coordinates>-96.7582,32.7182,120.3275710140941 -96.7582,32.7182,150.31757101409409 -96.75815,32.71785,150.31757101409409 -96.75815,32.71785,120.3275710140941</coordinates>
                      </LinearRing>
                    </outerBoundaryIs>
                  </Polygon>
                  <Polygon>
                    <altitudeMode>absolute</altitudeMode>
                    <outerBoundaryIs>
                      <LinearRing>
                        <coordinates>-96.75815,32.71785,120.3275710140941 -96.75815,32.71785,150.31757101409409 -96.75885000000001,32.7179,150.31757101409409 -96.75885000000001,32.7179,120.3275710140941</coordinates>
                      </LinearRing>
                    </outerBoundaryIs>
                  </Polygon>
                </MultiGeometry>
              </Placemark>
            </Folder>
          </Folder>
        </Folder>
        <Folder>
          <name>Plan Flight 2</name>
          <Folder>
            <name>E58: uss1_dss astm.f3548.v21.dss.queryOperationalIntentReferences</name>
            <Placemark>
              <name>area_of_interest</name>
              <styleUrl>#QueryArea</styleUrl>
              <description><![CDATA[<ul><li>uss1's Accepted bd4e169d-52d5-4f15-9632-dd0164bd3b42[1]</li></ul>]]></description>
              <TimeSpan>
                <begin>2026-05-21T14:56:09.393231+00:00</begin>
                <end>2026-05-21T15:41:10.393231+00:00</end>
              </TimeSpan>
              <MultiGeometry>
                <Polygon>
                  <altitudeMode>absolute</altitudeMode>
                  <outerBoundaryIs>
                    <LinearRing>
                      <coordinates>-96.75890000000001,32.71785,119.24797214313818 -96.75890000000001,32.7186,119.24797214313818 -96.7585,32.7186,119.24797214313818 -96.7585,32.71785,119.24797214313818</coordinates>
                    </LinearRing>
                  </outerBoundaryIs>
                </Polygon>
                <Polygon>
                  <altitudeMode>absolute</altitudeMode>
                  <outerBoundaryIs>
                    <LinearRing>
                      <coordinates>-96.75890000000001,32.71785,148.31797214313818 -96.75890000000001,32.7186,148.31797214313818 -96.7585,32.7186,148.31797214313818 -96.7585,32.71785,148.31797214313818</coordinates>
                    </LinearRing>
                  </outerBoundaryIs>
                </Polygon>
                <Polygon>
                  <altitudeMode>absolute</altitudeMode>
                  <outerBoundaryIs>
                    <LinearRing>
                      <coordinates>-96.75890000000001,32.71785,119.24797214313818 -96.75890000000001,32.71785,148.31797214313818 -96.75890000000001,32.7186,148.31797214313818 -96.75890000000001,32.7186,119.24797214313818</coordinates>
                    </LinearRing>
                  </outerBoundaryIs>
                </Polygon>
                <Polygon>
                  <altitudeMode>absolute</altitudeMode>
                  <outerBoundaryIs>
                    <LinearRing>
                      <coordinates>-96.75890000000001,32.7186,119.24797214313818 -96.75890000000001,32.7186,148.31797214313818 -96.7585,32.7186,148.31797214313818 -96.7585,32.7186,119.24797214313818</coordinates>
                    </LinearRing>
                  </outerBoundaryIs>
                </Polygon>
                <Polygon>
                  <altitudeMode>absolute</altitudeMode>
                  <outerBoundaryIs>
                    <LinearRing>
                      <coordinates>-96.7585,32.7186,119.24797214313818 -96.7585,32.7186,148.31797214313818 -96.7585,32.71785,148.31797214313818 -96.7585,32.71785,119.24797214313818</coordinates>
                    </LinearRing>
                  </outerBoundaryIs>
                </Polygon>
                <Polygon>
                  <altitudeMode>absolute</altitudeMode>
                  <outerBoundaryIs>
                    <LinearRing>
                      <coordinates>-96.7585,32.71785,119.24797214313818 -96.7585,32.71785,148.31797214313818 -96.75890000000001,32.71785,148.31797214313818 -96.75890000000001,32.71785,119.24797214313818</coordinates>
                    </LinearRing>
                  </outerBoundaryIs>
                </Polygon>
              </MultiGeometry>
            </Placemark>
          </Folder>
          <Folder>
            <name>E60: uss2_core interuss.automated_testing.flight_planning.v1.UpsertFlightPlan</name>
            <Folder>
              <name>Activity Completed, flight Planned</name>
              <Placemark>
                <name>Volume 0</name>
                <styleUrl>#Planned_Nominal</styleUrl>
                <TimeSpan>
                  <begin>2026-05-21T14:56:09.393231+00:00</begin>
                  <end>2026-05-21T15:41:10.393231+00:00</end>
                </TimeSpan>
                <MultiGeometry>
                  <Polygon>
                    <altitudeMode>absolute</altitudeMode>
                    <outerBoundaryIs>
                      <LinearRing>
                        <coordinates>-96.75890000000001,32.7183,119.24795468550222 -96.7587,32.71785,119.24795468550222 -96.7585,32.71825,119.24795468550222 -96.7587,32.7186,119.24795468550222</coordinates>
                      </LinearRing>
                    </outerBoundaryIs>
                  </Polygon>
                  <Polygon>
                    <altitudeMode>absolute</altitudeMode>
                    <outerBoundaryIs>
                      <LinearRing>
                        <coordinates>-96.75890000000001,32.7183,148.31795468550223 -96.7587,32.71785,148.31795468550223 -96.7585,32.71825,148.31795468550223 -96.7587,32.7186,148.31795468550223</coordinates>
                      </LinearRing>
                    </outerBoundaryIs>
                  </Polygon>
                  <Polygon>
                    <altitudeMode>absolute</altitudeMode>
                    <outerBoundaryIs>
                      <LinearRing>
                        <coordinates>-96.75890000000001,32.7183,119.24795468550222 -96.75890000000001,32.7183,148.31795468550223 -96.7587,32.71785,148.31795468550223 -96.7587,32.71785,119.24795468550222</coordinates>
                      </LinearRing>
                    </outerBoundaryIs>
                  </Polygon>
                  <Polygon>
                    <altitudeMode>absolute</altitudeMode>
                    <outerBoundaryIs>
                      <LinearRing>
                        <coordinates>-96.7587,32.71785,119.24795468550222 -96.7587,32.71785,148.31795468550223 -96.7585,32.71825,148.31795468550223 -96.7585,32.71825,119.24795468550222</coordinates>
                      </LinearRing>
                    </outerBoundaryIs>
                  </Polygon>
                  <Polygon>
                    <altitudeMode>absolute</altitudeMode>
                    <outerBoundaryIs>
                      <LinearRing>
                        <coordinates>-96.7585,32.71825,119.24795468550222 -96.7585,32.71825,148.31795468550223 -96.7587,32.7186,148.31795468550223 -96.7587,32.7186,119.24795468550222</coordinates>
                      </LinearRing>
                    </outerBoundaryIs>
                  </Polygon>
                  <Polygon>
                    <altitudeMode>absolute</altitudeMode>
                    <outerBoundaryIs>
                      <LinearRing>
                        <coordinates>-96.7587,32.7186,119.24795468550222 -96.7587,32.7186,148.31795468550223 -96.75890000000001,32.7183,148.31795468550223 -96.75890000000001,32.7183,119.24795468550222</coordinates>
                      </LinearRing>
                    </outerBoundaryIs>
                  </Polygon>
                </MultiGeometry>
              </Placemark>
            </Folder>
          </Folder>
          <Folder>
            <name>E64: uss1_dss astm.f3548.v21.dss.queryOperationalIntentReferences</name>
            <Placemark>
              <name>area_of_interest</name>
              <styleUrl>#QueryArea</styleUrl>
              <description><![CDATA[<ul><li>uss2's Accepted 482c75c3-4039-48a7-a7e1-dda8abd4a79a[1]</li><li>uss1's Accepted bd4e169d-52d5-4f15-9632-dd0164bd3b42[1]</li></ul>]]></description>
              <TimeSpan>
                <begin>2026-05-21T14:56:09.393231+00:00</begin>
                <end>2026-05-21T15:41:10.393231+00:00</end>
              </TimeSpan>
              <MultiGeometry>
                <Polygon>
                  <altitudeMode>absolute</altitudeMode>
                  <outerBoundaryIs>
                    <LinearRing>
                      <coordinates>-96.75890000000001,32.71785,119.24797214313818 -96.75890000000001,32.7186,119.24797214313818 -96.7585,32.7186,119.24797214313818 -96.7585,32.71785,119.24797214313818</coordinates>
                    </LinearRing>
                  </outerBoundaryIs>
                </Polygon>
                <Polygon>
                  <altitudeMode>absolute</altitudeMode>
                  <outerBoundaryIs>
                    <LinearRing>
                      <coordinates>-96.75890000000001,32.71785,148.31797214313818 -96.75890000000001,32.7186,148.31797214313818 -96.7585,32.7186,148.31797214313818 -96.7585,32.71785,148.31797214313818</coordinates>
                    </LinearRing>
                  </outerBoundaryIs>
                </Polygon>
                <Polygon>
                  <altitudeMode>absolute</altitudeMode>
                  <outerBoundaryIs>
                    <LinearRing>
                      <coordinates>-96.75890000000001,32.71785,119.24797214313818 -96.75890000000001,32.71785,148.31797214313818 -96.75890000000001,32.7186,148.31797214313818 -96.75890000000001,32.7186,119.24797214313818</coordinates>
                    </LinearRing>
                  </outerBoundaryIs>
                </Polygon>
                <Polygon>
                  <altitudeMode>absolute</altitudeMode>
                  <outerBoundaryIs>
                    <LinearRing>
                      <coordinates>-96.75890000000001,32.7186,119.24797214313818 -96.75890000000001,32.7186,148.31797214313818 -96.7585,32.7186,148.31797214313818 -96.7585,32.7186,119.24797214313818</coordinates>
                    </LinearRing>
                  </outerBoundaryIs>
                </Polygon>
                <Polygon>
                  <altitudeMode>absolute</altitudeMode>
                  <outerBoundaryIs>
                    <LinearRing>
                      <coordinates>-96.7585,32.7186,119.24797214313818 -96.7585,32.7186,148.31797214313818 -96.7585,32.71785,148.31797214313818 -96.7585,32.71785,119.24797214313818</coordinates>
                    </LinearRing>
                  </outerBoundaryIs>
                </Polygon>
                <Polygon>
                  <altitudeMode>absolute</altitudeMode>
                  <outerBoundaryIs>
                    <LinearRing>
                      <coordinates>-96.7585,32.71785,119.24797214313818 -96.7585,32.71785,148.31797214313818 -96.75890000000001,32.71785,148.31797214313818 -96.75890000000001,32.71785,119.24797214313818</coordinates>
                    </LinearRing>
                  </outerBoundaryIs>
                </Polygon>
              </MultiGeometry>
            </Placemark>
          </Folder>
          <Folder>
            <name>E68: uss2_core astm.f3548.v21.uss.getOperationalIntentDetails</name>
            <Folder>
              <name>uss2's P100 Accepted 482c75c3-4039-48a7-a7e1-dda8abd4a79a[1] @ ORmb0QCvh.WYcqxSRZsyLXO0YlrJsdFbdFve1ch36ws_</name>
              <Placemark>
                <name>Nominal volume 0</name>
                <styleUrl>#F3548v21Accepted</styleUrl>
                <TimeSpan>
                  <begin>2026-05-21T14:56:10.415001+00:00</begin>
                  <end>2026-05-21T15:41:10.393231+00:00</end>
                </TimeSpan>
                <MultiGeometry>
                  <Polygon>
                    <altitudeMode>absolute</altitudeMode>
                    <outerBoundaryIs>
                      <LinearRing>
                        <coordinates>-96.75890000000001,32.7183,119.24795468550222 -96.7587,32.71785,119.24795468550222 -96.7585,32.71825,119.24795468550222 -96.7587,32.7186,119.24795468550222</coordinates>
                      </LinearRing>
                    </outerBoundaryIs>
                  </Polygon>
                  <Polygon>
                    <altitudeMode>absolute</altitudeMode>
                    <outerBoundaryIs>
                      <LinearRing>
                        <coordinates>-96.75890000000001,32.7183,148.31795468550223 -96.7587,32.71785,148.31795468550223 -96.7585,32.71825,148.31795468550223 -96.7587,32.7186,148.31795468550223</coordinates>
                      </LinearRing>
                    </outerBoundaryIs>
                  </Polygon>
                  <Polygon>
                    <altitudeMode>absolute</altitudeMode>
                    <outerBoundaryIs>
                      <LinearRing>
                        <coordinates>-96.75890000000001,32.7183,119.24795468550222 -96.75890000000001,32.7183,148.31795468550223 -96.7587,32.71785,148.31795468550223 -96.7587,32.71785,119.24795468550222</coordinates>
                      </LinearRing>
                    </outerBoundaryIs>
                  </Polygon>
                  <Polygon>
                    <altitudeMode>absolute</altitudeMode>
                    <outerBoundaryIs>
                      <LinearRing>
                        <coordinates>-96.7587,32.71785,119.24795468550222 -96.7587,32.71785,148.31795468550223 -96.7585,32.71825,148.31795468550223 -96.7585,32.71825,119.24795468550222</coordinates>
                      </LinearRing>
                    </outerBoundaryIs>
                  </Polygon>
                  <Polygon>
                    <altitudeMode>absolute</altitudeMode>
                    <outerBoundaryIs>
                      <LinearRing>
                        <coordinates>-96.7585,32.71825,119.24795468550222 -96.7585,32.71825,148.31795468550223 -96.7587,32.7186,148.31795468550223 -96.7587,32.7186,119.24795468550222</coordinates>
                      </LinearRing>
                    </outerBoundaryIs>
                  </Polygon>
                  <Polygon>
                    <altitudeMode>absolute</altitudeMode>
                    <outerBoundaryIs>
                      <LinearRing>
                        <coordinates>-96.7587,32.7186,119.24795468550222 -96.7587,32.7186,148.31795468550223 -96.75890000000001,32.7183,148.31795468550223 -96.75890000000001,32.7183,119.24795468550222</coordinates>
                      </LinearRing>
                    </outerBoundaryIs>
                  </Polygon>
                </MultiGeometry>
              </Placemark>
            </Folder>
          </Folder>
        </Folder>
        <Folder>
          <name>Check for conflict notifications</name>
        </Folder>
        <Folder>
          <name>Attempt to modify planned Flight 1 in conflict</name>
          <Folder>
            <name>E85: uss1_dss astm.f3548.v21.dss.queryOperationalIntentReferences</name>
            <Placemark>
              <name>area_of_interest</name>
              <styleUrl>#QueryArea</styleUrl>
              <description><![CDATA[<ul><li>uss2's Accepted 482c75c3-4039-48a7-a7e1-dda8abd4a79a[1]</li><li>uss1's Accepted bd4e169d-52d5-4f15-9632-dd0164bd3b42[1]</li></ul>]]></description>
              <TimeSpan>
                <begin>2026-05-21T14:56:09.587223+00:00</begin>
                <end>2026-05-21T15:41:10.587223+00:00</end>
              </TimeSpan>
              <MultiGeometry>
                <Polygon>
                  <altitudeMode>absolute</altitudeMode>
                  <outerBoundaryIs>
                    <LinearRing>
                      <coordinates>-96.75885000000001,32.71785,90.28754426941842 -96.75885000000001,32.7182,90.28754426941842 -96.75815,32.7182,90.28754426941842 -96.75815,32.71785,90.28754426941842</coordinates>
                    </LinearRing>
                  </outerBoundaryIs>
                </Polygon>
                <Polygon>
                  <altitudeMode>absolute</altitudeMode>
                  <outerBoundaryIs>
                    <LinearRing>
                      <coordinates>-96.75885000000001,32.71785,150.31754426941842 -96.75885000000001,32.7182,150.31754426941842 -96.75815,32.7182,150.31754426941842 -96.75815,32.71785,150.31754426941842</coordinates>
                    </LinearRing>
                  </outerBoundaryIs>
                </Polygon>
                <Polygon>
                  <altitudeMode>absolute</altitudeMode>
                  <outerBoundaryIs>
                    <LinearRing>
                      <coordinates>-96.75885000000001,32.71785,90.28754426941842 -96.75885000000001,32.71785,150.31754426941842 -96.75885000000001,32.7182,150.31754426941842 -96.75885000000001,32.7182,90.28754426941842</coordinates>
                    </LinearRing>
                  </outerBoundaryIs>
                </Polygon>
                <Polygon>
                  <altitudeMode>absolute</altitudeMode>
                  <outerBoundaryIs>
                    <LinearRing>
                      <coordinates>-96.75885000000001,32.7182,90.28754426941842 -96.75885000000001,32.7182,150.31754426941842 -96.75815,32.7182,150.31754426941842 -96.75815,32.7182,90.28754426941842</coordinates>
                    </LinearRing>
                  </outerBoundaryIs>
                </Polygon>
                <Polygon>
                  <altitudeMode>absolute</altitudeMode>
                  <outerBoundaryIs>
                    <LinearRing>
                      <coordinates>-96.75815,32.7182,90.28754426941842 -96.75815,32.7182,150.31754426941842 -96.75815,32.71785,150.31754426941842 -96.75815,32.71785,90.28754426941842</coordinates>
                    </LinearRing>
                  </outerBoundaryIs>
                </Polygon>
                <Polygon>
                  <altitudeMode>absolute</altitudeMode>
                  <outerBoundaryIs>
                    <LinearRing>
                      <coordinates>-96.75815,32.71785,90.28754426941842 -96.75815,32.71785,150.31754426941842 -96.75885000000001,32.71785,150.31754426941842 -96.75885000000001,32.71785,90.28754426941842</coordinates>
                    </LinearRing>
                  </outerBoundaryIs>
                </Polygon>
              </MultiGeometry>
            </Placemark>
          </Folder>
          <Folder>
            <name>E87: uss1_core interuss.automated_testing.flight_planning.v1.UpsertFlightPlan</name>
            <Folder>
              <name>Activity Rejected, flight Planned</name>
              <Placemark>
                <name>Volume 0</name>
                <styleUrl>#Planned_Nominal</styleUrl>
                <TimeSpan>
                  <begin>2026-05-21T14:56:09.587223+00:00</begin>
                  <end>2026-05-21T15:41:10.587223+00:00</end>
                </TimeSpan>
                <MultiGeometry>
                  <Polygon>
                    <altitudeMode>absolute</altitudeMode>
                    <outerBoundaryIs>
                      <LinearRing>
                        <coordinates>-96.7586,32.7179,90.2872163874855 -96.7586,32.7182,90.2872163874855 -96.7582,32.7182,90.2872163874855 -96.75815,32.71785,90.2872163874855</coordinates>
                      </LinearRing>
                    </outerBoundaryIs>
                  </Polygon>
                  <Polygon>
                    <altitudeMode>absolute</altitudeMode>
                    <outerBoundaryIs>
                      <LinearRing>
                        <coordinates>-96.7586,32.7179,150.3172163874855 -96.7586,32.7182,150.3172163874855 -96.7582,32.7182,150.3172163874855 -96.75815,32.71785,150.3172163874855</coordinates>
                      </LinearRing>
                    </outerBoundaryIs>
                  </Polygon>
                  <Polygon>
                    <altitudeMode>absolute</altitudeMode>
                    <outerBoundaryIs>
                      <LinearRing>
                        <coordinates>-96.7586,32.7179,90.2872163874855 -96.7586,32.7179,150.3172163874855 -96.7586,32.7182,150.3172163874855 -96.7586,32.7182,90.2872163874855</coordinates>
                      </LinearRing>
                    </outerBoundaryIs>
                  </Polygon>
                  <Polygon>
                    <altitudeMode>absolute</altitudeMode>
                    <outerBoundaryIs>
                      <LinearRing>
                        <coordinates>-96.7586,32.7182,90.2872163874855 -96.7586,32.7182,150.3172163874855 -96.7582,32.7182,150.3172163874855 -96.7582,32.7182,90.2872163874855</coordinates>
                      </LinearRing>
                    </outerBoundaryIs>
                  </Polygon>
                  <Polygon>
                    <altitudeMode>absolute</altitudeMode>
                    <outerBoundaryIs>
                      <LinearRing>
                        <coordinates>-96.7582,32.7182,90.2872163874855 -96.7582,32.7182,150.3172163874855 -96.75815,32.71785,150.3172163874855 -96.75815,32.71785,90.2872163874855</coordinates>
                      </LinearRing>
                    </outerBoundaryIs>
                  </Polygon>
                  <Polygon>
                    <altitudeMode>absolute</altitudeMode>
                    <outerBoundaryIs>
                      <LinearRing>
                        <coordinates>-96.75815,32.71785,90.2872163874855 -96.75815,32.71785,150.3172163874855 -96.7586,32.7179,150.3172163874855 -96.7586,32.7179,90.2872163874855</coordinates>
                      </LinearRing>
                    </outerBoundaryIs>
                  </Polygon>
                </MultiGeometry>
              </Placemark>
            </Folder>
          </Folder>
          <Folder>
            <name>E90: uss1_dss astm.f3548.v21.dss.queryOperationalIntentReferences</name>
            <Placemark>
              <name>area_of_interest</name>
              <styleUrl>#QueryArea</styleUrl>
              <description><![CDATA[<ul><li>uss2's Accepted 482c75c3-4039-48a7-a7e1-dda8abd4a79a[1]</li><li>uss1's Accepted bd4e169d-52d5-4f15-9632-dd0164bd3b42[1]</li></ul>]]></description>
              <TimeSpan>
                <begin>2026-05-21T14:56:09.587223+00:00</begin>
                <end>2026-05-21T15:41:10.587223+00:00</end>
              </TimeSpan>
              <MultiGeometry>
                <Polygon>
                  <altitudeMode>absolute</altitudeMode>
                  <outerBoundaryIs>
                    <LinearRing>
                      <coordinates>-96.75885000000001,32.71785,90.28754426941842 -96.75885000000001,32.7182,90.28754426941842 -96.75815,32.7182,90.28754426941842 -96.75815,32.71785,90.28754426941842</coordinates>
                    </LinearRing>
                  </outerBoundaryIs>
                </Polygon>
                <Polygon>
                  <altitudeMode>absolute</altitudeMode>
                  <outerBoundaryIs>
                    <LinearRing>
                      <coordinates>-96.75885000000001,32.71785,150.31754426941842 -96.75885000000001,32.7182,150.31754426941842 -96.75815,32.7182,150.31754426941842 -96.75815,32.71785,150.31754426941842</coordinates>
                    </LinearRing>
                  </outerBoundaryIs>
                </Polygon>
                <Polygon>
                  <altitudeMode>absolute</altitudeMode>
                  <outerBoundaryIs>
                    <LinearRing>
                      <coordinates>-96.75885000000001,32.71785,90.28754426941842 -96.75885000000001,32.71785,150.31754426941842 -96.75885000000001,32.7182,150.31754426941842 -96.75885000000001,32.7182,90.28754426941842</coordinates>
                    </LinearRing>
                  </outerBoundaryIs>
                </Polygon>
                <Polygon>
                  <altitudeMode>absolute</altitudeMode>
                  <outerBoundaryIs>
                    <LinearRing>
                      <coordinates>-96.75885000000001,32.7182,90.28754426941842 -96.75885000000001,32.7182,150.31754426941842 -96.75815,32.7182,150.31754426941842 -96.75815,32.7182,90.28754426941842</coordinates>
                    </LinearRing>
                  </outerBoundaryIs>
                </Polygon>
                <Polygon>
                  <altitudeMode>absolute</altitudeMode>
                  <outerBoundaryIs>
                    <LinearRing>
                      <coordinates>-96.75815,32.7182,90.28754426941842 -96.75815,32.7182,150.31754426941842 -96.75815,32.71785,150.31754426941842 -96.75815,32.71785,90.28754426941842</coordinates>
                    </LinearRing>
                  </outerBoundaryIs>
                </Polygon>
                <Polygon>
                  <altitudeMode>absolute</altitudeMode>
                  <outerBoundaryIs>
                    <LinearRing>
                      <coordinates>-96.75815,32.71785,90.28754426941842 -96.75815,32.71785,150.31754426941842 -96.75885000000001,32.71785,150.31754426941842 -96.75885000000001,32.71785,90.28754426941842</coordinates>
                    </LinearRing>
                  </outerBoundaryIs>
                </Polygon>
              </MultiGeometry>
            </Placemark>
          </Folder>
          <Folder>
            <name>E94: uss1_core astm.f3548.v21.uss.getOperationalIntentDetails</name>
            <Folder>
              <name>uss1's P0 Accepted bd4e169d-52d5-4f15-9632-dd0164bd3b42[1] @ O5VU8.W0KCUZYRKSvUIRXrZXGqcl8OU1699UgpqD5zY_</name>
              <Placemark>
                <name>Nominal volume 0</name>
                <styleUrl>#F3548v21Accepted</styleUrl>
                <TimeSpan>
                  <begin>2026-05-21T14:56:10.269165+00:00</begin>
                  <end>2026-05-21T15:41:10.244649+00:00</end>
                </TimeSpan>
                <MultiGeometry>
                  <Polygon>
                    <altitudeMode>absolute</altitudeMode>
                    <outerBoundaryIs>
                      <LinearRing>
                        <coordinates>-96.75885000000001,32.7179,120.3275710140941 -96.75885000000001,32.7182,120.3275710140941 -96.7582,32.7182,120.3275710140941 -96.75815,32.71785,120.3275710140941</coordinates>
                      </LinearRing>
                    </outerBoundaryIs>
                  </Polygon>
                  <Polygon>
                    <altitudeMode>absolute</altitudeMode>
                    <outerBoundaryIs>
                      <LinearRing>
                        <coordinates>-96.75885000000001,32.7179,150.31757101409409 -96.75885000000001,32.7182,150.31757101409409 -96.7582,32.7182,150.31757101409409 -96.75815,32.71785,150.31757101409409</coordinates>
                      </LinearRing>
                    </outerBoundaryIs>
                  </Polygon>
                  <Polygon>
                    <altitudeMode>absolute</altitudeMode>
                    <outerBoundaryIs>
                      <LinearRing>
                        <coordinates>-96.75885000000001,32.7179,120.3275710140941 -96.75885000000001,32.7179,150.31757101409409 -96.75885000000001,32.7182,150.31757101409409 -96.75885000000001,32.7182,120.3275710140941</coordinates>
                      </LinearRing>
                    </outerBoundaryIs>
                  </Polygon>
                  <Polygon>
                    <altitudeMode>absolute</altitudeMode>
                    <outerBoundaryIs>
                      <LinearRing>
                        <coordinates>-96.75885000000001,32.7182,120.3275710140941 -96.75885000000001,32.7182,150.31757101409409 -96.7582,32.7182,150.31757101409409 -96.7582,32.7182,120.3275710140941</coordinates>
                      </LinearRing>
                    </outerBoundaryIs>
                  </Polygon>
                  <Polygon>
                    <altitudeMode>absolute</altitudeMode>
                    <outerBoundaryIs>
                      <LinearRing>
                        <coordinates>-96.7582,32.7182,120.3275710140941 -96.7582,32.7182,150.31757101409409 -96.75815,32.71785,150.31757101409409 -96.75815,32.71785,120.3275710140941</coordinates>
                      </LinearRing>
                    </outerBoundaryIs>
                  </Polygon>
                  <Polygon>
                    <altitudeMode>absolute</altitudeMode>
                    <outerBoundaryIs>
                      <LinearRing>
                        <coordinates>-96.75815,32.71785,120.3275710140941 -96.75815,32.71785,150.31757101409409 -96.75885000000001,32.7179,150.31757101409409 -96.75885000000001,32.7179,120.3275710140941</coordinates>
                      </LinearRing>
                    </outerBoundaryIs>
                  </Polygon>
                </MultiGeometry>
              </Placemark>
            </Folder>
          </Folder>
        </Folder>
      </Folder>
      <Folder>
        <name>Attempt to activate flight in conflict</name>
        <Folder>
          <name>Attempt to activate conflicting Flight 1</name>
          <Folder>
            <name>E103: uss1_dss astm.f3548.v21.dss.queryOperationalIntentReferences</name>
            <Placemark>
              <name>area_of_interest</name>
              <styleUrl>#QueryArea</styleUrl>
              <description><![CDATA[<ul><li>uss2's Accepted 482c75c3-4039-48a7-a7e1-dda8abd4a79a[1]</li><li>uss1's Accepted bd4e169d-52d5-4f15-9632-dd0164bd3b42[1]</li></ul>]]></description>
              <TimeSpan>
                <begin>2026-05-21T14:56:09.712963+00:00</begin>
                <end>2026-05-21T15:41:10.712963+00:00</end>
              </TimeSpan>
              <MultiGeometry>
                <Polygon>
                  <altitudeMode>absolute</altitudeMode>
                  <outerBoundaryIs>
                    <LinearRing>
                      <coordinates>-96.75885000000001,32.71785,120.32754426941844 -96.75885000000001,32.7182,120.32754426941844 -96.75815,32.7182,120.32754426941844 -96.75815,32.71785,120.32754426941844</coordinates>
                    </LinearRing>
                  </outerBoundaryIs>
                </Polygon>
                <Polygon>
                  <altitudeMode>absolute</altitudeMode>
                  <outerBoundaryIs>
                    <LinearRing>
                      <coordinates>-96.75885000000001,32.71785,150.31754426941842 -96.75885000000001,32.7182,150.31754426941842 -96.75815,32.7182,150.31754426941842 -96.75815,32.71785,150.31754426941842</coordinates>
                    </LinearRing>
                  </outerBoundaryIs>
                </Polygon>
                <Polygon>
                  <altitudeMode>absolute</altitudeMode>
                  <outerBoundaryIs>
                    <LinearRing>
                      <coordinates>-96.75885000000001,32.71785,120.32754426941844 -96.75885000000001,32.71785,150.31754426941842 -96.75885000000001,32.7182,150.31754426941842 -96.75885000000001,32.7182,120.32754426941844</coordinates>
                    </LinearRing>
                  </outerBoundaryIs>
                </Polygon>
                <Polygon>
                  <altitudeMode>absolute</altitudeMode>
                  <outerBoundaryIs>
                    <LinearRing>
                      <coordinates>-96.75885000000001,32.7182,120.32754426941844 -96.75885000000001,32.7182,150.31754426941842 -96.75815,32.7182,150.31754426941842 -96.75815,32.7182,120.32754426941844</coordinates>
                    </LinearRing>
                  </outerBoundaryIs>
                </Polygon>
                <Polygon>
                  <altitudeMode>absolute</altitudeMode>
                  <outerBoundaryIs>
                    <LinearRing>
                      <coordinates>-96.75815,32.7182,120.32754426941844 -96.75815,32.7182,150.31754426941842 -96.75815,32.71785,150.31754426941842 -96.75815,32.71785,120.32754426941844</coordinates>
                    </LinearRing>
                  </outerBoundaryIs>
                </Polygon>
                <Polygon>
                  <altitudeMode>absolute</altitudeMode>
                  <outerBoundaryIs>
                    <LinearRing>
                      <coordinates>-96.75815,32.71785,120.32754426941844 -96.75815,32.71785,150.31754426941842 -96.75885000000001,32.71785,150.31754426941842 -96.75885000000001,32.71785,120.32754426941844</coordinates>
                    </LinearRing>
                  </outerBoundaryIs>
                </Polygon>
              </MultiGeometry>
            </Placemark>
          </Folder>
          <Folder>
            <name>E105: uss1_core interuss.automated_testing.flight_planning.v1.UpsertFlightPlan</name>
            <Folder>
              <name>Activity Rejected, flight Planned</name>
              <Placemark>
                <name>Volume 0</name>
                <styleUrl>#InUse_Nominal</styleUrl>
                <TimeSpan>
                  <begin>2026-05-21T14:56:09.712963+00:00</begin>
                  <end>2026-05-21T15:41:10.712963+00:00</end>
                </TimeSpan>
                <MultiGeometry>
                  <Polygon>
                    <altitudeMode>absolute</altitudeMode>
                    <outerBoundaryIs>
                      <LinearRing>
                        <coordinates>-96.75885000000001,32.7179,120.3375710140941 -96.75885000000001,32.7182,120.3375710140941 -96.7582,32.7182,120.3375710140941 -96.75815,32.71785,120.3375710140941</coordinates>
                      </LinearRing>
                    </outerBoundaryIs>
                  </Polygon>
                  <Polygon>
                    <altitudeMode>absolute</altitudeMode>
                    <outerBoundaryIs>
                      <LinearRing>
                        <coordinates>-96.75885000000001,32.7179,150.31757101409409 -96.75885000000001,32.7182,150.31757101409409 -96.7582,32.7182,150.31757101409409 -96.75815,32.71785,150.31757101409409</coordinates>
                      </LinearRing>
                    </outerBoundaryIs>
                  </Polygon>
                  <Polygon>
                    <altitudeMode>absolute</altitudeMode>
                    <outerBoundaryIs>
                      <LinearRing>
                        <coordinates>-96.75885000000001,32.7179,120.3375710140941 -96.75885000000001,32.7179,150.31757101409409 -96.75885000000001,32.7182,150.31757101409409 -96.75885000000001,32.7182,120.3375710140941</coordinates>
                      </LinearRing>
                    </outerBoundaryIs>
                  </Polygon>
                  <Polygon>
                    <altitudeMode>absolute</altitudeMode>
                    <outerBoundaryIs>
                      <LinearRing>
                        <coordinates>-96.75885000000001,32.7182,120.3375710140941 -96.75885000000001,32.7182,150.31757101409409 -96.7582,32.7182,150.31757101409409 -96.7582,32.7182,120.3375710140941</coordinates>
                      </LinearRing>
                    </outerBoundaryIs>
                  </Polygon>
                  <Polygon>
                    <altitudeMode>absolute</altitudeMode>
                    <outerBoundaryIs>
                      <LinearRing>
                        <coordinates>-96.7582,32.7182,120.3375710140941 -96.7582,32.7182,150.31757101409409 -96.75815,32.71785,150.31757101409409 -96.75815,32.71785,120.3375710140941</coordinates>
                      </LinearRing>
                    </outerBoundaryIs>
                  </Polygon>
                  <Polygon>
                    <altitudeMode>absolute</altitudeMode>
                    <outerBoundaryIs>
                      <LinearRing>
                        <coordinates>-96.75815,32.71785,120.3375710140941 -96.75815,32.71785,150.31757101409409 -96.75885000000001,32.7179,150.31757101409409 -96.75885000000001,32.7179,120.3375710140941</coordinates>
                      </LinearRing>
                    </outerBoundaryIs>
                  </Polygon>
                </MultiGeometry>
              </Placemark>
            </Folder>
          </Folder>
          <Folder>
            <name>E108: uss1_dss astm.f3548.v21.dss.queryOperationalIntentReferences</name>
            <Placemark>
              <name>area_of_interest</name>
              <styleUrl>#QueryArea</styleUrl>
              <description><![CDATA[<ul><li>uss2's Accepted 482c75c3-4039-48a7-a7e1-dda8abd4a79a[1]</li><li>uss1's Accepted bd4e169d-52d5-4f15-9632-dd0164bd3b42[1]</li></ul>]]></description>
              <TimeSpan>
                <begin>2026-05-21T14:56:09.712963+00:00</begin>
                <end>2026-05-21T15:41:10.712963+00:00</end>
              </TimeSpan>
              <MultiGeometry>
                <Polygon>
                  <altitudeMode>absolute</altitudeMode>
                  <outerBoundaryIs>
                    <LinearRing>
                      <coordinates>-96.75885000000001,32.71785,120.32754426941844 -96.75885000000001,32.7182,120.32754426941844 -96.75815,32.7182,120.32754426941844 -96.75815,32.71785,120.32754426941844</coordinates>
                    </LinearRing>
                  </outerBoundaryIs>
                </Polygon>
                <Polygon>
                  <altitudeMode>absolute</altitudeMode>
                  <outerBoundaryIs>
                    <LinearRing>
                      <coordinates>-96.75885000000001,32.71785,150.31754426941842 -96.75885000000001,32.7182,150.31754426941842 -96.75815,32.7182,150.31754426941842 -96.75815,32.71785,150.31754426941842</coordinates>
                    </LinearRing>
                  </outerBoundaryIs>
                </Polygon>
                <Polygon>
                  <altitudeMode>absolute</altitudeMode>
                  <outerBoundaryIs>
                    <LinearRing>
                      <coordinates>-96.75885000000001,32.71785,120.32754426941844 -96.75885000000001,32.71785,150.31754426941842 -96.75885000000001,32.7182,150.31754426941842 -96.75885000000001,32.7182,120.32754426941844</coordinates>
                    </LinearRing>
                  </outerBoundaryIs>
                </Polygon>
                <Polygon>
                  <altitudeMode>absolute</altitudeMode>
                  <outerBoundaryIs>
                    <LinearRing>
                      <coordinates>-96.75885000000001,32.7182,120.32754426941844 -96.75885000000001,32.7182,150.31754426941842 -96.75815,32.7182,150.31754426941842 -96.75815,32.7182,120.32754426941844</coordinates>
                    </LinearRing>
                  </outerBoundaryIs>
                </Polygon>
                <Polygon>
                  <altitudeMode>absolute</altitudeMode>
                  <outerBoundaryIs>
                    <LinearRing>
                      <coordinates>-96.75815,32.7182,120.32754426941844 -96.75815,32.7182,150.31754426941842 -96.75815,32.71785,150.31754426941842 -96.75815,32.71785,120.32754426941844</coordinates>
                    </LinearRing>
                  </outerBoundaryIs>
                </Polygon>
                <Polygon>
                  <altitudeMode>absolute</altitudeMode>
                  <outerBoundaryIs>
                    <LinearRing>
                      <coordinates>-96.75815,32.71785,120.32754426941844 -96.75815,32.71785,150.31754426941842 -96.75885000000001,32.71785,150.31754426941842 -96.75885000000001,32.71785,120.32754426941844</coordinates>
                    </LinearRing>
                  </outerBoundaryIs>
                </Polygon>
              </MultiGeometry>
            </Placemark>
          </Folder>
          <Folder>
            <name>E112: uss1_core astm.f3548.v21.uss.getOperationalIntentDetails</name>
            <Folder>
              <name>uss1's P0 Accepted bd4e169d-52d5-4f15-9632-dd0164bd3b42[1] @ O5VU8.W0KCUZYRKSvUIRXrZXGqcl8OU1699UgpqD5zY_</name>
              <Placemark>
                <name>Nominal volume 0</name>
                <styleUrl>#F3548v21Accepted</styleUrl>
                <TimeSpan>
                  <begin>2026-05-21T14:56:10.269165+00:00</begin>
                  <end>2026-05-21T15:41:10.244649+00:00</end>
                </TimeSpan>
                <MultiGeometry>
                  <Polygon>
                    <altitudeMode>absolute</altitudeMode>
                    <outerBoundaryIs>
                      <LinearRing>
                        <coordinates>-96.75885000000001,32.7179,120.3275710140941 -96.75885000000001,32.7182,120.3275710140941 -96.7582,32.7182,120.3275710140941 -96.75815,32.71785,120.3275710140941</coordinates>
                      </LinearRing>
                    </outerBoundaryIs>
                  </Polygon>
                  <Polygon>
                    <altitudeMode>absolute</altitudeMode>
                    <outerBoundaryIs>
                      <LinearRing>
                        <coordinates>-96.75885000000001,32.7179,150.31757101409409 -96.75885000000001,32.7182,150.31757101409409 -96.7582,32.7182,150.31757101409409 -96.75815,32.71785,150.31757101409409</coordinates>
                      </LinearRing>
                    </outerBoundaryIs>
                  </Polygon>
                  <Polygon>
                    <altitudeMode>absolute</altitudeMode>
                    <outerBoundaryIs>
                      <LinearRing>
                        <coordinates>-96.75885000000001,32.7179,120.3275710140941 -96.75885000000001,32.7179,150.31757101409409 -96.75885000000001,32.7182,150.31757101409409 -96.75885000000001,32.7182,120.3275710140941</coordinates>
                      </LinearRing>
                    </outerBoundaryIs>
                  </Polygon>
                  <Polygon>
                    <altitudeMode>absolute</altitudeMode>
                    <outerBoundaryIs>
                      <LinearRing>
                        <coordinates>-96.75885000000001,32.7182,120.3275710140941 -96.75885000000001,32.7182,150.31757101409409 -96.7582,32.7182,150.31757101409409 -96.7582,32.7182,120.3275710140941</coordinates>
                      </LinearRing>
                    </outerBoundaryIs>
                  </Polygon>
                  <Polygon>
                    <altitudeMode>absolute</altitudeMode>
                    <outerBoundaryIs>
                      <LinearRing>
                        <coordinates>-96.7582,32.7182,120.3275710140941 -96.7582,32.7182,150.31757101409409 -96.75815,32.71785,150.31757101409409 -96.75815,32.71785,120.3275710140941</coordinates>
                      </LinearRing>
                    </outerBoundaryIs>
                  </Polygon>
                  <Polygon>
                    <altitudeMode>absolute</altitudeMode>
                    <outerBoundaryIs>
                      <LinearRing>
                        <coordinates>-96.75815,32.71785,120.3275710140941 -96.75815,32.71785,150.31757101409409 -96.75885000000001,32.7179,150.31757101409409 -96.75885000000001,32.7179,120.3275710140941</coordinates>
                      </LinearRing>
                    </outerBoundaryIs>
                  </Polygon>
                </MultiGeometry>
              </Placemark>
            </Folder>
          </Folder>
        </Folder>
      </Folder>
      <Folder>
        <name>Modify activated flight with pre-existing conflict</name>
        <Folder>
          <name>Delete Flight 2</name>
        </Folder>
        <Folder>
          <name>Activate Flight 1</name>
          <Folder>
            <name>E123: uss1_dss astm.f3548.v21.dss.queryOperationalIntentReferences</name>
            <Placemark>
              <name>area_of_interest</name>
              <styleUrl>#QueryArea</styleUrl>
              <description><![CDATA[<ul><li>uss1's Accepted bd4e169d-52d5-4f15-9632-dd0164bd3b42[1]</li></ul>]]></description>
              <TimeSpan>
                <begin>2026-05-21T14:56:09.878741+00:00</begin>
                <end>2026-05-21T15:41:10.878741+00:00</end>
              </TimeSpan>
              <MultiGeometry>
                <Polygon>
                  <altitudeMode>absolute</altitudeMode>
                  <outerBoundaryIs>
                    <LinearRing>
                      <coordinates>-96.75885000000001,32.71785,120.33754426941843 -96.75885000000001,32.7182,120.33754426941843 -96.75815,32.7182,120.33754426941843 -96.75815,32.71785,120.33754426941843</coordinates>
                    </LinearRing>
                  </outerBoundaryIs>
                </Polygon>
                <Polygon>
                  <altitudeMode>absolute</altitudeMode>
                  <outerBoundaryIs>
                    <LinearRing>
                      <coordinates>-96.75885000000001,32.71785,150.31754426941842 -96.75885000000001,32.7182,150.31754426941842 -96.75815,32.7182,150.31754426941842 -96.75815,32.71785,150.31754426941842</coordinates>
                    </LinearRing>
                  </outerBoundaryIs>
                </Polygon>
                <Polygon>
                  <altitudeMode>absolute</altitudeMode>
                  <outerBoundaryIs>
                    <LinearRing>
                      <coordinates>-96.75885000000001,32.71785,120.33754426941843 -96.75885000000001,32.71785,150.31754426941842 -96.75885000000001,32.7182,150.31754426941842 -96.75885000000001,32.7182,120.33754426941843</coordinates>
                    </LinearRing>
                  </outerBoundaryIs>
                </Polygon>
                <Polygon>
                  <altitudeMode>absolute</altitudeMode>
                  <outerBoundaryIs>
                    <LinearRing>
                      <coordinates>-96.75885000000001,32.7182,120.33754426941843 -96.75885000000001,32.7182,150.31754426941842 -96.75815,32.7182,150.31754426941842 -96.75815,32.7182,120.33754426941843</coordinates>
                    </LinearRing>
                  </outerBoundaryIs>
                </Polygon>
                <Polygon>
                  <altitudeMode>absolute</altitudeMode>
                  <outerBoundaryIs>
                    <LinearRing>
                      <coordinates>-96.75815,32.7182,120.33754426941843 -96.75815,32.7182,150.31754426941842 -96.75815,32.71785,150.31754426941842 -96.75815,32.71785,120.33754426941843</coordinates>
                    </LinearRing>
                  </outerBoundaryIs>
                </Polygon>
                <Polygon>
                  <altitudeMode>absolute</altitudeMode>
                  <outerBoundaryIs>
                    <LinearRing>
                      <coordinates>-96.75815,32.71785,120.33754426941843 -96.75815,32.71785,150.31754426941842 -96.75885000000001,32.71785,150.31754426941842 -96.75885000000001,32.71785,120.33754426941843</coordinates>
                    </LinearRing>
                  </outerBoundaryIs>
                </Polygon>
              </MultiGeometry>
            </Placemark>
          </Folder>
          <Folder>
            <name>E125: uss1_core interuss.automated_testing.flight_planning.v1.UpsertFlightPlan</name>
            <Folder>
              <name>Activity Completed, flight OkToFly</name>
              <Placemark>
                <name>Volume 0</name>
                <styleUrl>#InUse_Nominal</styleUrl>
                <TimeSpan>
                  <begin>2026-05-21T14:56:09.878741+00:00</begin>
                  <end>2026-05-21T15:41:10.878741+00:00</end>
                </TimeSpan>
                <MultiGeometry>
                  <Polygon>
                    <altitudeMode>absolute</altitudeMode>
                    <outerBoundaryIs>
                      <LinearRing>
                        <coordinates>-96.75885000000001,32.7179,120.3375710140941 -96.75885000000001,32.7182,120.3375710140941 -96.7582,32.7182,120.3375710140941 -96.75815,32.71785,120.3375710140941</coordinates>
                      </LinearRing>
                    </outerBoundaryIs>
                  </Polygon>
                  <Polygon>
                    <altitudeMode>absolute</altitudeMode>
                    <outerBoundaryIs>
                      <LinearRing>
                        <coordinates>-96.75885000000001,32.7179,150.31757101409409 -96.75885000000001,32.7182,150.31757101409409 -96.7582,32.7182,150.31757101409409 -96.75815,32.71785,150.31757101409409</coordinates>
                      </LinearRing>
                    </outerBoundaryIs>
                  </Polygon>
                  <Polygon>
                    <altitudeMode>absolute</altitudeMode>
                    <outerBoundaryIs>
                      <LinearRing>
                        <coordinates>-96.75885000000001,32.7179,120.3375710140941 -96.75885000000001,32.7179,150.31757101409409 -96.75885000000001,32.7182,150.31757101409409 -96.75885000000001,32.7182,120.3375710140941</coordinates>
                      </LinearRing>
                    </outerBoundaryIs>
                  </Polygon>
                  <Polygon>
                    <altitudeMode>absolute</altitudeMode>
                    <outerBoundaryIs>
                      <LinearRing>
                        <coordinates>-96.75885000000001,32.7182,120.3375710140941 -96.75885000000001,32.7182,150.31757101409409 -96.7582,32.7182,150.31757101409409 -96.7582,32.7182,120.3375710140941</coordinates>
                      </LinearRing>
                    </outerBoundaryIs>
                  </Polygon>
                  <Polygon>
                    <altitudeMode>absolute</altitudeMode>
                    <outerBoundaryIs>
                      <LinearRing>
                        <coordinates>-96.7582,32.7182,120.3375710140941 -96.7582,32.7182,150.31757101409409 -96.75815,32.71785,150.31757101409409 -96.75815,32.71785,120.3375710140941</coordinates>
                      </LinearRing>
                    </outerBoundaryIs>
                  </Polygon>
                  <Polygon>
                    <altitudeMode>absolute</altitudeMode>
                    <outerBoundaryIs>
                      <LinearRing>
                        <coordinates>-96.75815,32.71785,120.3375710140941 -96.75815,32.71785,150.31757101409409 -96.75885000000001,32.7179,150.31757101409409 -96.75885000000001,32.7179,120.3375710140941</coordinates>
                      </LinearRing>
                    </outerBoundaryIs>
                  </Polygon>
                </MultiGeometry>
              </Placemark>
            </Folder>
          </Folder>
          <Folder>
            <name>E129: uss1_dss astm.f3548.v21.dss.queryOperationalIntentReferences</name>
            <Placemark>
              <name>area_of_interest</name>
              <styleUrl>#QueryArea</styleUrl>
              <description><![CDATA[<ul><li>uss1's Activated bd4e169d-52d5-4f15-9632-dd0164bd3b42[2]</li></ul>]]></description>
              <TimeSpan>
                <begin>2026-05-21T14:56:09.878741+00:00</begin>
                <end>2026-05-21T15:41:10.878741+00:00</end>
              </TimeSpan>
              <MultiGeometry>
                <Polygon>
                  <altitudeMode>absolute</altitudeMode>
                  <outerBoundaryIs>
                    <LinearRing>
                      <coordinates>-96.75885000000001,32.71785,120.33754426941843 -96.75885000000001,32.7182,120.33754426941843 -96.75815,32.7182,120.33754426941843 -96.75815,32.71785,120.33754426941843</coordinates>
                    </LinearRing>
                  </outerBoundaryIs>
                </Polygon>
                <Polygon>
                  <altitudeMode>absolute</altitudeMode>
                  <outerBoundaryIs>
                    <LinearRing>
                      <coordinates>-96.75885000000001,32.71785,150.31754426941842 -96.75885000000001,32.7182,150.31754426941842 -96.75815,32.7182,150.31754426941842 -96.75815,32.71785,150.31754426941842</coordinates>
                    </LinearRing>
                  </outerBoundaryIs>
                </Polygon>
                <Polygon>
                  <altitudeMode>absolute</altitudeMode>
                  <outerBoundaryIs>
                    <LinearRing>
                      <coordinates>-96.75885000000001,32.71785,120.33754426941843 -96.75885000000001,32.71785,150.31754426941842 -96.75885000000001,32.7182,150.31754426941842 -96.75885000000001,32.7182,120.33754426941843</coordinates>
                    </LinearRing>
                  </outerBoundaryIs>
                </Polygon>
                <Polygon>
                  <altitudeMode>absolute</altitudeMode>
                  <outerBoundaryIs>
                    <LinearRing>
                      <coordinates>-96.75885000000001,32.7182,120.33754426941843 -96.75885000000001,32.7182,150.31754426941842 -96.75815,32.7182,150.31754426941842 -96.75815,32.7182,120.33754426941843</coordinates>
                    </LinearRing>
                  </outerBoundaryIs>
                </Polygon>
                <Polygon>
                  <altitudeMode>absolute</altitudeMode>
                  <outerBoundaryIs>
                    <LinearRing>
                      <coordinates>-96.75815,32.7182,120.33754426941843 -96.75815,32.7182,150.31754426941842 -96.75815,32.71785,150.31754426941842 -96.75815,32.71785,120.33754426941843</coordinates>
                    </LinearRing>
                  </outerBoundaryIs>
                </Polygon>
                <Polygon>
                  <altitudeMode>absolute</altitudeMode>
                  <outerBoundaryIs>
                    <LinearRing>
                      <coordinates>-96.75815,32.71785,120.33754426941843 -96.75815,32.71785,150.31754426941842 -96.75885000000001,32.71785,150.31754426941842 -96.75885000000001,32.71785,120.33754426941843</coordinates>
                    </LinearRing>
                  </outerBoundaryIs>
                </Polygon>
              </MultiGeometry>
            </Placemark>
          </Folder>
          <Folder>
            <name>E134: uss1_core astm.f3548.v21.uss.getOperationalIntentDetails</name>
            <Folder>
              <name>uss1's P0 Activated bd4e169d-52d5-4f15-9632-dd0164bd3b42[2] @ kEXckMqEng29RE495xoGIhHSvK89qpCCkmnyAM8Bfv8_</name>
              <Placemark>
                <name>Nominal volume 0</name>
                <styleUrl>#F3548v21Activated</styleUrl>
                <TimeSpan>
                  <begin>2026-05-21T14:56:10.909667+00:00</begin>
                  <end>2026-05-21T15:41:10.878741+00:00</end>
                </TimeSpan>
                <MultiGeometry>
                  <Polygon>
                    <altitudeMode>absolute</altitudeMode>
                    <outerBoundaryIs>
                      <LinearRing>
                        <coordinates>-96.75885000000001,32.7179,120.3375710140941 -96.75885000000001,32.7182,120.3375710140941 -96.7582,32.7182,120.3375710140941 -96.75815,32.71785,120.3375710140941</coordinates>
                      </LinearRing>
                    </outerBoundaryIs>
                  </Polygon>
                  <Polygon>
                    <altitudeMode>absolute</altitudeMode>
                    <outerBoundaryIs>
                      <LinearRing>
                        <coordinates>-96.75885000000001,32.7179,150.31757101409409 -96.75885000000001,32.7182,150.31757101409409 -96.7582,32.7182,150.31757101409409 -96.75815,32.71785,150.31757101409409</coordinates>
                      </LinearRing>
                    </outerBoundaryIs>
                  </Polygon>
                  <Polygon>
                    <altitudeMode>absolute</altitudeMode>
                    <outerBoundaryIs>
                      <LinearRing>
                        <coordinates>-96.75885000000001,32.7179,120.3375710140941 -96.75885000000001,32.7179,150.31757101409409 -96.75885000000001,32.7182,150.31757101409409 -96.75885000000001,32.7182,120.3375710140941</coordinates>
                      </LinearRing>
                    </outerBoundaryIs>
                  </Polygon>
                  <Polygon>
                    <altitudeMode>absolute</altitudeMode>
                    <outerBoundaryIs>
                      <LinearRing>
                        <coordinates>-96.75885000000001,32.7182,120.3375710140941 -96.75885000000001,32.7182,150.31757101409409 -96.7582,32.7182,150.31757101409409 -96.7582,32.7182,120.3375710140941</coordinates>
                      </LinearRing>
                    </outerBoundaryIs>
                  </Polygon>
                  <Polygon>
                    <altitudeMode>absolute</altitudeMode>
                    <outerBoundaryIs>
                      <LinearRing>
                        <coordinates>-96.7582,32.7182,120.3375710140941 -96.7582,32.7182,150.31757101409409 -96.75815,32.71785,150.31757101409409 -96.75815,32.71785,120.3375710140941</coordinates>
                      </LinearRing>
                    </outerBoundaryIs>
                  </Polygon>
                  <Polygon>
                    <altitudeMode>absolute</altitudeMode>
                    <outerBoundaryIs>
                      <LinearRing>
                        <coordinates>-96.75815,32.71785,120.3375710140941 -96.75815,32.71785,150.31757101409409 -96.75885000000001,32.7179,150.31757101409409 -96.75885000000001,32.7179,120.3375710140941</coordinates>
                      </LinearRing>
                    </outerBoundaryIs>
                  </Polygon>
                </MultiGeometry>
              </Placemark>
            </Folder>
          </Folder>
        </Folder>
        <Folder>
          <name>Plan Flight 2</name>
          <Folder>
            <name>E143: uss1_dss astm.f3548.v21.dss.queryOperationalIntentReferences</name>
            <Placemark>
              <name>area_of_interest</name>
              <styleUrl>#QueryArea</styleUrl>
              <description><![CDATA[<ul><li>uss1's Activated bd4e169d-52d5-4f15-9632-dd0164bd3b42[2]</li></ul>]]></description>
              <TimeSpan>
                <begin>2026-05-21T14:56:10.070645+00:00</begin>
                <end>2026-05-21T15:41:11.070645+00:00</end>
              </TimeSpan>
              <MultiGeometry>
                <Polygon>
                  <altitudeMode>absolute</altitudeMode>
                  <outerBoundaryIs>
                    <LinearRing>
                      <coordinates>-96.75890000000001,32.71785,119.24797214313818 -96.75890000000001,32.7186,119.24797214313818 -96.7585,32.7186,119.24797214313818 -96.7585,32.71785,119.24797214313818</coordinates>
                    </LinearRing>
                  </outerBoundaryIs>
                </Polygon>
                <Polygon>
                  <altitudeMode>absolute</altitudeMode>
                  <outerBoundaryIs>
                    <LinearRing>
                      <coordinates>-96.75890000000001,32.71785,148.31797214313818 -96.75890000000001,32.7186,148.31797214313818 -96.7585,32.7186,148.31797214313818 -96.7585,32.71785,148.31797214313818</coordinates>
                    </LinearRing>
                  </outerBoundaryIs>
                </Polygon>
                <Polygon>
                  <altitudeMode>absolute</altitudeMode>
                  <outerBoundaryIs>
                    <LinearRing>
                      <coordinates>-96.75890000000001,32.71785,119.24797214313818 -96.75890000000001,32.71785,148.31797214313818 -96.75890000000001,32.7186,148.31797214313818 -96.75890000000001,32.7186,119.24797214313818</coordinates>
                    </LinearRing>
                  </outerBoundaryIs>
                </Polygon>
                <Polygon>
                  <altitudeMode>absolute</altitudeMode>
                  <outerBoundaryIs>
                    <LinearRing>
                      <coordinates>-96.75890000000001,32.7186,119.24797214313818 -96.75890000000001,32.7186,148.31797214313818 -96.7585,32.7186,148.31797214313818 -96.7585,32.7186,119.24797214313818</coordinates>
                    </LinearRing>
                  </outerBoundaryIs>
                </Polygon>
                <Polygon>
                  <altitudeMode>absolute</altitudeMode>
                  <outerBoundaryIs>
                    <LinearRing>
                      <coordinates>-96.7585,32.7186,119.24797214313818 -96.7585,32.7186,148.31797214313818 -96.7585,32.71785,148.31797214313818 -96.7585,32.71785,119.24797214313818</coordinates>
                    </LinearRing>
                  </outerBoundaryIs>
                </Polygon>
                <Polygon>
                  <altitudeMode>absolute</altitudeMode>
                  <outerBoundaryIs>
                    <LinearRing>
                      <coordinates>-96.7585,32.71785,119.24797214313818 -96.7585,32.71785,148.31797214313818 -96.75890000000001,32.71785,148.31797214313818 -96.75890000000001,32.71785,119.24797214313818</coordinates>
                    </LinearRing>
                  </outerBoundaryIs>
                </Polygon>
              </MultiGeometry>
            </Placemark>
          </Folder>
          <Folder>
            <name>E145: uss2_core interuss.automated_testing.flight_planning.v1.UpsertFlightPlan</name>
            <Folder>
              <name>Activity Completed, flight Planned</name>
              <Placemark>
                <name>Volume 0</name>
                <styleUrl>#Planned_Nominal</styleUrl>
                <TimeSpan>
                  <begin>2026-05-21T14:56:10.070645+00:00</begin>
                  <end>2026-05-21T15:41:11.070645+00:00</end>
                </TimeSpan>
                <MultiGeometry>
                  <Polygon>
                    <altitudeMode>absolute</altitudeMode>
                    <outerBoundaryIs>
                      <LinearRing>
                        <coordinates>-96.75890000000001,32.7183,119.24795468550222 -96.7587,32.71785,119.24795468550222 -96.7585,32.71825,119.24795468550222 -96.7587,32.7186,119.24795468550222</coordinates>
                      </LinearRing>
                    </outerBoundaryIs>
                  </Polygon>
                  <Polygon>
                    <altitudeMode>absolute</altitudeMode>
                    <outerBoundaryIs>
                      <LinearRing>
                        <coordinates>-96.75890000000001,32.7183,148.31795468550223 -96.7587,32.71785,148.31795468550223 -96.7585,32.71825,148.31795468550223 -96.7587,32.7186,148.31795468550223</coordinates>
                      </LinearRing>
                    </outerBoundaryIs>
                  </Polygon>
                  <Polygon>
                    <altitudeMode>absolute</altitudeMode>
                    <outerBoundaryIs>
                      <LinearRing>
                        <coordinates>-96.75890000000001,32.7183,119.24795468550222 -96.75890000000001,32.7183,148.31795468550223 -96.7587,32.71785,148.31795468550223 -96.7587,32.71785,119.24795468550222</coordinates>
                      </LinearRing>
                    </outerBoundaryIs>
                  </Polygon>
                  <Polygon>
                    <altitudeMode>absolute</altitudeMode>
                    <outerBoundaryIs>
                      <LinearRing>
                        <coordinates>-96.7587,32.71785,119.24795468550222 -96.7587,32.71785,148.31795468550223 -96.7585,32.71825,148.31795468550223 -96.7585,32.71825,119.24795468550222</coordinates>
                      </LinearRing>
                    </outerBoundaryIs>
                  </Polygon>
                  <Polygon>
                    <altitudeMode>absolute</altitudeMode>
                    <outerBoundaryIs>
                      <LinearRing>
                        <coordinates>-96.7585,32.71825,119.24795468550222 -96.7585,32.71825,148.31795468550223 -96.7587,32.7186,148.31795468550223 -96.7587,32.7186,119.24795468550222</coordinates>
                      </LinearRing>
                    </outerBoundaryIs>
                  </Polygon>
                  <Polygon>
                    <altitudeMode>absolute</altitudeMode>
                    <outerBoundaryIs>
                      <LinearRing>
                        <coordinates>-96.7587,32.7186,119.24795468550222 -96.7587,32.7186,148.31795468550223 -96.75890000000001,32.7183,148.31795468550223 -96.75890000000001,32.7183,119.24795468550222</coordinates>
                      </LinearRing>
                    </outerBoundaryIs>
                  </Polygon>
                </MultiGeometry>
              </Placemark>
            </Folder>
          </Folder>
          <Folder>
            <name>E149: uss1_dss astm.f3548.v21.dss.queryOperationalIntentReferences</name>
            <Placemark>
              <name>area_of_interest</name>
              <styleUrl>#QueryArea</styleUrl>
              <description><![CDATA[<ul><li>uss2's Accepted 865cea17-bc4a-4ca0-825f-f73768b5a6d0[1]</li><li>uss1's Activated bd4e169d-52d5-4f15-9632-dd0164bd3b42[2]</li></ul>]]></description>
              <TimeSpan>
                <begin>2026-05-21T14:56:10.070645+00:00</begin>
                <end>2026-05-21T15:41:11.070645+00:00</end>
              </TimeSpan>
              <MultiGeometry>
                <Polygon>
                  <altitudeMode>absolute</altitudeMode>
                  <outerBoundaryIs>
                    <LinearRing>
                      <coordinates>-96.75890000000001,32.71785,119.24797214313818 -96.75890000000001,32.7186,119.24797214313818 -96.7585,32.7186,119.24797214313818 -96.7585,32.71785,119.24797214313818</coordinates>
                    </LinearRing>
                  </outerBoundaryIs>
                </Polygon>
                <Polygon>
                  <altitudeMode>absolute</altitudeMode>
                  <outerBoundaryIs>
                    <LinearRing>
                      <coordinates>-96.75890000000001,32.71785,148.31797214313818 -96.75890000000001,32.7186,148.31797214313818 -96.7585,32.7186,148.31797214313818 -96.7585,32.71785,148.31797214313818</coordinates>
                    </LinearRing>
                  </outerBoundaryIs>
                </Polygon>
                <Polygon>
                  <altitudeMode>absolute</altitudeMode>
                  <outerBoundaryIs>
                    <LinearRing>
                      <coordinates>-96.75890000000001,32.71785,119.24797214313818 -96.75890000000001,32.71785,148.31797214313818 -96.75890000000001,32.7186,148.31797214313818 -96.75890000000001,32.7186,119.24797214313818</coordinates>
                    </LinearRing>
                  </outerBoundaryIs>
                </Polygon>
                <Polygon>
                  <altitudeMode>absolute</altitudeMode>
                  <outerBoundaryIs>
                    <LinearRing>
                      <coordinates>-96.75890000000001,32.7186,119.24797214313818 -96.75890000000001,32.7186,148.31797214313818 -96.7585,32.7186,148.31797214313818 -96.7585,32.7186,119.24797214313818</coordinates>
                    </LinearRing>
                  </outerBoundaryIs>
                </Polygon>
                <Polygon>
                  <altitudeMode>absolute</altitudeMode>
                  <outerBoundaryIs>
                    <LinearRing>
                      <coordinates>-96.7585,32.7186,119.24797214313818 -96.7585,32.7186,148.31797214313818 -96.7585,32.71785,148.31797214313818 -96.7585,32.71785,119.24797214313818</coordinates>
                    </LinearRing>
                  </outerBoundaryIs>
                </Polygon>
                <Polygon>
                  <altitudeMode>absolute</altitudeMode>
                  <outerBoundaryIs>
                    <LinearRing>
                      <coordinates>-96.7585,32.71785,119.24797214313818 -96.7585,32.71785,148.31797214313818 -96.75890000000001,32.71785,148.31797214313818 -96.75890000000001,32.71785,119.24797214313818</coordinates>
                    </LinearRing>
                  </outerBoundaryIs>
                </Polygon>
              </MultiGeometry>
            </Placemark>
          </Folder>
          <Folder>
            <name>E153: uss2_core astm.f3548.v21.uss.getOperationalIntentDetails</name>
            <Folder>
              <name>uss2's P100 Accepted 865cea17-bc4a-4ca0-825f-f73768b5a6d0[1] @ .C1qU-nz9ryqcE3k4P5oZ.q0u2IPCVzBHWzZ0SJJPGs_</name>
              <Placemark>
                <name>Nominal volume 0</name>
                <styleUrl>#F3548v21Accepted</styleUrl>
                <TimeSpan>
                  <begin>2026-05-21T14:56:11.096711+00:00</begin>
                  <end>2026-05-21T15:41:11.070645+00:00</end>
                </TimeSpan>
                <MultiGeometry>
                  <Polygon>
                    <altitudeMode>absolute</altitudeMode>
                    <outerBoundaryIs>
                      <LinearRing>
                        <coordinates>-96.75890000000001,32.7183,119.24795468550222 -96.7587,32.71785,119.24795468550222 -96.7585,32.71825,119.24795468550222 -96.7587,32.7186,119.24795468550222</coordinates>
                      </LinearRing>
                    </outerBoundaryIs>
                  </Polygon>
                  <Polygon>
                    <altitudeMode>absolute</altitudeMode>
                    <outerBoundaryIs>
                      <LinearRing>
                        <coordinates>-96.75890000000001,32.7183,148.31795468550223 -96.7587,32.71785,148.31795468550223 -96.7585,32.71825,148.31795468550223 -96.7587,32.7186,148.31795468550223</coordinates>
                      </LinearRing>
                    </outerBoundaryIs>
                  </Polygon>
                  <Polygon>
                    <altitudeMode>absolute</altitudeMode>
                    <outerBoundaryIs>
                      <LinearRing>
                        <coordinates>-96.75890000000001,32.7183,119.24795468550222 -96.75890000000001,32.7183,148.31795468550223 -96.7587,32.71785,148.31795468550223 -96.7587,32.71785,119.24795468550222</coordinates>
                      </LinearRing>
                    </outerBoundaryIs>
                  </Polygon>
                  <Polygon>
                    <altitudeMode>absolute</altitudeMode>
                    <outerBoundaryIs>
                      <LinearRing>
                        <coordinates>-96.7587,32.71785,119.24795468550222 -96.7587,32.71785,148.31795468550223 -96.7585,32.71825,148.31795468550223 -96.7585,32.71825,119.24795468550222</coordinates>
                      </LinearRing>
                    </outerBoundaryIs>
                  </Polygon>
                  <Polygon>
                    <altitudeMode>absolute</altitudeMode>
                    <outerBoundaryIs>
                      <LinearRing>
                        <coordinates>-96.7585,32.71825,119.24795468550222 -96.7585,32.71825,148.31795468550223 -96.7587,32.7186,148.31795468550223 -96.7587,32.7186,119.24795468550222</coordinates>
                      </LinearRing>
                    </outerBoundaryIs>
                  </Polygon>
                  <Polygon>
                    <altitudeMode>absolute</altitudeMode>
                    <outerBoundaryIs>
                      <LinearRing>
                        <coordinates>-96.7587,32.7186,119.24795468550222 -96.7587,32.7186,148.31795468550223 -96.75890000000001,32.7183,148.31795468550223 -96.75890000000001,32.7183,119.24795468550222</coordinates>
                      </LinearRing>
                    </outerBoundaryIs>
                  </Polygon>
                </MultiGeometry>
              </Placemark>
            </Folder>
          </Folder>
        </Folder>
        <Folder>
          <name>Activate Flight 2</name>
          <Folder>
            <name>E166: uss1_dss astm.f3548.v21.dss.queryOperationalIntentReferences</name>
            <Placemark>
              <name>area_of_interest</name>
              <styleUrl>#QueryArea</styleUrl>
              <description><![CDATA[<ul><li>uss2's Accepted 865cea17-bc4a-4ca0-825f-f73768b5a6d0[1]</li><li>uss1's Activated bd4e169d-52d5-4f15-9632-dd0164bd3b42[2]</li></ul>]]></description>
              <TimeSpan>
                <begin>2026-05-21T14:56:10.294596+00:00</begin>
                <end>2026-05-21T15:41:11.294596+00:00</end>
              </TimeSpan>
              <MultiGeometry>
                <Polygon>
                  <altitudeMode>absolute</altitudeMode>
                  <outerBoundaryIs>
                    <LinearRing>
                      <coordinates>-96.75890000000001,32.71785,120.39797214313818 -96.75890000000001,32.7186,120.39797214313818 -96.7585,32.7186,120.39797214313818 -96.7585,32.71785,120.39797214313818</coordinates>
                    </LinearRing>
                  </outerBoundaryIs>
                </Polygon>
                <Polygon>
                  <altitudeMode>absolute</altitudeMode>
                  <outerBoundaryIs>
                    <LinearRing>
                      <coordinates>-96.75890000000001,32.71785,148.31797214313818 -96.75890000000001,32.7186,148.31797214313818 -96.7585,32.7186,148.31797214313818 -96.7585,32.71785,148.31797214313818</coordinates>
                    </LinearRing>
                  </outerBoundaryIs>
                </Polygon>
                <Polygon>
                  <altitudeMode>absolute</altitudeMode>
                  <outerBoundaryIs>
                    <LinearRing>
                      <coordinates>-96.75890000000001,32.71785,120.39797214313818 -96.75890000000001,32.71785,148.31797214313818 -96.75890000000001,32.7186,148.31797214313818 -96.75890000000001,32.7186,120.39797214313818</coordinates>
                    </LinearRing>
                  </outerBoundaryIs>
                </Polygon>
                <Polygon>
                  <altitudeMode>absolute</altitudeMode>
                  <outerBoundaryIs>
                    <LinearRing>
                      <coordinates>-96.75890000000001,32.7186,120.39797214313818 -96.75890000000001,32.7186,148.31797214313818 -96.7585,32.7186,148.31797214313818 -96.7585,32.7186,120.39797214313818</coordinates>
                    </LinearRing>
                  </outerBoundaryIs>
                </Polygon>
                <Polygon>
                  <altitudeMode>absolute</altitudeMode>
                  <outerBoundaryIs>
                    <LinearRing>
                      <coordinates>-96.7585,32.7186,120.39797214313818 -96.7585,32.7186,148.31797214313818 -96.7585,32.71785,148.31797214313818 -96.7585,32.71785,120.39797214313818</coordinates>
                    </LinearRing>
                  </outerBoundaryIs>
                </Polygon>
                <Polygon>
                  <altitudeMode>absolute</altitudeMode>
                  <outerBoundaryIs>
                    <LinearRing>
                      <coordinates>-96.7585,32.71785,120.39797214313818 -96.7585,32.71785,148.31797214313818 -96.75890000000001,32.71785,148.31797214313818 -96.75890000000001,32.71785,120.39797214313818</coordinates>
                    </LinearRing>
                  </outerBoundaryIs>
                </Polygon>
              </MultiGeometry>
            </Placemark>
          </Folder>
          <Folder>
            <name>E168: uss2_core interuss.automated_testing.flight_planning.v1.UpsertFlightPlan</name>
            <Folder>
              <name>Activity Completed, flight OkToFly</name>
              <Placemark>
                <name>Volume 0</name>
                <styleUrl>#InUse_Nominal</styleUrl>
                <TimeSpan>
                  <begin>2026-05-21T14:56:10.294596+00:00</begin>
                  <end>2026-05-21T15:41:11.294596+00:00</end>
                </TimeSpan>
                <MultiGeometry>
                  <Polygon>
                    <altitudeMode>absolute</altitudeMode>
                    <outerBoundaryIs>
                      <LinearRing>
                        <coordinates>-96.75890000000001,32.7183,120.39795468550221 -96.7587,32.71785,120.39795468550221 -96.7585,32.71825,120.39795468550221 -96.7587,32.7186,120.39795468550221</coordinates>
                      </LinearRing>
                    </outerBoundaryIs>
                  </Polygon>
                  <Polygon>
                    <altitudeMode>absolute</altitudeMode>
                    <outerBoundaryIs>
                      <LinearRing>
                        <coordinates>-96.75890000000001,32.7183,148.31795468550223 -96.7587,32.71785,148.31795468550223 -96.7585,32.71825,148.31795468550223 -96.7587,32.7186,148.31795468550223</coordinates>
                      </LinearRing>
                    </outerBoundaryIs>
                  </Polygon>
                  <Polygon>
                    <altitudeMode>absolute</altitudeMode>
                    <outerBoundaryIs>
                      <LinearRing>
                        <coordinates>-96.75890000000001,32.7183,120.39795468550221 -96.75890000000001,32.7183,148.31795468550223 -96.7587,32.71785,148.31795468550223 -96.7587,32.71785,120.39795468550221</coordinates>
                      </LinearRing>
                    </outerBoundaryIs>
                  </Polygon>
                  <Polygon>
                    <altitudeMode>absolute</altitudeMode>
                    <outerBoundaryIs>
                      <LinearRing>
                        <coordinates>-96.7587,32.71785,120.39795468550221 -96.7587,32.71785,148.31795468550223 -96.7585,32.71825,148.31795468550223 -96.7585,32.71825,120.39795468550221</coordinates>
                      </LinearRing>
                    </outerBoundaryIs>
                  </Polygon>
                  <Polygon>
                    <altitudeMode>absolute</altitudeMode>
                    <outerBoundaryIs>
                      <LinearRing>
                        <coordinates>-96.7585,32.71825,120.39795468550221 -96.7585,32.71825,148.31795468550223 -96.7587,32.7186,148.31795468550223 -96.7587,32.7186,120.39795468550221</coordinates>
                      </LinearRing>
                    </outerBoundaryIs>
                  </Polygon>
                  <Polygon>
                    <altitudeMode>absolute</altitudeMode>
                    <outerBoundaryIs>
                      <LinearRing>
                        <coordinates>-96.7587,32.7186,120.39795468550221 -96.7587,32.7186,148.31795468550223 -96.75890000000001,32.7183,148.31795468550223 -96.75890000000001,32.7183,120.39795468550221</coordinates>
                      </LinearRing>
                    </outerBoundaryIs>
                  </Polygon>
                </MultiGeometry>
              </Placemark>
            </Folder>
          </Folder>
          <Folder>
            <name>E172: uss1_dss astm.f3548.v21.dss.queryOperationalIntentReferences</name>
            <Placemark>
              <name>area_of_interest</name>
              <styleUrl>#QueryArea</styleUrl>
              <description><![CDATA[<ul><li>uss2's Activated 865cea17-bc4a-4ca0-825f-f73768b5a6d0[2]</li><li>uss1's Activated bd4e169d-52d5-4f15-9632-dd0164bd3b42[2]</li></ul>]]></description>
              <TimeSpan>
                <begin>2026-05-21T14:56:10.294596+00:00</begin>
                <end>2026-05-21T15:41:11.294596+00:00</end>
              </TimeSpan>
              <MultiGeometry>
                <Polygon>
                  <altitudeMode>absolute</altitudeMode>
                  <outerBoundaryIs>
                    <LinearRing>
                      <coordinates>-96.75890000000001,32.71785,120.39797214313818 -96.75890000000001,32.7186,120.39797214313818 -96.7585,32.7186,120.39797214313818 -96.7585,32.71785,120.39797214313818</coordinates>
                    </LinearRing>
                  </outerBoundaryIs>
                </Polygon>
                <Polygon>
                  <altitudeMode>absolute</altitudeMode>
                  <outerBoundaryIs>
                    <LinearRing>
                      <coordinates>-96.75890000000001,32.71785,148.31797214313818 -96.75890000000001,32.7186,148.31797214313818 -96.7585,32.7186,148.31797214313818 -96.7585,32.71785,148.31797214313818</coordinates>
                    </LinearRing>
                  </outerBoundaryIs>
                </Polygon>
                <Polygon>
                  <altitudeMode>absolute</altitudeMode>
                  <outerBoundaryIs>
                    <LinearRing>
                      <coordinates>-96.75890000000001,32.71785,120.39797214313818 -96.75890000000001,32.71785,148.31797214313818 -96.75890000000001,32.7186,148.31797214313818 -96.75890000000001,32.7186,120.39797214313818</coordinates>
                    </LinearRing>
                  </outerBoundaryIs>
                </Polygon>
                <Polygon>
                  <altitudeMode>absolute</altitudeMode>
                  <outerBoundaryIs>
                    <LinearRing>
                      <coordinates>-96.75890000000001,32.7186,120.39797214313818 -96.75890000000001,32.7186,148.31797214313818 -96.7585,32.7186,148.31797214313818 -96.7585,32.7186,120.39797214313818</coordinates>
                    </LinearRing>
                  </outerBoundaryIs>
                </Polygon>
                <Polygon>
                  <altitudeMode>absolute</altitudeMode>
                  <outerBoundaryIs>
                    <LinearRing>
                      <coordinates>-96.7585,32.7186,120.39797214313818 -96.7585,32.7186,148.31797214313818 -96.7585,32.71785,148.31797214313818 -96.7585,32.71785,120.39797214313818</coordinates>
                    </LinearRing>
                  </outerBoundaryIs>
                </Polygon>
                <Polygon>
                  <altitudeMode>absolute</altitudeMode>
                  <outerBoundaryIs>
                    <LinearRing>
                      <coordinates>-96.7585,32.71785,120.39797214313818 -96.7585,32.71785,148.31797214313818 -96.75890000000001,32.71785,148.31797214313818 -96.75890000000001,32.71785,120.39797214313818</coordinates>
                    </LinearRing>
                  </outerBoundaryIs>
                </Polygon>
              </MultiGeometry>
            </Placemark>
          </Folder>
          <Folder>
            <name>E177: uss2_core astm.f3548.v21.uss.getOperationalIntentDetails</name>
            <Folder>
              <name>uss2's P100 Activated 865cea17-bc4a-4ca0-825f-f73768b5a6d0[2] @ R.M43TGdgVi0BGdahe3tLzWMZ0gDuYOepvbrZNz4vF8_</name>
              <Placemark>
                <name>Nominal volume 0</name>
                <styleUrl>#F3548v21Activated</styleUrl>
                <TimeSpan>
                  <begin>2026-05-21T14:56:11.324599+00:00</begin>
                  <end>2026-05-21T15:41:11.294596+00:00</end>
                </TimeSpan>
                <MultiGeometry>
                  <Polygon>
                    <altitudeMode>absolute</altitudeMode>
                    <outerBoundaryIs>
                      <LinearRing>
                        <coordinates>-96.75890000000001,32.7183,120.39795468550221 -96.7587,32.71785,120.39795468550221 -96.7585,32.71825,120.39795468550221 -96.7587,32.7186,120.39795468550221</coordinates>
                      </LinearRing>
                    </outerBoundaryIs>
                  </Polygon>
                  <Polygon>
                    <altitudeMode>absolute</altitudeMode>
                    <outerBoundaryIs>
                      <LinearRing>
                        <coordinates>-96.75890000000001,32.7183,148.31795468550223 -96.7587,32.71785,148.31795468550223 -96.7585,32.71825,148.31795468550223 -96.7587,32.7186,148.31795468550223</coordinates>
                      </LinearRing>
                    </outerBoundaryIs>
                  </Polygon>
                  <Polygon>
                    <altitudeMode>absolute</altitudeMode>
                    <outerBoundaryIs>
                      <LinearRing>
                        <coordinates>-96.75890000000001,32.7183,120.39795468550221 -96.75890000000001,32.7183,148.31795468550223 -96.7587,32.71785,148.31795468550223 -96.7587,32.71785,120.39795468550221</coordinates>
                      </LinearRing>
                    </outerBoundaryIs>
                  </Polygon>
                  <Polygon>
                    <altitudeMode>absolute</altitudeMode>
                    <outerBoundaryIs>
                      <LinearRing>
                        <coordinates>-96.7587,32.71785,120.39795468550221 -96.7587,32.71785,148.31795468550223 -96.7585,32.71825,148.31795468550223 -96.7585,32.71825,120.39795468550221</coordinates>
                      </LinearRing>
                    </outerBoundaryIs>
                  </Polygon>
                  <Polygon>
                    <altitudeMode>absolute</altitudeMode>
                    <outerBoundaryIs>
                      <LinearRing>
                        <coordinates>-96.7585,32.71825,120.39795468550221 -96.7585,32.71825,148.31795468550223 -96.7587,32.7186,148.31795468550223 -96.7587,32.7186,120.39795468550221</coordinates>
                      </LinearRing>
                    </outerBoundaryIs>
                  </Polygon>
                  <Polygon>
                    <altitudeMode>absolute</altitudeMode>
                    <outerBoundaryIs>
                      <LinearRing>
                        <coordinates>-96.7587,32.7186,120.39795468550221 -96.7587,32.7186,148.31795468550223 -96.75890000000001,32.7183,148.31795468550223 -96.75890000000001,32.7183,120.39795468550221</coordinates>
                      </LinearRing>
                    </outerBoundaryIs>
                  </Polygon>
                </MultiGeometry>
              </Placemark>
            </Folder>
          </Folder>
        </Folder>
        <Folder>
          <name>Check for conflict notifications</name>
        </Folder>
        <Folder>
          <name>Modify activated Flight 1 in conflict with activated Flight 2</name>
          <Folder>
            <name>E194: uss1_dss astm.f3548.v21.dss.queryOperationalIntentReferences</name>
            <Placemark>
              <name>area_of_interest</name>
              <styleUrl>#QueryArea</styleUrl>
              <description><![CDATA[<ul><li>uss2's Activated 865cea17-bc4a-4ca0-825f-f73768b5a6d0[2]</li><li>uss1's Activated bd4e169d-52d5-4f15-9632-dd0164bd3b42[2]</li></ul>]]></description>
              <TimeSpan>
                <begin>2026-05-21T14:56:10.514855+00:00</begin>
                <end>2026-05-21T15:41:11.514855+00:00</end>
              </TimeSpan>
              <MultiGeometry>
                <Polygon>
                  <altitudeMode>absolute</altitudeMode>
                  <outerBoundaryIs>
                    <LinearRing>
                      <coordinates>-96.75885000000001,32.71785,90.26754426941844 -96.75885000000001,32.7182,90.26754426941844 -96.75815,32.7182,90.26754426941844 -96.75815,32.71785,90.26754426941844</coordinates>
                    </LinearRing>
                  </outerBoundaryIs>
                </Polygon>
                <Polygon>
                  <altitudeMode>absolute</altitudeMode>
                  <outerBoundaryIs>
                    <LinearRing>
                      <coordinates>-96.75885000000001,32.71785,150.31754426941842 -96.75885000000001,32.7182,150.31754426941842 -96.75815,32.7182,150.31754426941842 -96.75815,32.71785,150.31754426941842</coordinates>
                    </LinearRing>
                  </outerBoundaryIs>
                </Polygon>
                <Polygon>
                  <altitudeMode>absolute</altitudeMode>
                  <outerBoundaryIs>
                    <LinearRing>
                      <coordinates>-96.75885000000001,32.71785,90.26754426941844 -96.75885000000001,32.71785,150.31754426941842 -96.75885000000001,32.7182,150.31754426941842 -96.75885000000001,32.7182,90.26754426941844</coordinates>
                    </LinearRing>
                  </outerBoundaryIs>
                </Polygon>
                <Polygon>
                  <altitudeMode>absolute</altitudeMode>
                  <outerBoundaryIs>
                    <LinearRing>
                      <coordinates>-96.75885000000001,32.7182,90.26754426941844 -96.75885000000001,32.7182,150.31754426941842 -96.75815,32.7182,150.31754426941842 -96.75815,32.7182,90.26754426941844</coordinates>
                    </LinearRing>
                  </outerBoundaryIs>
                </Polygon>
                <Polygon>
                  <altitudeMode>absolute</altitudeMode>
                  <outerBoundaryIs>
                    <LinearRing>
                      <coordinates>-96.75815,32.7182,90.26754426941844 -96.75815,32.7182,150.31754426941842 -96.75815,32.71785,150.31754426941842 -96.75815,32.71785,90.26754426941844</coordinates>
                    </LinearRing>
                  </outerBoundaryIs>
                </Polygon>
                <Polygon>
                  <altitudeMode>absolute</altitudeMode>
                  <outerBoundaryIs>
                    <LinearRing>
                      <coordinates>-96.75815,32.71785,90.26754426941844 -96.75815,32.71785,150.31754426941842 -96.75885000000001,32.71785,150.31754426941842 -96.75885000000001,32.71785,90.26754426941844</coordinates>
                    </LinearRing>
                  </outerBoundaryIs>
                </Polygon>
              </MultiGeometry>
            </Placemark>
          </Folder>
          <Folder>
            <name>E196: uss1_core interuss.automated_testing.flight_planning.v1.UpsertFlightPlan</name>
            <Folder>
              <name>Activity Completed, flight OkToFly</name>
              <Placemark>
                <name>Volume 0</name>
                <styleUrl>#InUse_Nominal</styleUrl>
                <TimeSpan>
                  <begin>2026-05-21T14:56:10.514855+00:00</begin>
                  <end>2026-05-21T15:41:11.514855+00:00</end>
                </TimeSpan>
                <MultiGeometry>
                  <Polygon>
                    <altitudeMode>absolute</altitudeMode>
                    <outerBoundaryIs>
                      <LinearRing>
                        <coordinates>-96.7586,32.7179,90.2672163874855 -96.7586,32.7182,90.2672163874855 -96.7582,32.7182,90.2672163874855 -96.75815,32.71785,90.2672163874855</coordinates>
                      </LinearRing>
                    </outerBoundaryIs>
                  </Polygon>
                  <Polygon>
                    <altitudeMode>absolute</altitudeMode>
                    <outerBoundaryIs>
                      <LinearRing>
                        <coordinates>-96.7586,32.7179,150.3172163874855 -96.7586,32.7182,150.3172163874855 -96.7582,32.7182,150.3172163874855 -96.75815,32.71785,150.3172163874855</coordinates>
                      </LinearRing>
                    </outerBoundaryIs>
                  </Polygon>
                  <Polygon>
                    <altitudeMode>absolute</altitudeMode>
                    <outerBoundaryIs>
                      <LinearRing>
                        <coordinates>-96.7586,32.7179,90.2672163874855 -96.7586,32.7179,150.3172163874855 -96.7586,32.7182,150.3172163874855 -96.7586,32.7182,90.2672163874855</coordinates>
                      </LinearRing>
                    </outerBoundaryIs>
                  </Polygon>
                  <Polygon>
                    <altitudeMode>absolute</altitudeMode>
                    <outerBoundaryIs>
                      <LinearRing>
                        <coordinates>-96.7586,32.7182,90.2672163874855 -96.7586,32.7182,150.3172163874855 -96.7582,32.7182,150.3172163874855 -96.7582,32.7182,90.2672163874855</coordinates>
                      </LinearRing>
                    </outerBoundaryIs>
                  </Polygon>
                  <Polygon>
                    <altitudeMode>absolute</altitudeMode>
                    <outerBoundaryIs>
                      <LinearRing>
                        <coordinates>-96.7582,32.7182,90.2672163874855 -96.7582,32.7182,150.3172163874855 -96.75815,32.71785,150.3172163874855 -96.75815,32.71785,90.2672163874855</coordinates>
                      </LinearRing>
                    </outerBoundaryIs>
                  </Polygon>
                  <Polygon>
                    <altitudeMode>absolute</altitudeMode>
                    <outerBoundaryIs>
                      <LinearRing>
                        <coordinates>-96.75815,32.71785,90.2672163874855 -96.75815,32.71785,150.3172163874855 -96.7586,32.7179,150.3172163874855 -96.7586,32.7179,90.2672163874855</coordinates>
                      </LinearRing>
                    </outerBoundaryIs>
                  </Polygon>
                </MultiGeometry>
              </Placemark>
            </Folder>
          </Folder>
          <Folder>
            <name>E201: uss1_dss astm.f3548.v21.dss.queryOperationalIntentReferences</name>
            <Placemark>
              <name>area_of_interest</name>
              <styleUrl>#QueryArea</styleUrl>
              <description><![CDATA[<ul><li>uss2's Activated 865cea17-bc4a-4ca0-825f-f73768b5a6d0[2]</li><li>uss1's Activated bd4e169d-52d5-4f15-9632-dd0164bd3b42[3]</li></ul>]]></description>
              <TimeSpan>
                <begin>2026-05-21T14:56:10.514855+00:00</begin>
                <end>2026-05-21T15:41:11.514855+00:00</end>
              </TimeSpan>
              <MultiGeometry>
                <Polygon>
                  <altitudeMode>absolute</altitudeMode>
                  <outerBoundaryIs>
                    <LinearRing>
                      <coordinates>-96.75885000000001,32.71785,90.26754426941844 -96.75885000000001,32.7182,90.26754426941844 -96.75815,32.7182,90.26754426941844 -96.75815,32.71785,90.26754426941844</coordinates>
                    </LinearRing>
                  </outerBoundaryIs>
                </Polygon>
                <Polygon>
                  <altitudeMode>absolute</altitudeMode>
                  <outerBoundaryIs>
                    <LinearRing>
                      <coordinates>-96.75885000000001,32.71785,150.31754426941842 -96.75885000000001,32.7182,150.31754426941842 -96.75815,32.7182,150.31754426941842 -96.75815,32.71785,150.31754426941842</coordinates>
                    </LinearRing>
                  </outerBoundaryIs>
                </Polygon>
                <Polygon>
                  <altitudeMode>absolute</altitudeMode>
                  <outerBoundaryIs>
                    <LinearRing>
                      <coordinates>-96.75885000000001,32.71785,90.26754426941844 -96.75885000000001,32.71785,150.31754426941842 -96.75885000000001,32.7182,150.31754426941842 -96.75885000000001,32.7182,90.26754426941844</coordinates>
                    </LinearRing>
                  </outerBoundaryIs>
                </Polygon>
                <Polygon>
                  <altitudeMode>absolute</altitudeMode>
                  <outerBoundaryIs>
                    <LinearRing>
                      <coordinates>-96.75885000000001,32.7182,90.26754426941844 -96.75885000000001,32.7182,150.31754426941842 -96.75815,32.7182,150.31754426941842 -96.75815,32.7182,90.26754426941844</coordinates>
                    </LinearRing>
                  </outerBoundaryIs>
                </Polygon>
                <Polygon>
                  <altitudeMode>absolute</altitudeMode>
                  <outerBoundaryIs>
                    <LinearRing>
                      <coordinates>-96.75815,32.7182,90.26754426941844 -96.75815,32.7182,150.31754426941842 -96.75815,32.71785,150.31754426941842 -96.75815,32.71785,90.26754426941844</coordinates>
                    </LinearRing>
                  </outerBoundaryIs>
                </Polygon>
                <Polygon>
                  <altitudeMode>absolute</altitudeMode>
                  <outerBoundaryIs>
                    <LinearRing>
                      <coordinates>-96.75815,32.71785,90.26754426941844 -96.75815,32.71785,150.31754426941842 -96.75885000000001,32.71785,150.31754426941842 -96.75885000000001,32.71785,90.26754426941844</coordinates>
                    </LinearRing>
                  </outerBoundaryIs>
                </Polygon>
              </MultiGeometry>
            </Placemark>
          </Folder>
          <Folder>
            <name>E206: uss1_core astm.f3548.v21.uss.getOperationalIntentDetails</name>
            <Folder>
              <name>uss1's P0 Activated bd4e169d-52d5-4f15-9632-dd0164bd3b42[3] @ THWisknlWTqAYFLscYRsC3cUjhmN2niIsVi3EWheBbc_</name>
              <Placemark>
                <name>Nominal volume 0</name>
                <styleUrl>#F3548v21Activated</styleUrl>
                <TimeSpan>
                  <begin>2026-05-21T14:56:11.549010+00:00</begin>
                  <end>2026-05-21T15:41:11.514855+00:00</end>
                </TimeSpan>
                <MultiGeometry>
                  <Polygon>
                    <altitudeMode>absolute</altitudeMode>
                    <outerBoundaryIs>
                      <LinearRing>
                        <coordinates>-96.7586,32.7179,90.2672163874855 -96.7586,32.7182,90.2672163874855 -96.7582,32.7182,90.2672163874855 -96.75815,32.71785,90.2672163874855</coordinates>
                      </LinearRing>
                    </outerBoundaryIs>
                  </Polygon>
                  <Polygon>
                    <altitudeMode>absolute</altitudeMode>
                    <outerBoundaryIs>
                      <LinearRing>
                        <coordinates>-96.7586,32.7179,150.3172163874855 -96.7586,32.7182,150.3172163874855 -96.7582,32.7182,150.3172163874855 -96.75815,32.71785,150.3172163874855</coordinates>
                      </LinearRing>
                    </outerBoundaryIs>
                  </Polygon>
                  <Polygon>
                    <altitudeMode>absolute</altitudeMode>
                    <outerBoundaryIs>
                      <LinearRing>
                        <coordinates>-96.7586,32.7179,90.2672163874855 -96.7586,32.7179,150.3172163874855 -96.7586,32.7182,150.3172163874855 -96.7586,32.7182,90.2672163874855</coordinates>
                      </LinearRing>
                    </outerBoundaryIs>
                  </Polygon>
                  <Polygon>
                    <altitudeMode>absolute</altitudeMode>
                    <outerBoundaryIs>
                      <LinearRing>
                        <coordinates>-96.7586,32.7182,90.2672163874855 -96.7586,32.7182,150.3172163874855 -96.7582,32.7182,150.3172163874855 -96.7582,32.7182,90.2672163874855</coordinates>
                      </LinearRing>
                    </outerBoundaryIs>
                  </Polygon>
                  <Polygon>
                    <altitudeMode>absolute</altitudeMode>
                    <outerBoundaryIs>
                      <LinearRing>
                        <coordinates>-96.7582,32.7182,90.2672163874855 -96.7582,32.7182,150.3172163874855 -96.75815,32.71785,150.3172163874855 -96.75815,32.71785,90.2672163874855</coordinates>
                      </LinearRing>
                    </outerBoundaryIs>
                  </Polygon>
                  <Polygon>
                    <altitudeMode>absolute</altitudeMode>
                    <outerBoundaryIs>
                      <LinearRing>
                        <coordinates>-96.75815,32.71785,90.2672163874855 -96.75815,32.71785,150.3172163874855 -96.7586,32.7179,150.3172163874855 -96.7586,32.7179,90.2672163874855</coordinates>
                      </LinearRing>
                    </outerBoundaryIs>
                  </Polygon>
                </MultiGeometry>
              </Placemark>
            </Folder>
          </Folder>
        </Folder>
      </Folder>
      <Folder>
        <name>Attempt to modify activated flight into conflict</name>
        <Folder>
          <name>Modify activated Flight 2 to not conflict with activated Flight 1</name>
          <Folder>
            <name>E215: uss1_dss astm.f3548.v21.dss.queryOperationalIntentReferences</name>
            <Placemark>
              <name>area_of_interest</name>
              <styleUrl>#QueryArea</styleUrl>
              <description><![CDATA[<ul><li>uss2's Activated 865cea17-bc4a-4ca0-825f-f73768b5a6d0[2]</li><li>uss1's Activated bd4e169d-52d5-4f15-9632-dd0164bd3b42[3]</li></ul>]]></description>
              <TimeSpan>
                <begin>2026-05-21T14:56:10.769581+00:00</begin>
                <end>2026-05-21T15:41:11.769581+00:00</end>
              </TimeSpan>
              <MultiGeometry>
                <Polygon>
                  <altitudeMode>absolute</altitudeMode>
                  <outerBoundaryIs>
                    <LinearRing>
                      <coordinates>-96.75890000000001,32.71825,117.22754871590543 -96.75890000000001,32.7186,117.22754871590543 -96.7583,32.7186,117.22754871590543 -96.7583,32.71825,117.22754871590543</coordinates>
                    </LinearRing>
                  </outerBoundaryIs>
                </Polygon>
                <Polygon>
                  <altitudeMode>absolute</altitudeMode>
                  <outerBoundaryIs>
                    <LinearRing>
                      <coordinates>-96.75890000000001,32.71825,170.31754871590545 -96.75890000000001,32.7186,170.31754871590545 -96.7583,32.7186,170.31754871590545 -96.7583,32.71825,170.31754871590545</coordinates>
                    </LinearRing>
                  </outerBoundaryIs>
                </Polygon>
                <Polygon>
                  <altitudeMode>absolute</altitudeMode>
                  <outerBoundaryIs>
                    <LinearRing>
                      <coordinates>-96.75890000000001,32.71825,117.22754871590543 -96.75890000000001,32.71825,170.31754871590545 -96.75890000000001,32.7186,170.31754871590545 -96.75890000000001,32.7186,117.22754871590543</coordinates>
                    </LinearRing>
                  </outerBoundaryIs>
                </Polygon>
                <Polygon>
                  <altitudeMode>absolute</altitudeMode>
                  <outerBoundaryIs>
                    <LinearRing>
                      <coordinates>-96.75890000000001,32.7186,117.22754871590543 -96.75890000000001,32.7186,170.31754871590545 -96.7583,32.7186,170.31754871590545 -96.7583,32.7186,117.22754871590543</coordinates>
                    </LinearRing>
                  </outerBoundaryIs>
                </Polygon>
                <Polygon>
                  <altitudeMode>absolute</altitudeMode>
                  <outerBoundaryIs>
                    <LinearRing>
                      <coordinates>-96.7583,32.7186,117.22754871590543 -96.7583,32.7186,170.31754871590545 -96.7583,32.71825,170.31754871590545 -96.7583,32.71825,117.22754871590543</coordinates>
                    </LinearRing>
                  </outerBoundaryIs>
                </Polygon>
                <Polygon>
                  <altitudeMode>absolute</altitudeMode>
                  <outerBoundaryIs>
                    <LinearRing>
                      <coordinates>-96.7583,32.71825,117.22754871590543 -96.7583,32.71825,170.31754871590545 -96.75890000000001,32.71825,170.31754871590545 -96.75890000000001,32.71825,117.22754871590543</coordinates>
                    </LinearRing>
                  </outerBoundaryIs>
                </Polygon>
              </MultiGeometry>
            </Placemark>
          </Folder>
          <Folder>
            <name>E217: uss2_core interuss.automated_testing.flight_planning.v1.UpsertFlightPlan</name>
            <Folder>
              <name>Activity Completed, flight OkToFly</name>
              <Placemark>
                <name>Volume 0</name>
                <styleUrl>#InUse_Nominal</styleUrl>
                <TimeSpan>
                  <begin>2026-05-21T14:56:10.769581+00:00</begin>
                  <end>2026-05-21T15:41:11.769581+00:00</end>
                </TimeSpan>
                <MultiGeometry>
                  <Polygon>
                    <altitudeMode>absolute</altitudeMode>
                    <outerBoundaryIs>
                      <LinearRing>
                        <coordinates>-96.75890000000001,32.7183,117.22767239934487 -96.7583,32.71825,117.22767239934487 -96.7587,32.7186,117.22767239934487</coordinates>
                      </LinearRing>
                    </outerBoundaryIs>
                  </Polygon>
                  <Polygon>
                    <altitudeMode>absolute</altitudeMode>
                    <outerBoundaryIs>
                      <LinearRing>
                        <coordinates>-96.75890000000001,32.7183,170.31767239934487 -96.7583,32.71825,170.31767239934487 -96.7587,32.7186,170.31767239934487</coordinates>
                      </LinearRing>
                    </outerBoundaryIs>
                  </Polygon>
                  <Polygon>
                    <altitudeMode>absolute</altitudeMode>
                    <outerBoundaryIs>
                      <LinearRing>
                        <coordinates>-96.75890000000001,32.7183,117.22767239934487 -96.75890000000001,32.7183,170.31767239934487 -96.7583,32.71825,170.31767239934487 -96.7583,32.71825,117.22767239934487</coordinates>
                      </LinearRing>
                    </outerBoundaryIs>
                  </Polygon>
                  <Polygon>
                    <altitudeMode>absolute</altitudeMode>
                    <outerBoundaryIs>
                      <LinearRing>
                        <coordinates>-96.7583,32.71825,117.22767239934487 -96.7583,32.71825,170.31767239934487 -96.7587,32.7186,170.31767239934487 -96.7587,32.7186,117.22767239934487</coordinates>
                      </LinearRing>
                    </outerBoundaryIs>
                  </Polygon>
                  <Polygon>
                    <altitudeMode>absolute</altitudeMode>
                    <outerBoundaryIs>
                      <LinearRing>
                        <coordinates>-96.7587,32.7186,117.22767239934487 -96.7587,32.7186,170.31767239934487 -96.75890000000001,32.7183,170.31767239934487 -96.75890000000001,32.7183,117.22767239934487</coordinates>
                      </LinearRing>
                    </outerBoundaryIs>
                  </Polygon>
                </MultiGeometry>
              </Placemark>
            </Folder>
          </Folder>
          <Folder>
            <name>E221: uss1_dss astm.f3548.v21.dss.queryOperationalIntentReferences</name>
            <Placemark>
              <name>area_of_interest</name>
              <styleUrl>#QueryArea</styleUrl>
              <description><![CDATA[<ul><li>uss2's Activated 865cea17-bc4a-4ca0-825f-f73768b5a6d0[3]</li><li>uss1's Activated bd4e169d-52d5-4f15-9632-dd0164bd3b42[3]</li></ul>]]></description>
              <TimeSpan>
                <begin>2026-05-21T14:56:10.769581+00:00</begin>
                <end>2026-05-21T15:41:11.769581+00:00</end>
              </TimeSpan>
              <MultiGeometry>
                <Polygon>
                  <altitudeMode>absolute</altitudeMode>
                  <outerBoundaryIs>
                    <LinearRing>
                      <coordinates>-96.75890000000001,32.71825,117.22754871590543 -96.75890000000001,32.7186,117.22754871590543 -96.7583,32.7186,117.22754871590543 -96.7583,32.71825,117.22754871590543</coordinates>
                    </LinearRing>
                  </outerBoundaryIs>
                </Polygon>
                <Polygon>
                  <altitudeMode>absolute</altitudeMode>
                  <outerBoundaryIs>
                    <LinearRing>
                      <coordinates>-96.75890000000001,32.71825,170.31754871590545 -96.75890000000001,32.7186,170.31754871590545 -96.7583,32.7186,170.31754871590545 -96.7583,32.71825,170.31754871590545</coordinates>
                    </LinearRing>
                  </outerBoundaryIs>
                </Polygon>
                <Polygon>
                  <altitudeMode>absolute</altitudeMode>
                  <outerBoundaryIs>
                    <LinearRing>
                      <coordinates>-96.75890000000001,32.71825,117.22754871590543 -96.75890000000001,32.71825,170.31754871590545 -96.75890000000001,32.7186,170.31754871590545 -96.75890000000001,32.7186,117.22754871590543</coordinates>
                    </LinearRing>
                  </outerBoundaryIs>
                </Polygon>
                <Polygon>
                  <altitudeMode>absolute</altitudeMode>
                  <outerBoundaryIs>
                    <LinearRing>
                      <coordinates>-96.75890000000001,32.7186,117.22754871590543 -96.75890000000001,32.7186,170.31754871590545 -96.7583,32.7186,170.31754871590545 -96.7583,32.7186,117.22754871590543</coordinates>
                    </LinearRing>
                  </outerBoundaryIs>
                </Polygon>
                <Polygon>
                  <altitudeMode>absolute</altitudeMode>
                  <outerBoundaryIs>
                    <LinearRing>
                      <coordinates>-96.7583,32.7186,117.22754871590543 -96.7583,32.7186,170.31754871590545 -96.7583,32.71825,170.31754871590545 -96.7583,32.71825,117.22754871590543</coordinates>
                    </LinearRing>
                  </outerBoundaryIs>
                </Polygon>
                <Polygon>
                  <altitudeMode>absolute</altitudeMode>
                  <outerBoundaryIs>
                    <LinearRing>
                      <coordinates>-96.7583,32.71825,117.22754871590543 -96.7583,32.71825,170.31754871590545 -96.75890000000001,32.71825,170.31754871590545 -96.75890000000001,32.71825,117.22754871590543</coordinates>
                    </LinearRing>
                  </outerBoundaryIs>
                </Polygon>
              </MultiGeometry>
            </Placemark>
          </Folder>
          <Folder>
            <name>E226: uss2_core astm.f3548.v21.uss.getOperationalIntentDetails</name>
            <Folder>
              <name>uss2's P100 Activated 865cea17-bc4a-4ca0-825f-f73768b5a6d0[3] @ CK5tfGQBSXmbdV-WA38-cn6Ht9Lnmm.4Pswm9JEYB1o_</name>
              <Placemark>
                <name>Nominal volume 0</name>
                <styleUrl>#F3548v21Activated</styleUrl>
                <TimeSpan>
                  <begin>2026-05-21T14:56:11.805711+00:00</begin>
                  <end>2026-05-21T15:41:11.769581+00:00</end>
                </TimeSpan>
                <MultiGeometry>
                  <Polygon>
                    <altitudeMode>absolute</altitudeMode>
                    <outerBoundaryIs>
                      <LinearRing>
                        <coordinates>-96.75890000000001,32.7183,117.22767239934487 -96.7583,32.71825,117.22767239934487 -96.7587,32.7186,117.22767239934487</coordinates>
                      </LinearRing>
                    </outerBoundaryIs>
                  </Polygon>
                  <Polygon>
                    <altitudeMode>absolute</altitudeMode>
                    <outerBoundaryIs>
                      <LinearRing>
                        <coordinates>-96.75890000000001,32.7183,170.31767239934487 -96.7583,32.71825,170.31767239934487 -96.7587,32.7186,170.31767239934487</coordinates>
                      </LinearRing>
                    </outerBoundaryIs>
                  </Polygon>
                  <Polygon>
                    <altitudeMode>absolute</altitudeMode>
                    <outerBoundaryIs>
                      <LinearRing>
                        <coordinates>-96.75890000000001,32.7183,117.22767239934487 -96.75890000000001,32.7183,170.31767239934487 -96.7583,32.71825,170.31767239934487 -96.7583,32.71825,117.22767239934487</coordinates>
                      </LinearRing>
                    </outerBoundaryIs>
                  </Polygon>
                  <Polygon>
                    <altitudeMode>absolute</altitudeMode>
                    <outerBoundaryIs>
                      <LinearRing>
                        <coordinates>-96.7583,32.71825,117.22767239934487 -96.7583,32.71825,170.31767239934487 -96.7587,32.7186,170.31767239934487 -96.7587,32.7186,117.22767239934487</coordinates>
                      </LinearRing>
                    </outerBoundaryIs>
                  </Polygon>
                  <Polygon>
                    <altitudeMode>absolute</altitudeMode>
                    <outerBoundaryIs>
                      <LinearRing>
                        <coordinates>-96.7587,32.7186,117.22767239934487 -96.7587,32.7186,170.31767239934487 -96.75890000000001,32.7183,170.31767239934487 -96.75890000000001,32.7183,117.22767239934487</coordinates>
                      </LinearRing>
                    </outerBoundaryIs>
                  </Polygon>
                </MultiGeometry>
              </Placemark>
            </Folder>
          </Folder>
        </Folder>
        <Folder>
          <name>Attempt to modify activated Flight 1 into conflict</name>
          <Folder>
            <name>E235: uss1_dss astm.f3548.v21.dss.queryOperationalIntentReferences</name>
            <Placemark>
              <name>area_of_interest</name>
              <styleUrl>#QueryArea</styleUrl>
              <description><![CDATA[<ul><li>uss2's Activated 865cea17-bc4a-4ca0-825f-f73768b5a6d0[3]</li><li>uss1's Activated bd4e169d-52d5-4f15-9632-dd0164bd3b42[3]</li></ul>]]></description>
              <TimeSpan>
                <begin>2026-05-21T14:56:10.998952+00:00</begin>
                <end>2026-05-21T15:41:11.998952+00:00</end>
              </TimeSpan>
              <MultiGeometry>
                <Polygon>
                  <altitudeMode>absolute</altitudeMode>
                  <outerBoundaryIs>
                    <LinearRing>
                      <coordinates>-96.7586,32.71785,90.26705009760636 -96.7586,32.7186,90.26705009760636 -96.75815,32.7186,90.26705009760636 -96.75815,32.71785,90.26705009760636</coordinates>
                    </LinearRing>
                  </outerBoundaryIs>
                </Polygon>
                <Polygon>
                  <altitudeMode>absolute</altitudeMode>
                  <outerBoundaryIs>
                    <LinearRing>
                      <coordinates>-96.7586,32.71785,155.31705009760637 -96.7586,32.7186,155.31705009760637 -96.75815,32.7186,155.31705009760637 -96.75815,32.71785,155.31705009760637</coordinates>
                    </LinearRing>
                  </outerBoundaryIs>
                </Polygon>
                <Polygon>
                  <altitudeMode>absolute</altitudeMode>
                  <outerBoundaryIs>
                    <LinearRing>
                      <coordinates>-96.7586,32.71785,90.26705009760636 -96.7586,32.71785,155.31705009760637 -96.7586,32.7186,155.31705009760637 -96.7586,32.7186,90.26705009760636</coordinates>
                    </LinearRing>
                  </outerBoundaryIs>
                </Polygon>
                <Polygon>
                  <altitudeMode>absolute</altitudeMode>
                  <outerBoundaryIs>
                    <LinearRing>
                      <coordinates>-96.7586,32.7186,90.26705009760636 -96.7586,32.7186,155.31705009760637 -96.75815,32.7186,155.31705009760637 -96.75815,32.7186,90.26705009760636</coordinates>
                    </LinearRing>
                  </outerBoundaryIs>
                </Polygon>
                <Polygon>
                  <altitudeMode>absolute</altitudeMode>
                  <outerBoundaryIs>
                    <LinearRing>
                      <coordinates>-96.75815,32.7186,90.26705009760636 -96.75815,32.7186,155.31705009760637 -96.75815,32.71785,155.31705009760637 -96.75815,32.71785,90.26705009760636</coordinates>
                    </LinearRing>
                  </outerBoundaryIs>
                </Polygon>
                <Polygon>
                  <altitudeMode>absolute</altitudeMode>
                  <outerBoundaryIs>
                    <LinearRing>
                      <coordinates>-96.75815,32.71785,90.26705009760636 -96.75815,32.71785,155.31705009760637 -96.7586,32.71785,155.31705009760637 -96.7586,32.71785,90.26705009760636</coordinates>
                    </LinearRing>
                  </outerBoundaryIs>
                </Polygon>
              </MultiGeometry>
            </Placemark>
          </Folder>
          <Folder>
            <name>E237: uss1_core interuss.automated_testing.flight_planning.v1.UpsertFlightPlan</name>
            <Folder>
              <name>Activity Rejected, flight OkToFly</name>
              <Placemark>
                <name>Volume 0</name>
                <styleUrl>#InUse_Nominal</styleUrl>
                <TimeSpan>
                  <begin>2026-05-21T14:56:10.998952+00:00</begin>
                  <end>2026-05-21T15:41:11.998952+00:00</end>
                </TimeSpan>
                <MultiGeometry>
                  <Polygon>
                    <altitudeMode>absolute</altitudeMode>
                    <outerBoundaryIs>
                      <LinearRing>
                        <coordinates>-96.75840000000001,32.7179,120.37686295447425 -96.75840000000001,32.7186,120.37686295447425 -96.7582,32.7182,120.37686295447425 -96.75815,32.71785,120.37686295447425</coordinates>
                      </LinearRing>
                    </outerBoundaryIs>
                  </Polygon>
                  <Polygon>
                    <altitudeMode>absolute</altitudeMode>
                    <outerBoundaryIs>
                      <LinearRing>
                        <coordinates>-96.75840000000001,32.7179,155.31686295447423 -96.75840000000001,32.7186,155.31686295447423 -96.7582,32.7182,155.31686295447423 -96.75815,32.71785,155.31686295447423</coordinates>
                      </LinearRing>
                    </outerBoundaryIs>
                  </Polygon>
                  <Polygon>
                    <altitudeMode>absolute</altitudeMode>
                    <outerBoundaryIs>
                      <LinearRing>
                        <coordinates>-96.75840000000001,32.7179,120.37686295447425 -96.75840000000001,32.7179,155.31686295447423 -96.75840000000001,32.7186,155.31686295447423 -96.75840000000001,32.7186,120.37686295447425</coordinates>
                      </LinearRing>
                    </outerBoundaryIs>
                  </Polygon>
                  <Polygon>
                    <altitudeMode>absolute</altitudeMode>
                    <outerBoundaryIs>
                      <LinearRing>
                        <coordinates>-96.75840000000001,32.7186,120.37686295447425 -96.75840000000001,32.7186,155.31686295447423 -96.7582,32.7182,155.31686295447423 -96.7582,32.7182,120.37686295447425</coordinates>
                      </LinearRing>
                    </outerBoundaryIs>
                  </Polygon>
                  <Polygon>
                    <altitudeMode>absolute</altitudeMode>
                    <outerBoundaryIs>
                      <LinearRing>
                        <coordinates>-96.7582,32.7182,120.37686295447425 -96.7582,32.7182,155.31686295447423 -96.75815,32.71785,155.31686295447423 -96.75815,32.71785,120.37686295447425</coordinates>
                      </LinearRing>
                    </outerBoundaryIs>
                  </Polygon>
                  <Polygon>
                    <altitudeMode>absolute</altitudeMode>
                    <outerBoundaryIs>
                      <LinearRing>
                        <coordinates>-96.75815,32.71785,120.37686295447425 -96.75815,32.71785,155.31686295447423 -96.75840000000001,32.7179,155.31686295447423 -96.75840000000001,32.7179,120.37686295447425</coordinates>
                      </LinearRing>
                    </outerBoundaryIs>
                  </Polygon>
                </MultiGeometry>
              </Placemark>
            </Folder>
          </Folder>
          <Folder>
            <name>E240: uss1_dss astm.f3548.v21.dss.queryOperationalIntentReferences</name>
            <Placemark>
              <name>area_of_interest</name>
              <styleUrl>#QueryArea</styleUrl>
              <description><![CDATA[<ul><li>uss2's Activated 865cea17-bc4a-4ca0-825f-f73768b5a6d0[3]</li><li>uss1's Activated bd4e169d-52d5-4f15-9632-dd0164bd3b42[3]</li></ul>]]></description>
              <TimeSpan>
                <begin>2026-05-21T14:56:10.998952+00:00</begin>
                <end>2026-05-21T15:41:11.998952+00:00</end>
              </TimeSpan>
              <MultiGeometry>
                <Polygon>
                  <altitudeMode>absolute</altitudeMode>
                  <outerBoundaryIs>
                    <LinearRing>
                      <coordinates>-96.7586,32.71785,90.26705009760636 -96.7586,32.7186,90.26705009760636 -96.75815,32.7186,90.26705009760636 -96.75815,32.71785,90.26705009760636</coordinates>
                    </LinearRing>
                  </outerBoundaryIs>
                </Polygon>
                <Polygon>
                  <altitudeMode>absolute</altitudeMode>
                  <outerBoundaryIs>
                    <LinearRing>
                      <coordinates>-96.7586,32.71785,155.31705009760637 -96.7586,32.7186,155.31705009760637 -96.75815,32.7186,155.31705009760637 -96.75815,32.71785,155.31705009760637</coordinates>
                    </LinearRing>
                  </outerBoundaryIs>
                </Polygon>
                <Polygon>
                  <altitudeMode>absolute</altitudeMode>
                  <outerBoundaryIs>
                    <LinearRing>
                      <coordinates>-96.7586,32.71785,90.26705009760636 -96.7586,32.71785,155.31705009760637 -96.7586,32.7186,155.31705009760637 -96.7586,32.7186,90.26705009760636</coordinates>
                    </LinearRing>
                  </outerBoundaryIs>
                </Polygon>
                <Polygon>
                  <altitudeMode>absolute</altitudeMode>
                  <outerBoundaryIs>
                    <LinearRing>
                      <coordinates>-96.7586,32.7186,90.26705009760636 -96.7586,32.7186,155.31705009760637 -96.75815,32.7186,155.31705009760637 -96.75815,32.7186,90.26705009760636</coordinates>
                    </LinearRing>
                  </outerBoundaryIs>
                </Polygon>
                <Polygon>
                  <altitudeMode>absolute</altitudeMode>
                  <outerBoundaryIs>
                    <LinearRing>
                      <coordinates>-96.75815,32.7186,90.26705009760636 -96.75815,32.7186,155.31705009760637 -96.75815,32.71785,155.31705009760637 -96.75815,32.71785,90.26705009760636</coordinates>
                    </LinearRing>
                  </outerBoundaryIs>
                </Polygon>
                <Polygon>
                  <altitudeMode>absolute</altitudeMode>
                  <outerBoundaryIs>
                    <LinearRing>
                      <coordinates>-96.75815,32.71785,90.26705009760636 -96.75815,32.71785,155.31705009760637 -96.7586,32.71785,155.31705009760637 -96.7586,32.71785,90.26705009760636</coordinates>
                    </LinearRing>
                  </outerBoundaryIs>
                </Polygon>
              </MultiGeometry>
            </Placemark>
          </Folder>
        </Folder>
      </Folder>
      <Folder>
        <name/>
        <Folder>
          <name>Cleanup</name>
        </Folder>
      </Folder>
    </Folder>
  </Document>
</kml>
