<kml xmlns="http://www.opengis.net/kml/2.2" xmlns:atom="http://www.w3.org/2005/Atom" xmlns:gx="http://www.google.com/kml/ext/2.2">
  <Document>
    <Style id="QueryArea">
      <LineStyle>
        <color>ffc0c000</color>
        <width>3</width>
      </LineStyle>
      <PolyStyle>
        <color>80ffffaa</color>
      </PolyStyle>
    </Style>
    <Style id="F3548v21Accepted">
      <LineStyle>
        <color>ff00c000</color>
        <width>3</width>
      </LineStyle>
      <PolyStyle>
        <color>80c0c0c0</color>
      </PolyStyle>
    </Style>
    <Style id="F3548v21Activated">
      <LineStyle>
        <color>ff00c000</color>
        <width>3</width>
      </LineStyle>
      <PolyStyle>
        <color>8000ff00</color>
      </PolyStyle>
    </Style>
    <Style id="F3548v21Nonconforming">
      <LineStyle>
        <color>ff00ffff</color>
        <width>5</width>
      </LineStyle>
      <PolyStyle>
        <color>8000ffff</color>
      </PolyStyle>
    </Style>
    <Style id="F3548v21Contingent">
      <LineStyle>
        <color>ff0000ff</color>
        <width>5</width>
      </LineStyle>
      <PolyStyle>
        <color>80ff0000ff</color>
      </PolyStyle>
    </Style>
    <Style id="F3548v21AcceptedFuture">
      <LineStyle>
        <color>80c0c0c0</color>
        <width>1</width>
      </LineStyle>
      <PolyStyle>
        <color>00000000</color>
      </PolyStyle>
    </Style>
    <Style id="F3548v21ActivatedFuture">
      <LineStyle>
        <color>8040c040</color>
        <width>1</width>
      </LineStyle>
      <PolyStyle>
        <color>00000000</color>
      </PolyStyle>
    </Style>
    <Style id="F3548v21NonconformingFuture">
      <LineStyle>
        <color>8000ffff</color>
        <width>1</width>
      </LineStyle>
      <PolyStyle>
        <color>00000000</color>
      </PolyStyle>
    </Style>
    <Style id="F3548v21ContingentFuture">
      <LineStyle>
        <color>80ff0000ff</color>
        <width>1</width>
      </LineStyle>
      <PolyStyle>
        <color>00000000</color>
      </PolyStyle>
    </Style>
    <Style id="Planned_Nominal">
      <LineStyle>
        <color>ff00c000</color>
        <width>3</width>
      </LineStyle>
      <PolyStyle>
        <color>80808080</color>
      </PolyStyle>
    </Style>
    <Style id="InUse_Nominal">
      <LineStyle>
        <color>ff00c000</color>
        <width>3</width>
      </LineStyle>
      <PolyStyle>
        <color>8000ff00</color>
      </PolyStyle>
    </Style>
    <Style id="InUse_OffNominal">
      <LineStyle>
        <color>ff00ffff</color>
        <width>5</width>
      </LineStyle>
      <PolyStyle>
        <color>8000ff00</color>
      </PolyStyle>
    </Style>
    <Style id="InUse_Contingent">
      <LineStyle>
        <color>ff0000ff</color>
        <width>5</width>
      </LineStyle>
      <PolyStyle>
        <color>8000ff00</color>
      </PolyStyle>
    </Style>
    <Style id="unmodifiedtelemetry">
      <IconStyle>
        <scale>1.4</scale>
        <Icon>
          <href>http://maps.google.com/mapfiles/kml/shapes/placemark_circle.png</href>
        </Icon>
      </IconStyle>
    </Style>
    <Style id="modifiedtelemetry">
      <IconStyle>
        <scale>1.4</scale>
        <Icon>
          <href>http://maps.google.com/mapfiles/kml/shapes/placemark_square.png</href>
        </Icon>
      </IconStyle>
    </Style>
    <Style id="aircraft">
      <IconStyle>
        <scale>1.4</scale>
        <Icon>
          <href>http://maps.google.com/mapfiles/kml/shapes/airports.png</href>
        </Icon>
      </IconStyle>
    </Style>
    <Folder>
      <name>Nominal planning: not permitted conflict with equal priority</name>
      <Folder>
        <name>Prerequisites check</name>
        <Folder>
          <name>Verify area is clear</name>
          <Folder>
            <name>E3: uss1_dss astm.f3548.v21.dss.queryOperationalIntentReferences</name>
            <Placemark>
              <name>area_of_interest</name>
              <styleUrl>#QueryArea</styleUrl>
              <description><![CDATA[(no operational intent references found)]]></description>
              <TimeSpan>
                <begin>2026-05-21T14:56:20.642860+00:00</begin>
                <end>2026-05-21T16:26:21.642860+00:00</end>
              </TimeSpan>
              <MultiGeometry>
                <Polygon>
                  <altitudeMode>absolute</altitudeMode>
                  <outerBoundaryIs>
                    <LinearRing>
                      <coordinates>-96.75890000000001,32.71785,90.26747562835504 -96.75890000000001,32.7186,90.26747562835504 -96.75815,32.7186,90.26747562835504 -96.75815,32.71785,90.26747562835504</coordinates>
                    </LinearRing>
                  </outerBoundaryIs>
                </Polygon>
                <Polygon>
                  <altitudeMode>absolute</altitudeMode>
                  <outerBoundaryIs>
                    <LinearRing>
                      <coordinates>-96.75890000000001,32.71785,170.31747562835506 -96.75890000000001,32.7186,170.31747562835506 -96.75815,32.7186,170.31747562835506 -96.75815,32.71785,170.31747562835506</coordinates>
                    </LinearRing>
                  </outerBoundaryIs>
                </Polygon>
                <Polygon>
                  <altitudeMode>absolute</altitudeMode>
                  <outerBoundaryIs>
                    <LinearRing>
                      <coordinates>-96.75890000000001,32.71785,90.26747562835504 -96.75890000000001,32.71785,170.31747562835506 -96.75890000000001,32.7186,170.31747562835506 -96.75890000000001,32.7186,90.26747562835504</coordinates>
                    </LinearRing>
                  </outerBoundaryIs>
                </Polygon>
                <Polygon>
                  <altitudeMode>absolute</altitudeMode>
                  <outerBoundaryIs>
                    <LinearRing>
                      <coordinates>-96.75890000000001,32.7186,90.26747562835504 -96.75890000000001,32.7186,170.31747562835506 -96.75815,32.7186,170.31747562835506 -96.75815,32.7186,90.26747562835504</coordinates>
                    </LinearRing>
                  </outerBoundaryIs>
                </Polygon>
                <Polygon>
                  <altitudeMode>absolute</altitudeMode>
                  <outerBoundaryIs>
                    <LinearRing>
                      <coordinates>-96.75815,32.7186,90.26747562835504 -96.75815,32.7186,170.31747562835506 -96.75815,32.71785,170.31747562835506 -96.75815,32.71785,90.26747562835504</coordinates>
                    </LinearRing>
                  </outerBoundaryIs>
                </Polygon>
                <Polygon>
                  <altitudeMode>absolute</altitudeMode>
                  <outerBoundaryIs>
                    <LinearRing>
                      <coordinates>-96.75815,32.71785,90.26747562835504 -96.75815,32.71785,170.31747562835506 -96.75890000000001,32.71785,170.31747562835506 -96.75890000000001,32.71785,90.26747562835504</coordinates>
                    </LinearRing>
                  </outerBoundaryIs>
                </Polygon>
              </MultiGeometry>
            </Placemark>
          </Folder>
        </Folder>
      </Folder>
      <Folder>
        <name>Attempt to plan flight into conflict</name>
        <Folder>
          <name>Plan Flight 2</name>
          <Folder>
            <name>E6: uss1_dss astm.f3548.v21.dss.queryOperationalIntentReferences</name>
            <Placemark>
              <name>area_of_interest</name>
              <styleUrl>#QueryArea</styleUrl>
              <description><![CDATA[(no operational intent references found)]]></description>
              <TimeSpan>
                <begin>2026-05-21T14:56:20.717107+00:00</begin>
                <end>2026-05-21T15:41:21.717107+00:00</end>
              </TimeSpan>
              <MultiGeometry>
                <Polygon>
                  <altitudeMode>absolute</altitudeMode>
                  <outerBoundaryIs>
                    <LinearRing>
                      <coordinates>-96.75890000000001,32.71785,120.41797214313817 -96.75890000000001,32.7186,120.41797214313817 -96.7585,32.7186,120.41797214313817 -96.7585,32.71785,120.41797214313817</coordinates>
                    </LinearRing>
                  </outerBoundaryIs>
                </Polygon>
                <Polygon>
                  <altitudeMode>absolute</altitudeMode>
                  <outerBoundaryIs>
                    <LinearRing>
                      <coordinates>-96.75890000000001,32.71785,148.31797214313818 -96.75890000000001,32.7186,148.31797214313818 -96.7585,32.7186,148.31797214313818 -96.7585,32.71785,148.31797214313818</coordinates>
                    </LinearRing>
                  </outerBoundaryIs>
                </Polygon>
                <Polygon>
                  <altitudeMode>absolute</altitudeMode>
                  <outerBoundaryIs>
                    <LinearRing>
                      <coordinates>-96.75890000000001,32.71785,120.41797214313817 -96.75890000000001,32.71785,148.31797214313818 -96.75890000000001,32.7186,148.31797214313818 -96.75890000000001,32.7186,120.41797214313817</coordinates>
                    </LinearRing>
                  </outerBoundaryIs>
                </Polygon>
                <Polygon>
                  <altitudeMode>absolute</altitudeMode>
                  <outerBoundaryIs>
                    <LinearRing>
                      <coordinates>-96.75890000000001,32.7186,120.41797214313817 -96.75890000000001,32.7186,148.31797214313818 -96.7585,32.7186,148.31797214313818 -96.7585,32.7186,120.41797214313817</coordinates>
                    </LinearRing>
                  </outerBoundaryIs>
                </Polygon>
                <Polygon>
                  <altitudeMode>absolute</altitudeMode>
                  <outerBoundaryIs>
                    <LinearRing>
                      <coordinates>-96.7585,32.7186,120.41797214313817 -96.7585,32.7186,148.31797214313818 -96.7585,32.71785,148.31797214313818 -96.7585,32.71785,120.41797214313817</coordinates>
                    </LinearRing>
                  </outerBoundaryIs>
                </Polygon>
                <Polygon>
                  <altitudeMode>absolute</altitudeMode>
                  <outerBoundaryIs>
                    <LinearRing>
                      <coordinates>-96.7585,32.71785,120.41797214313817 -96.7585,32.71785,148.31797214313818 -96.75890000000001,32.71785,148.31797214313818 -96.75890000000001,32.71785,120.41797214313817</coordinates>
                    </LinearRing>
                  </outerBoundaryIs>
                </Polygon>
              </MultiGeometry>
            </Placemark>
          </Folder>
          <Folder>
            <name>E8: uss1_core interuss.automated_testing.flight_planning.v1.UpsertFlightPlan</name>
            <Folder>
              <name>Activity Completed, flight Planned</name>
              <Placemark>
                <name>Volume 0</name>
                <styleUrl>#Planned_Nominal</styleUrl>
                <TimeSpan>
                  <begin>2026-05-21T14:56:20.717107+00:00</begin>
                  <end>2026-05-21T15:41:21.717107+00:00</end>
                </TimeSpan>
                <MultiGeometry>
                  <Polygon>
                    <altitudeMode>absolute</altitudeMode>
                    <outerBoundaryIs>
                      <LinearRing>
                        <coordinates>-96.75890000000001,32.7183,120.41795468550221 -96.7587,32.71785,120.41795468550221 -96.7585,32.71825,120.41795468550221 -96.7587,32.7186,120.41795468550221</coordinates>
                      </LinearRing>
                    </outerBoundaryIs>
                  </Polygon>
                  <Polygon>
                    <altitudeMode>absolute</altitudeMode>
                    <outerBoundaryIs>
                      <LinearRing>
                        <coordinates>-96.75890000000001,32.7183,148.31795468550223 -96.7587,32.71785,148.31795468550223 -96.7585,32.71825,148.31795468550223 -96.7587,32.7186,148.31795468550223</coordinates>
                      </LinearRing>
                    </outerBoundaryIs>
                  </Polygon>
                  <Polygon>
                    <altitudeMode>absolute</altitudeMode>
                    <outerBoundaryIs>
                      <LinearRing>
                        <coordinates>-96.75890000000001,32.7183,120.41795468550221 -96.75890000000001,32.7183,148.31795468550223 -96.7587,32.71785,148.31795468550223 -96.7587,32.71785,120.41795468550221</coordinates>
                      </LinearRing>
                    </outerBoundaryIs>
                  </Polygon>
                  <Polygon>
                    <altitudeMode>absolute</altitudeMode>
                    <outerBoundaryIs>
                      <LinearRing>
                        <coordinates>-96.7587,32.71785,120.41795468550221 -96.7587,32.71785,148.31795468550223 -96.7585,32.71825,148.31795468550223 -96.7585,32.71825,120.41795468550221</coordinates>
                      </LinearRing>
                    </outerBoundaryIs>
                  </Polygon>
                  <Polygon>
                    <altitudeMode>absolute</altitudeMode>
                    <outerBoundaryIs>
                      <LinearRing>
                        <coordinates>-96.7585,32.71825,120.41795468550221 -96.7585,32.71825,148.31795468550223 -96.7587,32.7186,148.31795468550223 -96.7587,32.7186,120.41795468550221</coordinates>
                      </LinearRing>
                    </outerBoundaryIs>
                  </Polygon>
                  <Polygon>
                    <altitudeMode>absolute</altitudeMode>
                    <outerBoundaryIs>
                      <LinearRing>
                        <coordinates>-96.7587,32.7186,120.41795468550221 -96.7587,32.7186,148.31795468550223 -96.75890000000001,32.7183,148.31795468550223 -96.75890000000001,32.7183,120.41795468550221</coordinates>
                      </LinearRing>
                    </outerBoundaryIs>
                  </Polygon>
                </MultiGeometry>
              </Placemark>
            </Folder>
          </Folder>
          <Folder>
            <name>E12: uss1_dss astm.f3548.v21.dss.queryOperationalIntentReferences</name>
            <Placemark>
              <name>area_of_interest</name>
              <styleUrl>#QueryArea</styleUrl>
              <description><![CDATA[<ul><li>uss1's Accepted d062e84e-f315-4170-b4e7-9cfc2d4b1dbb[1]</li></ul>]]></description>
              <TimeSpan>
                <begin>2026-05-21T14:56:20.717107+00:00</begin>
                <end>2026-05-21T15:41:21.717107+00:00</end>
              </TimeSpan>
              <MultiGeometry>
                <Polygon>
                  <altitudeMode>absolute</altitudeMode>
                  <outerBoundaryIs>
                    <LinearRing>
                      <coordinates>-96.75890000000001,32.71785,120.41797214313817 -96.75890000000001,32.7186,120.41797214313817 -96.7585,32.7186,120.41797214313817 -96.7585,32.71785,120.41797214313817</coordinates>
                    </LinearRing>
                  </outerBoundaryIs>
                </Polygon>
                <Polygon>
                  <altitudeMode>absolute</altitudeMode>
                  <outerBoundaryIs>
                    <LinearRing>
                      <coordinates>-96.75890000000001,32.71785,148.31797214313818 -96.75890000000001,32.7186,148.31797214313818 -96.7585,32.7186,148.31797214313818 -96.7585,32.71785,148.31797214313818</coordinates>
                    </LinearRing>
                  </outerBoundaryIs>
                </Polygon>
                <Polygon>
                  <altitudeMode>absolute</altitudeMode>
                  <outerBoundaryIs>
                    <LinearRing>
                      <coordinates>-96.75890000000001,32.71785,120.41797214313817 -96.75890000000001,32.71785,148.31797214313818 -96.75890000000001,32.7186,148.31797214313818 -96.75890000000001,32.7186,120.41797214313817</coordinates>
                    </LinearRing>
                  </outerBoundaryIs>
                </Polygon>
                <Polygon>
                  <altitudeMode>absolute</altitudeMode>
                  <outerBoundaryIs>
                    <LinearRing>
                      <coordinates>-96.75890000000001,32.7186,120.41797214313817 -96.75890000000001,32.7186,148.31797214313818 -96.7585,32.7186,148.31797214313818 -96.7585,32.7186,120.41797214313817</coordinates>
                    </LinearRing>
                  </outerBoundaryIs>
                </Polygon>
                <Polygon>
                  <altitudeMode>absolute</altitudeMode>
                  <outerBoundaryIs>
                    <LinearRing>
                      <coordinates>-96.7585,32.7186,120.41797214313817 -96.7585,32.7186,148.31797214313818 -96.7585,32.71785,148.31797214313818 -96.7585,32.71785,120.41797214313817</coordinates>
                    </LinearRing>
                  </outerBoundaryIs>
                </Polygon>
                <Polygon>
                  <altitudeMode>absolute</altitudeMode>
                  <outerBoundaryIs>
                    <LinearRing>
                      <coordinates>-96.7585,32.71785,120.41797214313817 -96.7585,32.71785,148.31797214313818 -96.75890000000001,32.71785,148.31797214313818 -96.75890000000001,32.71785,120.41797214313817</coordinates>
                    </LinearRing>
                  </outerBoundaryIs>
                </Polygon>
              </MultiGeometry>
            </Placemark>
          </Folder>
          <Folder>
            <name>E16: uss1_core astm.f3548.v21.uss.getOperationalIntentDetails</name>
            <Folder>
              <name>uss1's P0 Accepted d062e84e-f315-4170-b4e7-9cfc2d4b1dbb[1] @ 4CMVSfGjzwJexKHybRxLKfPs264E8sb2kwSPf1cv8gM_</name>
              <Placemark>
                <name>Nominal volume 0</name>
                <styleUrl>#F3548v21Accepted</styleUrl>
                <TimeSpan>
                  <begin>2026-05-21T14:56:21.749412+00:00</begin>
                  <end>2026-05-21T15:41:21.717107+00:00</end>
                </TimeSpan>
                <MultiGeometry>
                  <Polygon>
                    <altitudeMode>absolute</altitudeMode>
                    <outerBoundaryIs>
                      <LinearRing>
                        <coordinates>-96.75890000000001,32.7183,120.41795468550221 -96.7587,32.71785,120.41795468550221 -96.7585,32.71825,120.41795468550221 -96.7587,32.7186,120.41795468550221</coordinates>
                      </LinearRing>
                    </outerBoundaryIs>
                  </Polygon>
                  <Polygon>
                    <altitudeMode>absolute</altitudeMode>
                    <outerBoundaryIs>
                      <LinearRing>
                        <coordinates>-96.75890000000001,32.7183,148.31795468550223 -96.7587,32.71785,148.31795468550223 -96.7585,32.71825,148.31795468550223 -96.7587,32.7186,148.31795468550223</coordinates>
                      </LinearRing>
                    </outerBoundaryIs>
                  </Polygon>
                  <Polygon>
                    <altitudeMode>absolute</altitudeMode>
                    <outerBoundaryIs>
                      <LinearRing>
                        <coordinates>-96.75890000000001,32.7183,120.41795468550221 -96.75890000000001,32.7183,148.31795468550223 -96.7587,32.71785,148.31795468550223 -96.7587,32.71785,120.41795468550221</coordinates>
                      </LinearRing>
                    </outerBoundaryIs>
                  </Polygon>
                  <Polygon>
                    <altitudeMode>absolute</altitudeMode>
                    <outerBoundaryIs>
                      <LinearRing>
                        <coordinates>-96.7587,32.71785,120.41795468550221 -96.7587,32.71785,148.31795468550223 -96.7585,32.71825,148.31795468550223 -96.7585,32.71825,120.41795468550221</coordinates>
                      </LinearRing>
                    </outerBoundaryIs>
                  </Polygon>
                  <Polygon>
                    <altitudeMode>absolute</altitudeMode>
                    <outerBoundaryIs>
                      <LinearRing>
                        <coordinates>-96.7585,32.71825,120.41795468550221 -96.7585,32.71825,148.31795468550223 -96.7587,32.7186,148.31795468550223 -96.7587,32.7186,120.41795468550221</coordinates>
                      </LinearRing>
                    </outerBoundaryIs>
                  </Polygon>
                  <Polygon>
                    <altitudeMode>absolute</altitudeMode>
                    <outerBoundaryIs>
                      <LinearRing>
                        <coordinates>-96.7587,32.7186,120.41795468550221 -96.7587,32.7186,148.31795468550223 -96.75890000000001,32.7183,148.31795468550223 -96.75890000000001,32.7183,120.41795468550221</coordinates>
                      </LinearRing>
                    </outerBoundaryIs>
                  </Polygon>
                </MultiGeometry>
              </Placemark>
            </Folder>
          </Folder>
        </Folder>
        <Folder>
          <name>Activate Flight 2</name>
          <Folder>
            <name>E25: uss1_dss astm.f3548.v21.dss.queryOperationalIntentReferences</name>
            <Placemark>
              <name>area_of_interest</name>
              <styleUrl>#QueryArea</styleUrl>
              <description><![CDATA[<ul><li>uss1's Accepted d062e84e-f315-4170-b4e7-9cfc2d4b1dbb[1]</li></ul>]]></description>
              <TimeSpan>
                <begin>2026-05-21T14:56:20.897050+00:00</begin>
                <end>2026-05-21T15:41:21.897050+00:00</end>
              </TimeSpan>
              <MultiGeometry>
                <Polygon>
                  <altitudeMode>absolute</altitudeMode>
                  <outerBoundaryIs>
                    <LinearRing>
                      <coordinates>-96.75890000000001,32.71785,120.42797214313818 -96.75890000000001,32.7186,120.42797214313818 -96.7585,32.7186,120.42797214313818 -96.7585,32.71785,120.42797214313818</coordinates>
                    </LinearRing>
                  </outerBoundaryIs>
                </Polygon>
                <Polygon>
                  <altitudeMode>absolute</altitudeMode>
                  <outerBoundaryIs>
                    <LinearRing>
                      <coordinates>-96.75890000000001,32.71785,148.31797214313818 -96.75890000000001,32.7186,148.31797214313818 -96.7585,32.7186,148.31797214313818 -96.7585,32.71785,148.31797214313818</coordinates>
                    </LinearRing>
                  </outerBoundaryIs>
                </Polygon>
                <Polygon>
                  <altitudeMode>absolute</altitudeMode>
                  <outerBoundaryIs>
                    <LinearRing>
                      <coordinates>-96.75890000000001,32.71785,120.42797214313818 -96.75890000000001,32.71785,148.31797214313818 -96.75890000000001,32.7186,148.31797214313818 -96.75890000000001,32.7186,120.42797214313818</coordinates>
                    </LinearRing>
                  </outerBoundaryIs>
                </Polygon>
                <Polygon>
                  <altitudeMode>absolute</altitudeMode>
                  <outerBoundaryIs>
                    <LinearRing>
                      <coordinates>-96.75890000000001,32.7186,120.42797214313818 -96.75890000000001,32.7186,148.31797214313818 -96.7585,32.7186,148.31797214313818 -96.7585,32.7186,120.42797214313818</coordinates>
                    </LinearRing>
                  </outerBoundaryIs>
                </Polygon>
                <Polygon>
                  <altitudeMode>absolute</altitudeMode>
                  <outerBoundaryIs>
                    <LinearRing>
                      <coordinates>-96.7585,32.7186,120.42797214313818 -96.7585,32.7186,148.31797214313818 -96.7585,32.71785,148.31797214313818 -96.7585,32.71785,120.42797214313818</coordinates>
                    </LinearRing>
                  </outerBoundaryIs>
                </Polygon>
                <Polygon>
                  <altitudeMode>absolute</altitudeMode>
                  <outerBoundaryIs>
                    <LinearRing>
                      <coordinates>-96.7585,32.71785,120.42797214313818 -96.7585,32.71785,148.31797214313818 -96.75890000000001,32.71785,148.31797214313818 -96.75890000000001,32.71785,120.42797214313818</coordinates>
                    </LinearRing>
                  </outerBoundaryIs>
                </Polygon>
              </MultiGeometry>
            </Placemark>
          </Folder>
          <Folder>
            <name>E27: uss1_core interuss.automated_testing.flight_planning.v1.UpsertFlightPlan</name>
            <Folder>
              <name>Activity Completed, flight OkToFly</name>
              <Placemark>
                <name>Volume 0</name>
                <styleUrl>#InUse_Nominal</styleUrl>
                <TimeSpan>
                  <begin>2026-05-21T14:56:20.897050+00:00</begin>
                  <end>2026-05-21T15:41:21.897050+00:00</end>
                </TimeSpan>
                <MultiGeometry>
                  <Polygon>
                    <altitudeMode>absolute</altitudeMode>
                    <outerBoundaryIs>
                      <LinearRing>
                        <coordinates>-96.75890000000001,32.7183,120.42795468550221 -96.7587,32.71785,120.42795468550221 -96.7585,32.71825,120.42795468550221 -96.7587,32.7186,120.42795468550221</coordinates>
                      </LinearRing>
                    </outerBoundaryIs>
                  </Polygon>
                  <Polygon>
                    <altitudeMode>absolute</altitudeMode>
                    <outerBoundaryIs>
                      <LinearRing>
                        <coordinates>-96.75890000000001,32.7183,148.31795468550223 -96.7587,32.71785,148.31795468550223 -96.7585,32.71825,148.31795468550223 -96.7587,32.7186,148.31795468550223</coordinates>
                      </LinearRing>
                    </outerBoundaryIs>
                  </Polygon>
                  <Polygon>
                    <altitudeMode>absolute</altitudeMode>
                    <outerBoundaryIs>
                      <LinearRing>
                        <coordinates>-96.75890000000001,32.7183,120.42795468550221 -96.75890000000001,32.7183,148.31795468550223 -96.7587,32.71785,148.31795468550223 -96.7587,32.71785,120.42795468550221</coordinates>
                      </LinearRing>
                    </outerBoundaryIs>
                  </Polygon>
                  <Polygon>
                    <altitudeMode>absolute</altitudeMode>
                    <outerBoundaryIs>
                      <LinearRing>
                        <coordinates>-96.7587,32.71785,120.42795468550221 -96.7587,32.71785,148.31795468550223 -96.7585,32.71825,148.31795468550223 -96.7585,32.71825,120.42795468550221</coordinates>
                      </LinearRing>
                    </outerBoundaryIs>
                  </Polygon>
                  <Polygon>
                    <altitudeMode>absolute</altitudeMode>
                    <outerBoundaryIs>
                      <LinearRing>
                        <coordinates>-96.7585,32.71825,120.42795468550221 -96.7585,32.71825,148.31795468550223 -96.7587,32.7186,148.31795468550223 -96.7587,32.7186,120.42795468550221</coordinates>
                      </LinearRing>
                    </outerBoundaryIs>
                  </Polygon>
                  <Polygon>
                    <altitudeMode>absolute</altitudeMode>
                    <outerBoundaryIs>
                      <LinearRing>
                        <coordinates>-96.7587,32.7186,120.42795468550221 -96.7587,32.7186,148.31795468550223 -96.75890000000001,32.7183,148.31795468550223 -96.75890000000001,32.7183,120.42795468550221</coordinates>
                      </LinearRing>
                    </outerBoundaryIs>
                  </Polygon>
                </MultiGeometry>
              </Placemark>
            </Folder>
          </Folder>
          <Folder>
            <name>E31: uss1_dss astm.f3548.v21.dss.queryOperationalIntentReferences</name>
            <Placemark>
              <name>area_of_interest</name>
              <styleUrl>#QueryArea</styleUrl>
              <description><![CDATA[<ul><li>uss1's Activated d062e84e-f315-4170-b4e7-9cfc2d4b1dbb[2]</li></ul>]]></description>
              <TimeSpan>
                <begin>2026-05-21T14:56:20.897050+00:00</begin>
                <end>2026-05-21T15:41:21.897050+00:00</end>
              </TimeSpan>
              <MultiGeometry>
                <Polygon>
                  <altitudeMode>absolute</altitudeMode>
                  <outerBoundaryIs>
                    <LinearRing>
                      <coordinates>-96.75890000000001,32.71785,120.42797214313818 -96.75890000000001,32.7186,120.42797214313818 -96.7585,32.7186,120.42797214313818 -96.7585,32.71785,120.42797214313818</coordinates>
                    </LinearRing>
                  </outerBoundaryIs>
                </Polygon>
                <Polygon>
                  <altitudeMode>absolute</altitudeMode>
                  <outerBoundaryIs>
                    <LinearRing>
                      <coordinates>-96.75890000000001,32.71785,148.31797214313818 -96.75890000000001,32.7186,148.31797214313818 -96.7585,32.7186,148.31797214313818 -96.7585,32.71785,148.31797214313818</coordinates>
                    </LinearRing>
                  </outerBoundaryIs>
                </Polygon>
                <Polygon>
                  <altitudeMode>absolute</altitudeMode>
                  <outerBoundaryIs>
                    <LinearRing>
                      <coordinates>-96.75890000000001,32.71785,120.42797214313818 -96.75890000000001,32.71785,148.31797214313818 -96.75890000000001,32.7186,148.31797214313818 -96.75890000000001,32.7186,120.42797214313818</coordinates>
                    </LinearRing>
                  </outerBoundaryIs>
                </Polygon>
                <Polygon>
                  <altitudeMode>absolute</altitudeMode>
                  <outerBoundaryIs>
                    <LinearRing>
                      <coordinates>-96.75890000000001,32.7186,120.42797214313818 -96.75890000000001,32.7186,148.31797214313818 -96.7585,32.7186,148.31797214313818 -96.7585,32.7186,120.42797214313818</coordinates>
                    </LinearRing>
                  </outerBoundaryIs>
                </Polygon>
                <Polygon>
                  <altitudeMode>absolute</altitudeMode>
                  <outerBoundaryIs>
                    <LinearRing>
                      <coordinates>-96.7585,32.7186,120.42797214313818 -96.7585,32.7186,148.31797214313818 -96.7585,32.71785,148.31797214313818 -96.7585,32.71785,120.42797214313818</coordinates>
                    </LinearRing>
                  </outerBoundaryIs>
                </Polygon>
                <Polygon>
                  <altitudeMode>absolute</altitudeMode>
                  <outerBoundaryIs>
                    <LinearRing>
                      <coordinates>-96.7585,32.71785,120.42797214313818 -96.7585,32.71785,148.31797214313818 -96.75890000000001,32.71785,148.31797214313818 -96.75890000000001,32.71785,120.42797214313818</coordinates>
                    </LinearRing>
                  </outerBoundaryIs>
                </Polygon>
              </MultiGeometry>
            </Placemark>
          </Folder>
          <Folder>
            <name>E36: uss1_core astm.f3548.v21.uss.getOperationalIntentDetails</name>
            <Folder>
              <name>uss1's P0 Activated d062e84e-f315-4170-b4e7-9cfc2d4b1dbb[2] @ j0JWwV1GCibJgGoji6W7q9EeDaBDop8MEAgpLCHU0bk_</name>
              <Placemark>
                <name>Nominal volume 0</name>
                <styleUrl>#F3548v21Activated</styleUrl>
                <TimeSpan>
                  <begin>2026-05-21T14:56:21.934265+00:00</begin>
                  <end>2026-05-21T15:41:21.897050+00:00</end>
                </TimeSpan>
                <MultiGeometry>
                  <Polygon>
                    <altitudeMode>absolute</altitudeMode>
                    <outerBoundaryIs>
                      <LinearRing>
                        <coordinates>-96.75890000000001,32.7183,120.42795468550221 -96.7587,32.71785,120.42795468550221 -96.7585,32.71825,120.42795468550221 -96.7587,32.7186,120.42795468550221</coordinates>
                      </LinearRing>
                    </outerBoundaryIs>
                  </Polygon>
                  <Polygon>
                    <altitudeMode>absolute</altitudeMode>
                    <outerBoundaryIs>
                      <LinearRing>
                        <coordinates>-96.75890000000001,32.7183,148.31795468550223 -96.7587,32.71785,148.31795468550223 -96.7585,32.71825,148.31795468550223 -96.7587,32.7186,148.31795468550223</coordinates>
                      </LinearRing>
                    </outerBoundaryIs>
                  </Polygon>
                  <Polygon>
                    <altitudeMode>absolute</altitudeMode>
                    <outerBoundaryIs>
                      <LinearRing>
                        <coordinates>-96.75890000000001,32.7183,120.42795468550221 -96.75890000000001,32.7183,148.31795468550223 -96.7587,32.71785,148.31795468550223 -96.7587,32.71785,120.42795468550221</coordinates>
                      </LinearRing>
                    </outerBoundaryIs>
                  </Polygon>
                  <Polygon>
                    <altitudeMode>absolute</altitudeMode>
                    <outerBoundaryIs>
                      <LinearRing>
                        <coordinates>-96.7587,32.71785,120.42795468550221 -96.7587,32.71785,148.31795468550223 -96.7585,32.71825,148.31795468550223 -96.7585,32.71825,120.42795468550221</coordinates>
                      </LinearRing>
                    </outerBoundaryIs>
                  </Polygon>
                  <Polygon>
                    <altitudeMode>absolute</altitudeMode>
                    <outerBoundaryIs>
                      <LinearRing>
                        <coordinates>-96.7585,32.71825,120.42795468550221 -96.7585,32.71825,148.31795468550223 -96.7587,32.7186,148.31795468550223 -96.7587,32.7186,120.42795468550221</coordinates>
                      </LinearRing>
                    </outerBoundaryIs>
                  </Polygon>
                  <Polygon>
                    <altitudeMode>absolute</altitudeMode>
                    <outerBoundaryIs>
                      <LinearRing>
                        <coordinates>-96.7587,32.7186,120.42795468550221 -96.7587,32.7186,148.31795468550223 -96.75890000000001,32.7183,148.31795468550223 -96.75890000000001,32.7183,120.42795468550221</coordinates>
                      </LinearRing>
                    </outerBoundaryIs>
                  </Polygon>
                </MultiGeometry>
              </Placemark>
            </Folder>
          </Folder>
        </Folder>
        <Folder>
          <name>Attempt to plan Flight 1</name>
          <Folder>
            <name>E45: uss1_dss astm.f3548.v21.dss.queryOperationalIntentReferences</name>
            <Placemark>
              <name>area_of_interest</name>
              <styleUrl>#QueryArea</styleUrl>
              <description><![CDATA[<ul><li>uss1's Activated d062e84e-f315-4170-b4e7-9cfc2d4b1dbb[2]</li></ul>]]></description>
              <TimeSpan>
                <begin>2026-05-21T14:56:21.101582+00:00</begin>
                <end>2026-05-21T15:41:22.101582+00:00</end>
              </TimeSpan>
              <MultiGeometry>
                <Polygon>
                  <altitudeMode>absolute</altitudeMode>
                  <outerBoundaryIs>
                    <LinearRing>
                      <coordinates>-96.75885000000001,32.71785,120.32754426941844 -96.75885000000001,32.7182,120.32754426941844 -96.75815,32.7182,120.32754426941844 -96.75815,32.71785,120.32754426941844</coordinates>
                    </LinearRing>
                  </outerBoundaryIs>
                </Polygon>
                <Polygon>
                  <altitudeMode>absolute</altitudeMode>
                  <outerBoundaryIs>
                    <LinearRing>
                      <coordinates>-96.75885000000001,32.71785,150.31754426941842 -96.75885000000001,32.7182,150.31754426941842 -96.75815,32.7182,150.31754426941842 -96.75815,32.71785,150.31754426941842</coordinates>
                    </LinearRing>
                  </outerBoundaryIs>
                </Polygon>
                <Polygon>
                  <altitudeMode>absolute</altitudeMode>
                  <outerBoundaryIs>
                    <LinearRing>
                      <coordinates>-96.75885000000001,32.71785,120.32754426941844 -96.75885000000001,32.71785,150.31754426941842 -96.75885000000001,32.7182,150.31754426941842 -96.75885000000001,32.7182,120.32754426941844</coordinates>
                    </LinearRing>
                  </outerBoundaryIs>
                </Polygon>
                <Polygon>
                  <altitudeMode>absolute</altitudeMode>
                  <outerBoundaryIs>
                    <LinearRing>
                      <coordinates>-96.75885000000001,32.7182,120.32754426941844 -96.75885000000001,32.7182,150.31754426941842 -96.75815,32.7182,150.31754426941842 -96.75815,32.7182,120.32754426941844</coordinates>
                    </LinearRing>
                  </outerBoundaryIs>
                </Polygon>
                <Polygon>
                  <altitudeMode>absolute</altitudeMode>
                  <outerBoundaryIs>
                    <LinearRing>
                      <coordinates>-96.75815,32.7182,120.32754426941844 -96.75815,32.7182,150.31754426941842 -96.75815,32.71785,150.31754426941842 -96.75815,32.71785,120.32754426941844</coordinates>
                    </LinearRing>
                  </outerBoundaryIs>
                </Polygon>
                <Polygon>
                  <altitudeMode>absolute</altitudeMode>
                  <outerBoundaryIs>
                    <LinearRing>
                      <coordinates>-96.75815,32.71785,120.32754426941844 -96.75815,32.71785,150.31754426941842 -96.75885000000001,32.71785,150.31754426941842 -96.75885000000001,32.71785,120.32754426941844</coordinates>
                    </LinearRing>
                  </outerBoundaryIs>
                </Polygon>
              </MultiGeometry>
            </Placemark>
          </Folder>
          <Folder>
            <name>E47: uss2_core interuss.automated_testing.flight_planning.v1.UpsertFlightPlan</name>
            <Folder>
              <name>Activity Rejected, flight NotPlanned</name>
              <Placemark>
                <name>Volume 0</name>
                <styleUrl>#Planned_Nominal</styleUrl>
                <TimeSpan>
                  <begin>2026-05-21T14:56:21.101582+00:00</begin>
                  <end>2026-05-21T15:41:22.101582+00:00</end>
                </TimeSpan>
                <MultiGeometry>
                  <Polygon>
                    <altitudeMode>absolute</altitudeMode>
                    <outerBoundaryIs>
                      <LinearRing>
                        <coordinates>-96.75885000000001,32.7179,120.3275710140941 -96.75885000000001,32.7182,120.3275710140941 -96.7582,32.7182,120.3275710140941 -96.75815,32.71785,120.3275710140941</coordinates>
                      </LinearRing>
                    </outerBoundaryIs>
                  </Polygon>
                  <Polygon>
                    <altitudeMode>absolute</altitudeMode>
                    <outerBoundaryIs>
                      <LinearRing>
                        <coordinates>-96.75885000000001,32.7179,150.31757101409409 -96.75885000000001,32.7182,150.31757101409409 -96.7582,32.7182,150.31757101409409 -96.75815,32.71785,150.31757101409409</coordinates>
                      </LinearRing>
                    </outerBoundaryIs>
                  </Polygon>
                  <Polygon>
                    <altitudeMode>absolute</altitudeMode>
                    <outerBoundaryIs>
                      <LinearRing>
                        <coordinates>-96.75885000000001,32.7179,120.3275710140941 -96.75885000000001,32.7179,150.31757101409409 -96.75885000000001,32.7182,150.31757101409409 -96.75885000000001,32.7182,120.3275710140941</coordinates>
                      </LinearRing>
                    </outerBoundaryIs>
                  </Polygon>
                  <Polygon>
                    <altitudeMode>absolute</altitudeMode>
                    <outerBoundaryIs>
                      <LinearRing>
                        <coordinates>-96.75885000000001,32.7182,120.3275710140941 -96.75885000000001,32.7182,150.31757101409409 -96.7582,32.7182,150.31757101409409 -96.7582,32.7182,120.3275710140941</coordinates>
                      </LinearRing>
                    </outerBoundaryIs>
                  </Polygon>
                  <Polygon>
                    <altitudeMode>absolute</altitudeMode>
                    <outerBoundaryIs>
                      <LinearRing>
                        <coordinates>-96.7582,32.7182,120.3275710140941 -96.7582,32.7182,150.31757101409409 -96.75815,32.71785,150.31757101409409 -96.75815,32.71785,120.3275710140941</coordinates>
                      </LinearRing>
                    </outerBoundaryIs>
                  </Polygon>
                  <Polygon>
                    <altitudeMode>absolute</altitudeMode>
                    <outerBoundaryIs>
                      <LinearRing>
                        <coordinates>-96.75815,32.71785,120.3275710140941 -96.75815,32.71785,150.31757101409409 -96.75885000000001,32.7179,150.31757101409409 -96.75885000000001,32.7179,120.3275710140941</coordinates>
                      </LinearRing>
                    </outerBoundaryIs>
                  </Polygon>
                </MultiGeometry>
              </Placemark>
            </Folder>
          </Folder>
          <Folder>
            <name>E50: uss1_dss astm.f3548.v21.dss.queryOperationalIntentReferences</name>
            <Placemark>
              <name>area_of_interest</name>
              <styleUrl>#QueryArea</styleUrl>
              <description><![CDATA[<ul><li>uss1's Activated d062e84e-f315-4170-b4e7-9cfc2d4b1dbb[2]</li></ul>]]></description>
              <TimeSpan>
                <begin>2026-05-21T14:56:21.101582+00:00</begin>
                <end>2026-05-21T15:41:22.101582+00:00</end>
              </TimeSpan>
              <MultiGeometry>
                <Polygon>
                  <altitudeMode>absolute</altitudeMode>
                  <outerBoundaryIs>
                    <LinearRing>
                      <coordinates>-96.75885000000001,32.71785,120.32754426941844 -96.75885000000001,32.7182,120.32754426941844 -96.75815,32.7182,120.32754426941844 -96.75815,32.71785,120.32754426941844</coordinates>
                    </LinearRing>
                  </outerBoundaryIs>
                </Polygon>
                <Polygon>
                  <altitudeMode>absolute</altitudeMode>
                  <outerBoundaryIs>
                    <LinearRing>
                      <coordinates>-96.75885000000001,32.71785,150.31754426941842 -96.75885000000001,32.7182,150.31754426941842 -96.75815,32.7182,150.31754426941842 -96.75815,32.71785,150.31754426941842</coordinates>
                    </LinearRing>
                  </outerBoundaryIs>
                </Polygon>
                <Polygon>
                  <altitudeMode>absolute</altitudeMode>
                  <outerBoundaryIs>
                    <LinearRing>
                      <coordinates>-96.75885000000001,32.71785,120.32754426941844 -96.75885000000001,32.71785,150.31754426941842 -96.75885000000001,32.7182,150.31754426941842 -96.75885000000001,32.7182,120.32754426941844</coordinates>
                    </LinearRing>
                  </outerBoundaryIs>
                </Polygon>
                <Polygon>
                  <altitudeMode>absolute</altitudeMode>
                  <outerBoundaryIs>
                    <LinearRing>
                      <coordinates>-96.75885000000001,32.7182,120.32754426941844 -96.75885000000001,32.7182,150.31754426941842 -96.75815,32.7182,150.31754426941842 -96.75815,32.7182,120.32754426941844</coordinates>
                    </LinearRing>
                  </outerBoundaryIs>
                </Polygon>
                <Polygon>
                  <altitudeMode>absolute</altitudeMode>
                  <outerBoundaryIs>
                    <LinearRing>
                      <coordinates>-96.75815,32.7182,120.32754426941844 -96.75815,32.7182,150.31754426941842 -96.75815,32.71785,150.31754426941842 -96.75815,32.71785,120.32754426941844</coordinates>
                    </LinearRing>
                  </outerBoundaryIs>
                </Polygon>
                <Polygon>
                  <altitudeMode>absolute</altitudeMode>
                  <outerBoundaryIs>
                    <LinearRing>
                      <coordinates>-96.75815,32.71785,120.32754426941844 -96.75815,32.71785,150.31754426941842 -96.75885000000001,32.71785,150.31754426941842 -96.75885000000001,32.71785,120.32754426941844</coordinates>
                    </LinearRing>
                  </outerBoundaryIs>
                </Polygon>
              </MultiGeometry>
            </Placemark>
          </Folder>
        </Folder>
      </Folder>
      <Folder>
        <name>Attempt to activate flight into conflict</name>
        <Folder>
          <name>Attempt to directly activate conflicting Flight 1</name>
          <Folder>
            <name>E53: uss1_dss astm.f3548.v21.dss.queryOperationalIntentReferences</name>
            <Placemark>
              <name>area_of_interest</name>
              <styleUrl>#QueryArea</styleUrl>
              <description><![CDATA[<ul><li>uss1's Activated d062e84e-f315-4170-b4e7-9cfc2d4b1dbb[2]</li></ul>]]></description>
              <TimeSpan>
                <begin>2026-05-21T14:56:21.206758+00:00</begin>
                <end>2026-05-21T15:41:22.206758+00:00</end>
              </TimeSpan>
              <MultiGeometry>
                <Polygon>
                  <altitudeMode>absolute</altitudeMode>
                  <outerBoundaryIs>
                    <LinearRing>
                      <coordinates>-96.75885000000001,32.71785,120.33754426941843 -96.75885000000001,32.7182,120.33754426941843 -96.75815,32.7182,120.33754426941843 -96.75815,32.71785,120.33754426941843</coordinates>
                    </LinearRing>
                  </outerBoundaryIs>
                </Polygon>
                <Polygon>
                  <altitudeMode>absolute</altitudeMode>
                  <outerBoundaryIs>
                    <LinearRing>
                      <coordinates>-96.75885000000001,32.71785,150.31754426941842 -96.75885000000001,32.7182,150.31754426941842 -96.75815,32.7182,150.31754426941842 -96.75815,32.71785,150.31754426941842</coordinates>
                    </LinearRing>
                  </outerBoundaryIs>
                </Polygon>
                <Polygon>
                  <altitudeMode>absolute</altitudeMode>
                  <outerBoundaryIs>
                    <LinearRing>
                      <coordinates>-96.75885000000001,32.71785,120.33754426941843 -96.75885000000001,32.71785,150.31754426941842 -96.75885000000001,32.7182,150.31754426941842 -96.75885000000001,32.7182,120.33754426941843</coordinates>
                    </LinearRing>
                  </outerBoundaryIs>
                </Polygon>
                <Polygon>
                  <altitudeMode>absolute</altitudeMode>
                  <outerBoundaryIs>
                    <LinearRing>
                      <coordinates>-96.75885000000001,32.7182,120.33754426941843 -96.75885000000001,32.7182,150.31754426941842 -96.75815,32.7182,150.31754426941842 -96.75815,32.7182,120.33754426941843</coordinates>
                    </LinearRing>
                  </outerBoundaryIs>
                </Polygon>
                <Polygon>
                  <altitudeMode>absolute</altitudeMode>
                  <outerBoundaryIs>
                    <LinearRing>
                      <coordinates>-96.75815,32.7182,120.33754426941843 -96.75815,32.7182,150.31754426941842 -96.75815,32.71785,150.31754426941842 -96.75815,32.71785,120.33754426941843</coordinates>
                    </LinearRing>
                  </outerBoundaryIs>
                </Polygon>
                <Polygon>
                  <altitudeMode>absolute</altitudeMode>
                  <outerBoundaryIs>
                    <LinearRing>
                      <coordinates>-96.75815,32.71785,120.33754426941843 -96.75815,32.71785,150.31754426941842 -96.75885000000001,32.71785,150.31754426941842 -96.75885000000001,32.71785,120.33754426941843</coordinates>
                    </LinearRing>
                  </outerBoundaryIs>
                </Polygon>
              </MultiGeometry>
            </Placemark>
          </Folder>
          <Folder>
            <name>E55: uss2_core interuss.automated_testing.flight_planning.v1.UpsertFlightPlan</name>
            <Folder>
              <name>Activity Rejected, flight NotPlanned</name>
              <Placemark>
                <name>Volume 0</name>
                <styleUrl>#InUse_Nominal</styleUrl>
                <TimeSpan>
                  <begin>2026-05-21T14:56:21.206758+00:00</begin>
                  <end>2026-05-21T15:41:22.206758+00:00</end>
                </TimeSpan>
                <MultiGeometry>
                  <Polygon>
                    <altitudeMode>absolute</altitudeMode>
                    <outerBoundaryIs>
                      <LinearRing>
                        <coordinates>-96.75885000000001,32.7179,120.3375710140941 -96.75885000000001,32.7182,120.3375710140941 -96.7582,32.7182,120.3375710140941 -96.75815,32.71785,120.3375710140941</coordinates>
                      </LinearRing>
                    </outerBoundaryIs>
                  </Polygon>
                  <Polygon>
                    <altitudeMode>absolute</altitudeMode>
                    <outerBoundaryIs>
                      <LinearRing>
                        <coordinates>-96.75885000000001,32.7179,150.31757101409409 -96.75885000000001,32.7182,150.31757101409409 -96.7582,32.7182,150.31757101409409 -96.75815,32.71785,150.31757101409409</coordinates>
                      </LinearRing>
                    </outerBoundaryIs>
                  </Polygon>
                  <Polygon>
                    <altitudeMode>absolute</altitudeMode>
                    <outerBoundaryIs>
                      <LinearRing>
                        <coordinates>-96.75885000000001,32.7179,120.3375710140941 -96.75885000000001,32.7179,150.31757101409409 -96.75885000000001,32.7182,150.31757101409409 -96.75885000000001,32.7182,120.3375710140941</coordinates>
                      </LinearRing>
                    </outerBoundaryIs>
                  </Polygon>
                  <Polygon>
                    <altitudeMode>absolute</altitudeMode>
                    <outerBoundaryIs>
                      <LinearRing>
                        <coordinates>-96.75885000000001,32.7182,120.3375710140941 -96.75885000000001,32.7182,150.31757101409409 -96.7582,32.7182,150.31757101409409 -96.7582,32.7182,120.3375710140941</coordinates>
                      </LinearRing>
                    </outerBoundaryIs>
                  </Polygon>
                  <Polygon>
                    <altitudeMode>absolute</altitudeMode>
                    <outerBoundaryIs>
                      <LinearRing>
                        <coordinates>-96.7582,32.7182,120.3375710140941 -96.7582,32.7182,150.31757101409409 -96.75815,32.71785,150.31757101409409 -96.75815,32.71785,120.3375710140941</coordinates>
                      </LinearRing>
                    </outerBoundaryIs>
                  </Polygon>
                  <Polygon>
                    <altitudeMode>absolute</altitudeMode>
                    <outerBoundaryIs>
                      <LinearRing>
                        <coordinates>-96.75815,32.71785,120.3375710140941 -96.75815,32.71785,150.31757101409409 -96.75885000000001,32.7179,150.31757101409409 -96.75885000000001,32.7179,120.3375710140941</coordinates>
                      </LinearRing>
                    </outerBoundaryIs>
                  </Polygon>
                </MultiGeometry>
              </Placemark>
            </Folder>
          </Folder>
          <Folder>
            <name>E58: uss1_dss astm.f3548.v21.dss.queryOperationalIntentReferences</name>
            <Placemark>
              <name>area_of_interest</name>
              <styleUrl>#QueryArea</styleUrl>
              <description><![CDATA[<ul><li>uss1's Activated d062e84e-f315-4170-b4e7-9cfc2d4b1dbb[2]</li></ul>]]></description>
              <TimeSpan>
                <begin>2026-05-21T14:56:21.206758+00:00</begin>
                <end>2026-05-21T15:41:22.206758+00:00</end>
              </TimeSpan>
              <MultiGeometry>
                <Polygon>
                  <altitudeMode>absolute</altitudeMode>
                  <outerBoundaryIs>
                    <LinearRing>
                      <coordinates>-96.75885000000001,32.71785,120.33754426941843 -96.75885000000001,32.7182,120.33754426941843 -96.75815,32.7182,120.33754426941843 -96.75815,32.71785,120.33754426941843</coordinates>
                    </LinearRing>
                  </outerBoundaryIs>
                </Polygon>
                <Polygon>
                  <altitudeMode>absolute</altitudeMode>
                  <outerBoundaryIs>
                    <LinearRing>
                      <coordinates>-96.75885000000001,32.71785,150.31754426941842 -96.75885000000001,32.7182,150.31754426941842 -96.75815,32.7182,150.31754426941842 -96.75815,32.71785,150.31754426941842</coordinates>
                    </LinearRing>
                  </outerBoundaryIs>
                </Polygon>
                <Polygon>
                  <altitudeMode>absolute</altitudeMode>
                  <outerBoundaryIs>
                    <LinearRing>
                      <coordinates>-96.75885000000001,32.71785,120.33754426941843 -96.75885000000001,32.71785,150.31754426941842 -96.75885000000001,32.7182,150.31754426941842 -96.75885000000001,32.7182,120.33754426941843</coordinates>
                    </LinearRing>
                  </outerBoundaryIs>
                </Polygon>
                <Polygon>
                  <altitudeMode>absolute</altitudeMode>
                  <outerBoundaryIs>
                    <LinearRing>
                      <coordinates>-96.75885000000001,32.7182,120.33754426941843 -96.75885000000001,32.7182,150.31754426941842 -96.75815,32.7182,150.31754426941842 -96.75815,32.7182,120.33754426941843</coordinates>
                    </LinearRing>
                  </outerBoundaryIs>
                </Polygon>
                <Polygon>
                  <altitudeMode>absolute</altitudeMode>
                  <outerBoundaryIs>
                    <LinearRing>
                      <coordinates>-96.75815,32.7182,120.33754426941843 -96.75815,32.7182,150.31754426941842 -96.75815,32.71785,150.31754426941842 -96.75815,32.71785,120.33754426941843</coordinates>
                    </LinearRing>
                  </outerBoundaryIs>
                </Polygon>
                <Polygon>
                  <altitudeMode>absolute</altitudeMode>
                  <outerBoundaryIs>
                    <LinearRing>
                      <coordinates>-96.75815,32.71785,120.33754426941843 -96.75815,32.71785,150.31754426941842 -96.75885000000001,32.71785,150.31754426941842 -96.75885000000001,32.71785,120.33754426941843</coordinates>
                    </LinearRing>
                  </outerBoundaryIs>
                </Polygon>
              </MultiGeometry>
            </Placemark>
          </Folder>
        </Folder>
      </Folder>
      <Folder>
        <name>Attempt to modify planned flight into conflict</name>
        <Folder>
          <name>Plan Flight 1c</name>
          <Folder>
            <name>E61: uss1_dss astm.f3548.v21.dss.queryOperationalIntentReferences</name>
            <Placemark>
              <name>area_of_interest</name>
              <styleUrl>#QueryArea</styleUrl>
              <description><![CDATA[<ul><li>uss1's Activated d062e84e-f315-4170-b4e7-9cfc2d4b1dbb[2]</li></ul>]]></description>
              <TimeSpan>
                <begin>2026-05-21T14:56:21.291318+00:00</begin>
                <end>2026-05-21T15:41:22.291318+00:00</end>
              </TimeSpan>
              <MultiGeometry>
                <Polygon>
                  <altitudeMode>absolute</altitudeMode>
                  <outerBoundaryIs>
                    <LinearRing>
                      <coordinates>-96.75840000000001,32.71785,115.27690597021038 -96.75840000000001,32.7182,115.27690597021038 -96.75815,32.7182,115.27690597021038 -96.75815,32.71785,115.27690597021038</coordinates>
                    </LinearRing>
                  </outerBoundaryIs>
                </Polygon>
                <Polygon>
                  <altitudeMode>absolute</altitudeMode>
                  <outerBoundaryIs>
                    <LinearRing>
                      <coordinates>-96.75840000000001,32.71785,155.3169059702104 -96.75840000000001,32.7182,155.3169059702104 -96.75815,32.7182,155.3169059702104 -96.75815,32.71785,155.3169059702104</coordinates>
                    </LinearRing>
                  </outerBoundaryIs>
                </Polygon>
                <Polygon>
                  <altitudeMode>absolute</altitudeMode>
                  <outerBoundaryIs>
                    <LinearRing>
                      <coordinates>-96.75840000000001,32.71785,115.27690597021038 -96.75840000000001,32.71785,155.3169059702104 -96.75840000000001,32.7182,155.3169059702104 -96.75840000000001,32.7182,115.27690597021038</coordinates>
                    </LinearRing>
                  </outerBoundaryIs>
                </Polygon>
                <Polygon>
                  <altitudeMode>absolute</altitudeMode>
                  <outerBoundaryIs>
                    <LinearRing>
                      <coordinates>-96.75840000000001,32.7182,115.27690597021038 -96.75840000000001,32.7182,155.3169059702104 -96.75815,32.7182,155.3169059702104 -96.75815,32.7182,115.27690597021038</coordinates>
                    </LinearRing>
                  </outerBoundaryIs>
                </Polygon>
                <Polygon>
                  <altitudeMode>absolute</altitudeMode>
                  <outerBoundaryIs>
                    <LinearRing>
                      <coordinates>-96.75815,32.7182,115.27690597021038 -96.75815,32.7182,155.3169059702104 -96.75815,32.71785,155.3169059702104 -96.75815,32.71785,115.27690597021038</coordinates>
                    </LinearRing>
                  </outerBoundaryIs>
                </Polygon>
                <Polygon>
                  <altitudeMode>absolute</altitudeMode>
                  <outerBoundaryIs>
                    <LinearRing>
                      <coordinates>-96.75815,32.71785,115.27690597021038 -96.75815,32.71785,155.3169059702104 -96.75840000000001,32.71785,155.3169059702104 -96.75840000000001,32.71785,115.27690597021038</coordinates>
                    </LinearRing>
                  </outerBoundaryIs>
                </Polygon>
              </MultiGeometry>
            </Placemark>
          </Folder>
          <Folder>
            <name>E63: uss2_core interuss.automated_testing.flight_planning.v1.UpsertFlightPlan</name>
            <Folder>
              <name>Activity Completed, flight Planned</name>
              <Placemark>
                <name>Volume 0</name>
                <styleUrl>#Planned_Nominal</styleUrl>
                <TimeSpan>
                  <begin>2026-05-21T14:56:21.291318+00:00</begin>
                  <end>2026-05-21T15:41:22.291318+00:00</end>
                </TimeSpan>
                <MultiGeometry>
                  <Polygon>
                    <altitudeMode>absolute</altitudeMode>
                    <outerBoundaryIs>
                      <LinearRing>
                        <coordinates>-96.75840000000001,32.7179,115.27693271084108 -96.75840000000001,32.7182,115.27693271084108 -96.7582,32.7182,115.27693271084108 -96.75815,32.71785,115.27693271084108</coordinates>
                      </LinearRing>
                    </outerBoundaryIs>
                  </Polygon>
                  <Polygon>
                    <altitudeMode>absolute</altitudeMode>
                    <outerBoundaryIs>
                      <LinearRing>
                        <coordinates>-96.75840000000001,32.7179,155.3169327108411 -96.75840000000001,32.7182,155.3169327108411 -96.7582,32.7182,155.3169327108411 -96.75815,32.71785,155.3169327108411</coordinates>
                      </LinearRing>
                    </outerBoundaryIs>
                  </Polygon>
                  <Polygon>
                    <altitudeMode>absolute</altitudeMode>
                    <outerBoundaryIs>
                      <LinearRing>
                        <coordinates>-96.75840000000001,32.7179,115.27693271084108 -96.75840000000001,32.7179,155.3169327108411 -96.75840000000001,32.7182,155.3169327108411 -96.75840000000001,32.7182,115.27693271084108</coordinates>
                      </LinearRing>
                    </outerBoundaryIs>
                  </Polygon>
                  <Polygon>
                    <altitudeMode>absolute</altitudeMode>
                    <outerBoundaryIs>
                      <LinearRing>
                        <coordinates>-96.75840000000001,32.7182,115.27693271084108 -96.75840000000001,32.7182,155.3169327108411 -96.7582,32.7182,155.3169327108411 -96.7582,32.7182,115.27693271084108</coordinates>
                      </LinearRing>
                    </outerBoundaryIs>
                  </Polygon>
                  <Polygon>
                    <altitudeMode>absolute</altitudeMode>
                    <outerBoundaryIs>
                      <LinearRing>
                        <coordinates>-96.7582,32.7182,115.27693271084108 -96.7582,32.7182,155.3169327108411 -96.75815,32.71785,155.3169327108411 -96.75815,32.71785,115.27693271084108</coordinates>
                      </LinearRing>
                    </outerBoundaryIs>
                  </Polygon>
                  <Polygon>
                    <altitudeMode>absolute</altitudeMode>
                    <outerBoundaryIs>
                      <LinearRing>
                        <coordinates>-96.75815,32.71785,115.27693271084108 -96.75815,32.71785,155.3169327108411 -96.75840000000001,32.7179,155.3169327108411 -96.75840000000001,32.7179,115.27693271084108</coordinates>
                      </LinearRing>
                    </outerBoundaryIs>
                  </Polygon>
                </MultiGeometry>
              </Placemark>
            </Folder>
          </Folder>
          <Folder>
            <name>E68: uss1_dss astm.f3548.v21.dss.queryOperationalIntentReferences</name>
            <Placemark>
              <name>area_of_interest</name>
              <styleUrl>#QueryArea</styleUrl>
              <description><![CDATA[<ul><li>uss2's Accepted cf3929e6-3ecf-406c-af9e-18418ce869d9[1]</li><li>uss1's Activated d062e84e-f315-4170-b4e7-9cfc2d4b1dbb[2]</li></ul>]]></description>
              <TimeSpan>
                <begin>2026-05-21T14:56:21.291318+00:00</begin>
                <end>2026-05-21T15:41:22.291318+00:00</end>
              </TimeSpan>
              <MultiGeometry>
                <Polygon>
                  <altitudeMode>absolute</altitudeMode>
                  <outerBoundaryIs>
                    <LinearRing>
                      <coordinates>-96.75840000000001,32.71785,115.27690597021038 -96.75840000000001,32.7182,115.27690597021038 -96.75815,32.7182,115.27690597021038 -96.75815,32.71785,115.27690597021038</coordinates>
                    </LinearRing>
                  </outerBoundaryIs>
                </Polygon>
                <Polygon>
                  <altitudeMode>absolute</altitudeMode>
                  <outerBoundaryIs>
                    <LinearRing>
                      <coordinates>-96.75840000000001,32.71785,155.3169059702104 -96.75840000000001,32.7182,155.3169059702104 -96.75815,32.7182,155.3169059702104 -96.75815,32.71785,155.3169059702104</coordinates>
                    </LinearRing>
                  </outerBoundaryIs>
                </Polygon>
                <Polygon>
                  <altitudeMode>absolute</altitudeMode>
                  <outerBoundaryIs>
                    <LinearRing>
                      <coordinates>-96.75840000000001,32.71785,115.27690597021038 -96.75840000000001,32.71785,155.3169059702104 -96.75840000000001,32.7182,155.3169059702104 -96.75840000000001,32.7182,115.27690597021038</coordinates>
                    </LinearRing>
                  </outerBoundaryIs>
                </Polygon>
                <Polygon>
                  <altitudeMode>absolute</altitudeMode>
                  <outerBoundaryIs>
                    <LinearRing>
                      <coordinates>-96.75840000000001,32.7182,115.27690597021038 -96.75840000000001,32.7182,155.3169059702104 -96.75815,32.7182,155.3169059702104 -96.75815,32.7182,115.27690597021038</coordinates>
                    </LinearRing>
                  </outerBoundaryIs>
                </Polygon>
                <Polygon>
                  <altitudeMode>absolute</altitudeMode>
                  <outerBoundaryIs>
                    <LinearRing>
                      <coordinates>-96.75815,32.7182,115.27690597021038 -96.75815,32.7182,155.3169059702104 -96.75815,32.71785,155.3169059702104 -96.75815,32.71785,115.27690597021038</coordinates>
                    </LinearRing>
                  </outerBoundaryIs>
                </Polygon>
                <Polygon>
                  <altitudeMode>absolute</altitudeMode>
                  <outerBoundaryIs>
                    <LinearRing>
                      <coordinates>-96.75815,32.71785,115.27690597021038 -96.75815,32.71785,155.3169059702104 -96.75840000000001,32.71785,155.3169059702104 -96.75840000000001,32.71785,115.27690597021038</coordinates>
                    </LinearRing>
                  </outerBoundaryIs>
                </Polygon>
              </MultiGeometry>
            </Placemark>
          </Folder>
          <Folder>
            <name>E72: uss2_core astm.f3548.v21.uss.getOperationalIntentDetails</name>
            <Folder>
              <name>uss2's P0 Accepted cf3929e6-3ecf-406c-af9e-18418ce869d9[1] @ LBUnojdhJ7UMjXV2pUKbUCWeKhb.6gtD7RCVD4KpzuI_</name>
              <Placemark>
                <name>Nominal volume 0</name>
                <styleUrl>#F3548v21Accepted</styleUrl>
                <TimeSpan>
                  <begin>2026-05-21T14:56:22.325857+00:00</begin>
                  <end>2026-05-21T15:41:22.291318+00:00</end>
                </TimeSpan>
                <MultiGeometry>
                  <Polygon>
                    <altitudeMode>absolute</altitudeMode>
                    <outerBoundaryIs>
                      <LinearRing>
                        <coordinates>-96.75840000000001,32.7179,115.27693271084108 -96.75840000000001,32.7182,115.27693271084108 -96.7582,32.7182,115.27693271084108 -96.75815,32.71785,115.27693271084108</coordinates>
                      </LinearRing>
                    </outerBoundaryIs>
                  </Polygon>
                  <Polygon>
                    <altitudeMode>absolute</altitudeMode>
                    <outerBoundaryIs>
                      <LinearRing>
                        <coordinates>-96.75840000000001,32.7179,155.3169327108411 -96.75840000000001,32.7182,155.3169327108411 -96.7582,32.7182,155.3169327108411 -96.75815,32.71785,155.3169327108411</coordinates>
                      </LinearRing>
                    </outerBoundaryIs>
                  </Polygon>
                  <Polygon>
                    <altitudeMode>absolute</altitudeMode>
                    <outerBoundaryIs>
                      <LinearRing>
                        <coordinates>-96.75840000000001,32.7179,115.27693271084108 -96.75840000000001,32.7179,155.3169327108411 -96.75840000000001,32.7182,155.3169327108411 -96.75840000000001,32.7182,115.27693271084108</coordinates>
                      </LinearRing>
                    </outerBoundaryIs>
                  </Polygon>
                  <Polygon>
                    <altitudeMode>absolute</altitudeMode>
                    <outerBoundaryIs>
                      <LinearRing>
                        <coordinates>-96.75840000000001,32.7182,115.27693271084108 -96.75840000000001,32.7182,155.3169327108411 -96.7582,32.7182,155.3169327108411 -96.7582,32.7182,115.27693271084108</coordinates>
                      </LinearRing>
                    </outerBoundaryIs>
                  </Polygon>
                  <Polygon>
                    <altitudeMode>absolute</altitudeMode>
                    <outerBoundaryIs>
                      <LinearRing>
                        <coordinates>-96.7582,32.7182,115.27693271084108 -96.7582,32.7182,155.3169327108411 -96.75815,32.71785,155.3169327108411 -96.75815,32.71785,115.27693271084108</coordinates>
                      </LinearRing>
                    </outerBoundaryIs>
                  </Polygon>
                  <Polygon>
                    <altitudeMode>absolute</altitudeMode>
                    <outerBoundaryIs>
                      <LinearRing>
                        <coordinates>-96.75815,32.71785,115.27693271084108 -96.75815,32.71785,155.3169327108411 -96.75840000000001,32.7179,155.3169327108411 -96.75840000000001,32.7179,115.27693271084108</coordinates>
                      </LinearRing>
                    </outerBoundaryIs>
                  </Polygon>
                </MultiGeometry>
              </Placemark>
            </Folder>
          </Folder>
        </Folder>
        <Folder>
          <name>Attempt to modify planned Flight 1c into conflict</name>
          <Folder>
            <name>E81: uss1_dss astm.f3548.v21.dss.queryOperationalIntentReferences</name>
            <Placemark>
              <name>area_of_interest</name>
              <styleUrl>#QueryArea</styleUrl>
              <description><![CDATA[<ul><li>uss2's Accepted cf3929e6-3ecf-406c-af9e-18418ce869d9[1]</li><li>uss1's Activated d062e84e-f315-4170-b4e7-9cfc2d4b1dbb[2]</li></ul>]]></description>
              <TimeSpan>
                <begin>2026-05-21T14:56:21.513532+00:00</begin>
                <end>2026-05-21T15:41:22.513532+00:00</end>
              </TimeSpan>
              <MultiGeometry>
                <Polygon>
                  <altitudeMode>absolute</altitudeMode>
                  <outerBoundaryIs>
                    <LinearRing>
                      <coordinates>-96.75885000000001,32.71785,115.27754426941843 -96.75885000000001,32.7182,115.27754426941843 -96.75815,32.7182,115.27754426941843 -96.75815,32.71785,115.27754426941843</coordinates>
                    </LinearRing>
                  </outerBoundaryIs>
                </Polygon>
                <Polygon>
                  <altitudeMode>absolute</altitudeMode>
                  <outerBoundaryIs>
                    <LinearRing>
                      <coordinates>-96.75885000000001,32.71785,155.31754426941842 -96.75885000000001,32.7182,155.31754426941842 -96.75815,32.7182,155.31754426941842 -96.75815,32.71785,155.31754426941842</coordinates>
                    </LinearRing>
                  </outerBoundaryIs>
                </Polygon>
                <Polygon>
                  <altitudeMode>absolute</altitudeMode>
                  <outerBoundaryIs>
                    <LinearRing>
                      <coordinates>-96.75885000000001,32.71785,115.27754426941843 -96.75885000000001,32.71785,155.31754426941842 -96.75885000000001,32.7182,155.31754426941842 -96.75885000000001,32.7182,115.27754426941843</coordinates>
                    </LinearRing>
                  </outerBoundaryIs>
                </Polygon>
                <Polygon>
                  <altitudeMode>absolute</altitudeMode>
                  <outerBoundaryIs>
                    <LinearRing>
                      <coordinates>-96.75885000000001,32.7182,115.27754426941843 -96.75885000000001,32.7182,155.31754426941842 -96.75815,32.7182,155.31754426941842 -96.75815,32.7182,115.27754426941843</coordinates>
                    </LinearRing>
                  </outerBoundaryIs>
                </Polygon>
                <Polygon>
                  <altitudeMode>absolute</altitudeMode>
                  <outerBoundaryIs>
                    <LinearRing>
                      <coordinates>-96.75815,32.7182,115.27754426941843 -96.75815,32.7182,155.31754426941842 -96.75815,32.71785,155.31754426941842 -96.75815,32.71785,115.27754426941843</coordinates>
                    </LinearRing>
                  </outerBoundaryIs>
                </Polygon>
                <Polygon>
                  <altitudeMode>absolute</altitudeMode>
                  <outerBoundaryIs>
                    <LinearRing>
                      <coordinates>-96.75815,32.71785,115.27754426941843 -96.75815,32.71785,155.31754426941842 -96.75885000000001,32.71785,155.31754426941842 -96.75885000000001,32.71785,115.27754426941843</coordinates>
                    </LinearRing>
                  </outerBoundaryIs>
                </Polygon>
              </MultiGeometry>
            </Placemark>
          </Folder>
          <Folder>
            <name>E83: uss2_core interuss.automated_testing.flight_planning.v1.UpsertFlightPlan</name>
            <Folder>
              <name>Activity Rejected, flight Planned</name>
              <Placemark>
                <name>Volume 0</name>
                <styleUrl>#Planned_Nominal</styleUrl>
                <TimeSpan>
                  <begin>2026-05-21T14:56:21.513532+00:00</begin>
                  <end>2026-05-21T15:41:22.513532+00:00</end>
                </TimeSpan>
                <MultiGeometry>
                  <Polygon>
                    <altitudeMode>absolute</altitudeMode>
                    <outerBoundaryIs>
                      <LinearRing>
                        <coordinates>-96.75885000000001,32.7179,120.3275710140941 -96.75885000000001,32.7182,120.3275710140941 -96.7582,32.7182,120.3275710140941 -96.75815,32.71785,120.3275710140941</coordinates>
                      </LinearRing>
                    </outerBoundaryIs>
                  </Polygon>
                  <Polygon>
                    <altitudeMode>absolute</altitudeMode>
                    <outerBoundaryIs>
                      <LinearRing>
                        <coordinates>-96.75885000000001,32.7179,150.31757101409409 -96.75885000000001,32.7182,150.31757101409409 -96.7582,32.7182,150.31757101409409 -96.75815,32.71785,150.31757101409409</coordinates>
                      </LinearRing>
                    </outerBoundaryIs>
                  </Polygon>
                  <Polygon>
                    <altitudeMode>absolute</altitudeMode>
                    <outerBoundaryIs>
                      <LinearRing>
                        <coordinates>-96.75885000000001,32.7179,120.3275710140941 -96.75885000000001,32.7179,150.31757101409409 -96.75885000000001,32.7182,150.31757101409409 -96.75885000000001,32.7182,120.3275710140941</coordinates>
                      </LinearRing>
                    </outerBoundaryIs>
                  </Polygon>
                  <Polygon>
                    <altitudeMode>absolute</altitudeMode>
                    <outerBoundaryIs>
                      <LinearRing>
                        <coordinates>-96.75885000000001,32.7182,120.3275710140941 -96.75885000000001,32.7182,150.31757101409409 -96.7582,32.7182,150.31757101409409 -96.7582,32.7182,120.3275710140941</coordinates>
                      </LinearRing>
                    </outerBoundaryIs>
                  </Polygon>
                  <Polygon>
                    <altitudeMode>absolute</altitudeMode>
                    <outerBoundaryIs>
                      <LinearRing>
                        <coordinates>-96.7582,32.7182,120.3275710140941 -96.7582,32.7182,150.31757101409409 -96.75815,32.71785,150.31757101409409 -96.75815,32.71785,120.3275710140941</coordinates>
                      </LinearRing>
                    </outerBoundaryIs>
                  </Polygon>
                  <Polygon>
                    <altitudeMode>absolute</altitudeMode>
                    <outerBoundaryIs>
                      <LinearRing>
                        <coordinates>-96.75815,32.71785,120.3275710140941 -96.75815,32.71785,150.31757101409409 -96.75885000000001,32.7179,150.31757101409409 -96.75885000000001,32.7179,120.3275710140941</coordinates>
                      </LinearRing>
                    </outerBoundaryIs>
                  </Polygon>
                </MultiGeometry>
              </Placemark>
            </Folder>
          </Folder>
          <Folder>
            <name>E86: uss1_dss astm.f3548.v21.dss.queryOperationalIntentReferences</name>
            <Placemark>
              <name>area_of_interest</name>
              <styleUrl>#QueryArea</styleUrl>
              <description><![CDATA[<ul><li>uss2's Accepted cf3929e6-3ecf-406c-af9e-18418ce869d9[1]</li><li>uss1's Activated d062e84e-f315-4170-b4e7-9cfc2d4b1dbb[2]</li></ul>]]></description>
              <TimeSpan>
                <begin>2026-05-21T14:56:21.513532+00:00</begin>
                <end>2026-05-21T15:41:22.513532+00:00</end>
              </TimeSpan>
              <MultiGeometry>
                <Polygon>
                  <altitudeMode>absolute</altitudeMode>
                  <outerBoundaryIs>
                    <LinearRing>
                      <coordinates>-96.75885000000001,32.71785,115.27754426941843 -96.75885000000001,32.7182,115.27754426941843 -96.75815,32.7182,115.27754426941843 -96.75815,32.71785,115.27754426941843</coordinates>
                    </LinearRing>
                  </outerBoundaryIs>
                </Polygon>
                <Polygon>
                  <altitudeMode>absolute</altitudeMode>
                  <outerBoundaryIs>
                    <LinearRing>
                      <coordinates>-96.75885000000001,32.71785,155.31754426941842 -96.75885000000001,32.7182,155.31754426941842 -96.75815,32.7182,155.31754426941842 -96.75815,32.71785,155.31754426941842</coordinates>
                    </LinearRing>
                  </outerBoundaryIs>
                </Polygon>
                <Polygon>
                  <altitudeMode>absolute</altitudeMode>
                  <outerBoundaryIs>
                    <LinearRing>
                      <coordinates>-96.75885000000001,32.71785,115.27754426941843 -96.75885000000001,32.71785,155.31754426941842 -96.75885000000001,32.7182,155.31754426941842 -96.75885000000001,32.7182,115.27754426941843</coordinates>
                    </LinearRing>
                  </outerBoundaryIs>
                </Polygon>
                <Polygon>
                  <altitudeMode>absolute</altitudeMode>
                  <outerBoundaryIs>
                    <LinearRing>
                      <coordinates>-96.75885000000001,32.7182,115.27754426941843 -96.75885000000001,32.7182,155.31754426941842 -96.75815,32.7182,155.31754426941842 -96.75815,32.7182,115.27754426941843</coordinates>
                    </LinearRing>
                  </outerBoundaryIs>
                </Polygon>
                <Polygon>
                  <altitudeMode>absolute</altitudeMode>
                  <outerBoundaryIs>
                    <LinearRing>
                      <coordinates>-96.75815,32.7182,115.27754426941843 -96.75815,32.7182,155.31754426941842 -96.75815,32.71785,155.31754426941842 -96.75815,32.71785,115.27754426941843</coordinates>
                    </LinearRing>
                  </outerBoundaryIs>
                </Polygon>
                <Polygon>
                  <altitudeMode>absolute</altitudeMode>
                  <outerBoundaryIs>
                    <LinearRing>
                      <coordinates>-96.75815,32.71785,115.27754426941843 -96.75815,32.71785,155.31754426941842 -96.75885000000001,32.71785,155.31754426941842 -96.75885000000001,32.71785,115.27754426941843</coordinates>
                    </LinearRing>
                  </outerBoundaryIs>
                </Polygon>
              </MultiGeometry>
            </Placemark>
          </Folder>
          <Folder>
            <name>E90: uss2_core astm.f3548.v21.uss.getOperationalIntentDetails</name>
            <Folder>
              <name>uss2's P0 Accepted cf3929e6-3ecf-406c-af9e-18418ce869d9[1] @ LBUnojdhJ7UMjXV2pUKbUCWeKhb.6gtD7RCVD4KpzuI_</name>
              <Placemark>
                <name>Nominal volume 0</name>
                <styleUrl>#F3548v21Accepted</styleUrl>
                <TimeSpan>
                  <begin>2026-05-21T14:56:22.325857+00:00</begin>
                  <end>2026-05-21T15:41:22.291318+00:00</end>
                </TimeSpan>
                <MultiGeometry>
                  <Polygon>
                    <altitudeMode>absolute</altitudeMode>
                    <outerBoundaryIs>
                      <LinearRing>
                        <coordinates>-96.75840000000001,32.7179,115.27693271084108 -96.75840000000001,32.7182,115.27693271084108 -96.7582,32.7182,115.27693271084108 -96.75815,32.71785,115.27693271084108</coordinates>
                      </LinearRing>
                    </outerBoundaryIs>
                  </Polygon>
                  <Polygon>
                    <altitudeMode>absolute</altitudeMode>
                    <outerBoundaryIs>
                      <LinearRing>
                        <coordinates>-96.75840000000001,32.7179,155.3169327108411 -96.75840000000001,32.7182,155.3169327108411 -96.7582,32.7182,155.3169327108411 -96.75815,32.71785,155.3169327108411</coordinates>
                      </LinearRing>
                    </outerBoundaryIs>
                  </Polygon>
                  <Polygon>
                    <altitudeMode>absolute</altitudeMode>
                    <outerBoundaryIs>
                      <LinearRing>
                        <coordinates>-96.75840000000001,32.7179,115.27693271084108 -96.75840000000001,32.7179,155.3169327108411 -96.75840000000001,32.7182,155.3169327108411 -96.75840000000001,32.7182,115.27693271084108</coordinates>
                      </LinearRing>
                    </outerBoundaryIs>
                  </Polygon>
                  <Polygon>
                    <altitudeMode>absolute</altitudeMode>
                    <outerBoundaryIs>
                      <LinearRing>
                        <coordinates>-96.75840000000001,32.7182,115.27693271084108 -96.75840000000001,32.7182,155.3169327108411 -96.7582,32.7182,155.3169327108411 -96.7582,32.7182,115.27693271084108</coordinates>
                      </LinearRing>
                    </outerBoundaryIs>
                  </Polygon>
                  <Polygon>
                    <altitudeMode>absolute</altitudeMode>
                    <outerBoundaryIs>
                      <LinearRing>
                        <coordinates>-96.7582,32.7182,115.27693271084108 -96.7582,32.7182,155.3169327108411 -96.75815,32.71785,155.3169327108411 -96.75815,32.71785,115.27693271084108</coordinates>
                      </LinearRing>
                    </outerBoundaryIs>
                  </Polygon>
                  <Polygon>
                    <altitudeMode>absolute</altitudeMode>
                    <outerBoundaryIs>
                      <LinearRing>
                        <coordinates>-96.75815,32.71785,115.27693271084108 -96.75815,32.71785,155.3169327108411 -96.75840000000001,32.7179,155.3169327108411 -96.75840000000001,32.7179,115.27693271084108</coordinates>
                      </LinearRing>
                    </outerBoundaryIs>
                  </Polygon>
                </MultiGeometry>
              </Placemark>
            </Folder>
          </Folder>
        </Folder>
      </Folder>
      <Folder>
        <name>Attempt to modify activated flight into conflict</name>
        <Folder>
          <name>Activate Flight 1c</name>
          <Folder>
            <name>E99: uss1_dss astm.f3548.v21.dss.queryOperationalIntentReferences</name>
            <Placemark>
              <name>area_of_interest</name>
              <styleUrl>#QueryArea</styleUrl>
              <description><![CDATA[<ul><li>uss2's Accepted cf3929e6-3ecf-406c-af9e-18418ce869d9[1]</li><li>uss1's Activated d062e84e-f315-4170-b4e7-9cfc2d4b1dbb[2]</li></ul>]]></description>
              <TimeSpan>
                <begin>2026-05-21T14:56:21.658974+00:00</begin>
                <end>2026-05-21T15:41:22.658974+00:00</end>
              </TimeSpan>
              <MultiGeometry>
                <Polygon>
                  <altitudeMode>absolute</altitudeMode>
                  <outerBoundaryIs>
                    <LinearRing>
                      <coordinates>-96.75840000000001,32.71785,120.3767664378213 -96.75840000000001,32.7186,120.3767664378213 -96.75815,32.7186,120.3767664378213 -96.75815,32.71785,120.3767664378213</coordinates>
                    </LinearRing>
                  </outerBoundaryIs>
                </Polygon>
                <Polygon>
                  <altitudeMode>absolute</altitudeMode>
                  <outerBoundaryIs>
                    <LinearRing>
                      <coordinates>-96.75840000000001,32.71785,155.3167664378213 -96.75840000000001,32.7186,155.3167664378213 -96.75815,32.7186,155.3167664378213 -96.75815,32.71785,155.3167664378213</coordinates>
                    </LinearRing>
                  </outerBoundaryIs>
                </Polygon>
                <Polygon>
                  <altitudeMode>absolute</altitudeMode>
                  <outerBoundaryIs>
                    <LinearRing>
                      <coordinates>-96.75840000000001,32.71785,120.3767664378213 -96.75840000000001,32.71785,155.3167664378213 -96.75840000000001,32.7186,155.3167664378213 -96.75840000000001,32.7186,120.3767664378213</coordinates>
                    </LinearRing>
                  </outerBoundaryIs>
                </Polygon>
                <Polygon>
                  <altitudeMode>absolute</altitudeMode>
                  <outerBoundaryIs>
                    <LinearRing>
                      <coordinates>-96.75840000000001,32.7186,120.3767664378213 -96.75840000000001,32.7186,155.3167664378213 -96.75815,32.7186,155.3167664378213 -96.75815,32.7186,120.3767664378213</coordinates>
                    </LinearRing>
                  </outerBoundaryIs>
                </Polygon>
                <Polygon>
                  <altitudeMode>absolute</altitudeMode>
                  <outerBoundaryIs>
                    <LinearRing>
                      <coordinates>-96.75815,32.7186,120.3767664378213 -96.75815,32.7186,155.3167664378213 -96.75815,32.71785,155.3167664378213 -96.75815,32.71785,120.3767664378213</coordinates>
                    </LinearRing>
                  </outerBoundaryIs>
                </Polygon>
                <Polygon>
                  <altitudeMode>absolute</altitudeMode>
                  <outerBoundaryIs>
                    <LinearRing>
                      <coordinates>-96.75815,32.71785,120.3767664378213 -96.75815,32.71785,155.3167664378213 -96.75840000000001,32.71785,155.3167664378213 -96.75840000000001,32.71785,120.3767664378213</coordinates>
                    </LinearRing>
                  </outerBoundaryIs>
                </Polygon>
              </MultiGeometry>
            </Placemark>
          </Folder>
          <Folder>
            <name>E101: uss2_core interuss.automated_testing.flight_planning.v1.UpsertFlightPlan</name>
            <Folder>
              <name>Activity Completed, flight OkToFly</name>
              <Placemark>
                <name>Volume 0</name>
                <styleUrl>#InUse_Nominal</styleUrl>
                <TimeSpan>
                  <begin>2026-05-21T14:56:21.658974+00:00</begin>
                  <end>2026-05-21T15:41:22.658974+00:00</end>
                </TimeSpan>
                <MultiGeometry>
                  <Polygon>
                    <altitudeMode>absolute</altitudeMode>
                    <outerBoundaryIs>
                      <LinearRing>
                        <coordinates>-96.75840000000001,32.7179,120.37686295447425 -96.75840000000001,32.7186,120.37686295447425 -96.7582,32.7182,120.37686295447425 -96.75815,32.71785,120.37686295447425</coordinates>
                      </LinearRing>
                    </outerBoundaryIs>
                  </Polygon>
                  <Polygon>
                    <altitudeMode>absolute</altitudeMode>
                    <outerBoundaryIs>
                      <LinearRing>
                        <coordinates>-96.75840000000001,32.7179,155.31686295447423 -96.75840000000001,32.7186,155.31686295447423 -96.7582,32.7182,155.31686295447423 -96.75815,32.71785,155.31686295447423</coordinates>
                      </LinearRing>
                    </outerBoundaryIs>
                  </Polygon>
                  <Polygon>
                    <altitudeMode>absolute</altitudeMode>
                    <outerBoundaryIs>
                      <LinearRing>
                        <coordinates>-96.75840000000001,32.7179,120.37686295447425 -96.75840000000001,32.7179,155.31686295447423 -96.75840000000001,32.7186,155.31686295447423 -96.75840000000001,32.7186,120.37686295447425</coordinates>
                      </LinearRing>
                    </outerBoundaryIs>
                  </Polygon>
                  <Polygon>
                    <altitudeMode>absolute</altitudeMode>
                    <outerBoundaryIs>
                      <LinearRing>
                        <coordinates>-96.75840000000001,32.7186,120.37686295447425 -96.75840000000001,32.7186,155.31686295447423 -96.7582,32.7182,155.31686295447423 -96.7582,32.7182,120.37686295447425</coordinates>
                      </LinearRing>
                    </outerBoundaryIs>
                  </Polygon>
                  <Polygon>
                    <altitudeMode>absolute</altitudeMode>
                    <outerBoundaryIs>
                      <LinearRing>
                        <coordinates>-96.7582,32.7182,120.37686295447425 -96.7582,32.7182,155.31686295447423 -96.75815,32.71785,155.31686295447423 -96.75815,32.71785,120.37686295447425</coordinates>
                      </LinearRing>
                    </outerBoundaryIs>
                  </Polygon>
                  <Polygon>
                    <altitudeMode>absolute</altitudeMode>
                    <outerBoundaryIs>
                      <LinearRing>
                        <coordinates>-96.75815,32.71785,120.37686295447425 -96.75815,32.71785,155.31686295447423 -96.75840000000001,32.7179,155.31686295447423 -96.75840000000001,32.7179,120.37686295447425</coordinates>
                      </LinearRing>
                    </outerBoundaryIs>
                  </Polygon>
                </MultiGeometry>
              </Placemark>
            </Folder>
          </Folder>
          <Folder>
            <name>E105: uss1_dss astm.f3548.v21.dss.queryOperationalIntentReferences</name>
            <Placemark>
              <name>area_of_interest</name>
              <styleUrl>#QueryArea</styleUrl>
              <description><![CDATA[<ul><li>uss2's Activated cf3929e6-3ecf-406c-af9e-18418ce869d9[2]</li><li>uss1's Activated d062e84e-f315-4170-b4e7-9cfc2d4b1dbb[2]</li></ul>]]></description>
              <TimeSpan>
                <begin>2026-05-21T14:56:21.658974+00:00</begin>
                <end>2026-05-21T15:41:22.658974+00:00</end>
              </TimeSpan>
              <MultiGeometry>
                <Polygon>
                  <altitudeMode>absolute</altitudeMode>
                  <outerBoundaryIs>
                    <LinearRing>
                      <coordinates>-96.75840000000001,32.71785,120.3767664378213 -96.75840000000001,32.7186,120.3767664378213 -96.75815,32.7186,120.3767664378213 -96.75815,32.71785,120.3767664378213</coordinates>
                    </LinearRing>
                  </outerBoundaryIs>
                </Polygon>
                <Polygon>
                  <altitudeMode>absolute</altitudeMode>
                  <outerBoundaryIs>
                    <LinearRing>
                      <coordinates>-96.75840000000001,32.71785,155.3167664378213 -96.75840000000001,32.7186,155.3167664378213 -96.75815,32.7186,155.3167664378213 -96.75815,32.71785,155.3167664378213</coordinates>
                    </LinearRing>
                  </outerBoundaryIs>
                </Polygon>
                <Polygon>
                  <altitudeMode>absolute</altitudeMode>
                  <outerBoundaryIs>
                    <LinearRing>
                      <coordinates>-96.75840000000001,32.71785,120.3767664378213 -96.75840000000001,32.71785,155.3167664378213 -96.75840000000001,32.7186,155.3167664378213 -96.75840000000001,32.7186,120.3767664378213</coordinates>
                    </LinearRing>
                  </outerBoundaryIs>
                </Polygon>
                <Polygon>
                  <altitudeMode>absolute</altitudeMode>
                  <outerBoundaryIs>
                    <LinearRing>
                      <coordinates>-96.75840000000001,32.7186,120.3767664378213 -96.75840000000001,32.7186,155.3167664378213 -96.75815,32.7186,155.3167664378213 -96.75815,32.7186,120.3767664378213</coordinates>
                    </LinearRing>
                  </outerBoundaryIs>
                </Polygon>
                <Polygon>
                  <altitudeMode>absolute</altitudeMode>
                  <outerBoundaryIs>
                    <LinearRing>
                      <coordinates>-96.75815,32.7186,120.3767664378213 -96.75815,32.7186,155.3167664378213 -96.75815,32.71785,155.3167664378213 -96.75815,32.71785,120.3767664378213</coordinates>
                    </LinearRing>
                  </outerBoundaryIs>
                </Polygon>
                <Polygon>
                  <altitudeMode>absolute</altitudeMode>
                  <outerBoundaryIs>
                    <LinearRing>
                      <coordinates>-96.75815,32.71785,120.3767664378213 -96.75815,32.71785,155.3167664378213 -96.75840000000001,32.71785,155.3167664378213 -96.75840000000001,32.71785,120.3767664378213</coordinates>
                    </LinearRing>
                  </outerBoundaryIs>
                </Polygon>
              </MultiGeometry>
            </Placemark>
          </Folder>
          <Folder>
            <name>E110: uss2_core astm.f3548.v21.uss.getOperationalIntentDetails</name>
            <Folder>
              <name>uss2's P0 Activated cf3929e6-3ecf-406c-af9e-18418ce869d9[2] @ JNQzrfyxSx1CWPEsyPyavPX4Z9OByRJtxzU.SnAr39E_</name>
              <Placemark>
                <name>Nominal volume 0</name>
                <styleUrl>#F3548v21Activated</styleUrl>
                <TimeSpan>
                  <begin>2026-05-21T14:56:22.696544+00:00</begin>
                  <end>2026-05-21T15:41:22.658974+00:00</end>
                </TimeSpan>
                <MultiGeometry>
                  <Polygon>
                    <altitudeMode>absolute</altitudeMode>
                    <outerBoundaryIs>
                      <LinearRing>
                        <coordinates>-96.75840000000001,32.7179,120.37686295447425 -96.75840000000001,32.7186,120.37686295447425 -96.7582,32.7182,120.37686295447425 -96.75815,32.71785,120.37686295447425</coordinates>
                      </LinearRing>
                    </outerBoundaryIs>
                  </Polygon>
                  <Polygon>
                    <altitudeMode>absolute</altitudeMode>
                    <outerBoundaryIs>
                      <LinearRing>
                        <coordinates>-96.75840000000001,32.7179,155.31686295447423 -96.75840000000001,32.7186,155.31686295447423 -96.7582,32.7182,155.31686295447423 -96.75815,32.71785,155.31686295447423</coordinates>
                      </LinearRing>
                    </outerBoundaryIs>
                  </Polygon>
                  <Polygon>
                    <altitudeMode>absolute</altitudeMode>
                    <outerBoundaryIs>
                      <LinearRing>
                        <coordinates>-96.75840000000001,32.7179,120.37686295447425 -96.75840000000001,32.7179,155.31686295447423 -96.75840000000001,32.7186,155.31686295447423 -96.75840000000001,32.7186,120.37686295447425</coordinates>
                      </LinearRing>
                    </outerBoundaryIs>
                  </Polygon>
                  <Polygon>
                    <altitudeMode>absolute</altitudeMode>
                    <outerBoundaryIs>
                      <LinearRing>
                        <coordinates>-96.75840000000001,32.7186,120.37686295447425 -96.75840000000001,32.7186,155.31686295447423 -96.7582,32.7182,155.31686295447423 -96.7582,32.7182,120.37686295447425</coordinates>
                      </LinearRing>
                    </outerBoundaryIs>
                  </Polygon>
                  <Polygon>
                    <altitudeMode>absolute</altitudeMode>
                    <outerBoundaryIs>
                      <LinearRing>
                        <coordinates>-96.7582,32.7182,120.37686295447425 -96.7582,32.7182,155.31686295447423 -96.75815,32.71785,155.31686295447423 -96.75815,32.71785,120.37686295447425</coordinates>
                      </LinearRing>
                    </outerBoundaryIs>
                  </Polygon>
                  <Polygon>
                    <altitudeMode>absolute</altitudeMode>
                    <outerBoundaryIs>
                      <LinearRing>
                        <coordinates>-96.75815,32.71785,120.37686295447425 -96.75815,32.71785,155.31686295447423 -96.75840000000001,32.7179,155.31686295447423 -96.75840000000001,32.7179,120.37686295447425</coordinates>
                      </LinearRing>
                    </outerBoundaryIs>
                  </Polygon>
                </MultiGeometry>
              </Placemark>
            </Folder>
          </Folder>
        </Folder>
        <Folder>
          <name>Attempt to modify activated Flight 1c into conflict</name>
          <Folder>
            <name>E119: uss1_dss astm.f3548.v21.dss.queryOperationalIntentReferences</name>
            <Placemark>
              <name>area_of_interest</name>
              <styleUrl>#QueryArea</styleUrl>
              <description><![CDATA[<ul><li>uss2's Activated cf3929e6-3ecf-406c-af9e-18418ce869d9[2]</li><li>uss1's Activated d062e84e-f315-4170-b4e7-9cfc2d4b1dbb[2]</li></ul>]]></description>
              <TimeSpan>
                <begin>2026-05-21T14:56:21.900576+00:00</begin>
                <end>2026-05-21T15:41:22.900576+00:00</end>
              </TimeSpan>
              <MultiGeometry>
                <Polygon>
                  <altitudeMode>absolute</altitudeMode>
                  <outerBoundaryIs>
                    <LinearRing>
                      <coordinates>-96.75885000000001,32.71785,120.33740470314243 -96.75885000000001,32.7186,120.33740470314243 -96.75815,32.7186,120.33740470314243 -96.75815,32.71785,120.33740470314243</coordinates>
                    </LinearRing>
                  </outerBoundaryIs>
                </Polygon>
                <Polygon>
                  <altitudeMode>absolute</altitudeMode>
                  <outerBoundaryIs>
                    <LinearRing>
                      <coordinates>-96.75885000000001,32.71785,155.31740470314244 -96.75885000000001,32.7186,155.31740470314244 -96.75815,32.7186,155.31740470314244 -96.75815,32.71785,155.31740470314244</coordinates>
                    </LinearRing>
                  </outerBoundaryIs>
                </Polygon>
                <Polygon>
                  <altitudeMode>absolute</altitudeMode>
                  <outerBoundaryIs>
                    <LinearRing>
                      <coordinates>-96.75885000000001,32.71785,120.33740470314243 -96.75885000000001,32.71785,155.31740470314244 -96.75885000000001,32.7186,155.31740470314244 -96.75885000000001,32.7186,120.33740470314243</coordinates>
                    </LinearRing>
                  </outerBoundaryIs>
                </Polygon>
                <Polygon>
                  <altitudeMode>absolute</altitudeMode>
                  <outerBoundaryIs>
                    <LinearRing>
                      <coordinates>-96.75885000000001,32.7186,120.33740470314243 -96.75885000000001,32.7186,155.31740470314244 -96.75815,32.7186,155.31740470314244 -96.75815,32.7186,120.33740470314243</coordinates>
                    </LinearRing>
                  </outerBoundaryIs>
                </Polygon>
                <Polygon>
                  <altitudeMode>absolute</altitudeMode>
                  <outerBoundaryIs>
                    <LinearRing>
                      <coordinates>-96.75815,32.7186,120.33740470314243 -96.75815,32.7186,155.31740470314244 -96.75815,32.71785,155.31740470314244 -96.75815,32.71785,120.33740470314243</coordinates>
                    </LinearRing>
                  </outerBoundaryIs>
                </Polygon>
                <Polygon>
                  <altitudeMode>absolute</altitudeMode>
                  <outerBoundaryIs>
                    <LinearRing>
                      <coordinates>-96.75815,32.71785,120.33740470314243 -96.75815,32.71785,155.31740470314244 -96.75885000000001,32.71785,155.31740470314244 -96.75885000000001,32.71785,120.33740470314243</coordinates>
                    </LinearRing>
                  </outerBoundaryIs>
                </Polygon>
              </MultiGeometry>
            </Placemark>
          </Folder>
          <Folder>
            <name>E121: uss2_core interuss.automated_testing.flight_planning.v1.UpsertFlightPlan</name>
            <Folder>
              <name>Activity Rejected, flight OkToFly</name>
              <Placemark>
                <name>Volume 0</name>
                <styleUrl>#InUse_Nominal</styleUrl>
                <TimeSpan>
                  <begin>2026-05-21T14:56:21.900576+00:00</begin>
                  <end>2026-05-21T15:41:22.900576+00:00</end>
                </TimeSpan>
                <MultiGeometry>
                  <Polygon>
                    <altitudeMode>absolute</altitudeMode>
                    <outerBoundaryIs>
                      <LinearRing>
                        <coordinates>-96.75885000000001,32.7179,120.3375710140941 -96.75885000000001,32.7182,120.3375710140941 -96.7582,32.7182,120.3375710140941 -96.75815,32.71785,120.3375710140941</coordinates>
                      </LinearRing>
                    </outerBoundaryIs>
                  </Polygon>
                  <Polygon>
                    <altitudeMode>absolute</altitudeMode>
                    <outerBoundaryIs>
                      <LinearRing>
                        <coordinates>-96.75885000000001,32.7179,150.31757101409409 -96.75885000000001,32.7182,150.31757101409409 -96.7582,32.7182,150.31757101409409 -96.75815,32.71785,150.31757101409409</coordinates>
                      </LinearRing>
                    </outerBoundaryIs>
                  </Polygon>
                  <Polygon>
                    <altitudeMode>absolute</altitudeMode>
                    <outerBoundaryIs>
                      <LinearRing>
                        <coordinates>-96.75885000000001,32.7179,120.3375710140941 -96.75885000000001,32.7179,150.31757101409409 -96.75885000000001,32.7182,150.31757101409409 -96.75885000000001,32.7182,120.3375710140941</coordinates>
                      </LinearRing>
                    </outerBoundaryIs>
                  </Polygon>
                  <Polygon>
                    <altitudeMode>absolute</altitudeMode>
                    <outerBoundaryIs>
                      <LinearRing>
                        <coordinates>-96.75885000000001,32.7182,120.3375710140941 -96.75885000000001,32.7182,150.31757101409409 -96.7582,32.7182,150.31757101409409 -96.7582,32.7182,120.3375710140941</coordinates>
                      </LinearRing>
                    </outerBoundaryIs>
                  </Polygon>
                  <Polygon>
                    <altitudeMode>absolute</altitudeMode>
                    <outerBoundaryIs>
                      <LinearRing>
                        <coordinates>-96.7582,32.7182,120.3375710140941 -96.7582,32.7182,150.31757101409409 -96.75815,32.71785,150.31757101409409 -96.75815,32.71785,120.3375710140941</coordinates>
                      </LinearRing>
                    </outerBoundaryIs>
                  </Polygon>
                  <Polygon>
                    <altitudeMode>absolute</altitudeMode>
                    <outerBoundaryIs>
                      <LinearRing>
                        <coordinates>-96.75815,32.71785,120.3375710140941 -96.75815,32.71785,150.31757101409409 -96.75885000000001,32.7179,150.31757101409409 -96.75885000000001,32.7179,120.3375710140941</coordinates>
                      </LinearRing>
                    </outerBoundaryIs>
                  </Polygon>
                </MultiGeometry>
              </Placemark>
            </Folder>
          </Folder>
          <Folder>
            <name>E124: uss1_dss astm.f3548.v21.dss.queryOperationalIntentReferences</name>
            <Placemark>
              <name>area_of_interest</name>
              <styleUrl>#QueryArea</styleUrl>
              <description><![CDATA[<ul><li>uss2's Activated cf3929e6-3ecf-406c-af9e-18418ce869d9[2]</li><li>uss1's Activated d062e84e-f315-4170-b4e7-9cfc2d4b1dbb[2]</li></ul>]]></description>
              <TimeSpan>
                <begin>2026-05-21T14:56:21.900576+00:00</begin>
                <end>2026-05-21T15:41:22.900576+00:00</end>
              </TimeSpan>
              <MultiGeometry>
                <Polygon>
                  <altitudeMode>absolute</altitudeMode>
                  <outerBoundaryIs>
                    <LinearRing>
                      <coordinates>-96.75885000000001,32.71785,120.33740470314243 -96.75885000000001,32.7186,120.33740470314243 -96.75815,32.7186,120.33740470314243 -96.75815,32.71785,120.33740470314243</coordinates>
                    </LinearRing>
                  </outerBoundaryIs>
                </Polygon>
                <Polygon>
                  <altitudeMode>absolute</altitudeMode>
                  <outerBoundaryIs>
                    <LinearRing>
                      <coordinates>-96.75885000000001,32.71785,155.31740470314244 -96.75885000000001,32.7186,155.31740470314244 -96.75815,32.7186,155.31740470314244 -96.75815,32.71785,155.31740470314244</coordinates>
                    </LinearRing>
                  </outerBoundaryIs>
                </Polygon>
                <Polygon>
                  <altitudeMode>absolute</altitudeMode>
                  <outerBoundaryIs>
                    <LinearRing>
                      <coordinates>-96.75885000000001,32.71785,120.33740470314243 -96.75885000000001,32.71785,155.31740470314244 -96.75885000000001,32.7186,155.31740470314244 -96.75885000000001,32.7186,120.33740470314243</coordinates>
                    </LinearRing>
                  </outerBoundaryIs>
                </Polygon>
                <Polygon>
                  <altitudeMode>absolute</altitudeMode>
                  <outerBoundaryIs>
                    <LinearRing>
                      <coordinates>-96.75885000000001,32.7186,120.33740470314243 -96.75885000000001,32.7186,155.31740470314244 -96.75815,32.7186,155.31740470314244 -96.75815,32.7186,120.33740470314243</coordinates>
                    </LinearRing>
                  </outerBoundaryIs>
                </Polygon>
                <Polygon>
                  <altitudeMode>absolute</altitudeMode>
                  <outerBoundaryIs>
                    <LinearRing>
                      <coordinates>-96.75815,32.7186,120.33740470314243 -96.75815,32.7186,155.31740470314244 -96.75815,32.71785,155.31740470314244 -96.75815,32.71785,120.33740470314243</coordinates>
                    </LinearRing>
                  </outerBoundaryIs>
                </Polygon>
                <Polygon>
                  <altitudeMode>absolute</altitudeMode>
                  <outerBoundaryIs>
                    <LinearRing>
                      <coordinates>-96.75815,32.71785,120.33740470314243 -96.75815,32.71785,155.31740470314244 -96.75885000000001,32.71785,155.31740470314244 -96.75885000000001,32.71785,120.33740470314243</coordinates>
                    </LinearRing>
                  </outerBoundaryIs>
                </Polygon>
              </MultiGeometry>
            </Placemark>
          </Folder>
        </Folder>
        <Folder>
          <name>Delete Flight 2</name>
        </Folder>
      </Folder>
      <Folder>
        <name>Modify activated flight with pre-existing conflict</name>
        <Folder>
          <name>Activate Flight 1</name>
          <Folder>
            <name>E129: uss1_dss astm.f3548.v21.dss.queryOperationalIntentReferences</name>
            <Placemark>
              <name>area_of_interest</name>
              <styleUrl>#QueryArea</styleUrl>
              <description><![CDATA[<ul><li>uss2's Activated cf3929e6-3ecf-406c-af9e-18418ce869d9[2]</li></ul>]]></description>
              <TimeSpan>
                <begin>2026-05-21T14:56:22.062711+00:00</begin>
                <end>2026-05-21T15:41:23.062711+00:00</end>
              </TimeSpan>
              <MultiGeometry>
                <Polygon>
                  <altitudeMode>absolute</altitudeMode>
                  <outerBoundaryIs>
                    <LinearRing>
                      <coordinates>-96.75885000000001,32.71785,120.33754426941843 -96.75885000000001,32.7182,120.33754426941843 -96.75815,32.7182,120.33754426941843 -96.75815,32.71785,120.33754426941843</coordinates>
                    </LinearRing>
                  </outerBoundaryIs>
                </Polygon>
                <Polygon>
                  <altitudeMode>absolute</altitudeMode>
                  <outerBoundaryIs>
                    <LinearRing>
                      <coordinates>-96.75885000000001,32.71785,150.31754426941842 -96.75885000000001,32.7182,150.31754426941842 -96.75815,32.7182,150.31754426941842 -96.75815,32.71785,150.31754426941842</coordinates>
                    </LinearRing>
                  </outerBoundaryIs>
                </Polygon>
                <Polygon>
                  <altitudeMode>absolute</altitudeMode>
                  <outerBoundaryIs>
                    <LinearRing>
                      <coordinates>-96.75885000000001,32.71785,120.33754426941843 -96.75885000000001,32.71785,150.31754426941842 -96.75885000000001,32.7182,150.31754426941842 -96.75885000000001,32.7182,120.33754426941843</coordinates>
                    </LinearRing>
                  </outerBoundaryIs>
                </Polygon>
                <Polygon>
                  <altitudeMode>absolute</altitudeMode>
                  <outerBoundaryIs>
                    <LinearRing>
                      <coordinates>-96.75885000000001,32.7182,120.33754426941843 -96.75885000000001,32.7182,150.31754426941842 -96.75815,32.7182,150.31754426941842 -96.75815,32.7182,120.33754426941843</coordinates>
                    </LinearRing>
                  </outerBoundaryIs>
                </Polygon>
                <Polygon>
                  <altitudeMode>absolute</altitudeMode>
                  <outerBoundaryIs>
                    <LinearRing>
                      <coordinates>-96.75815,32.7182,120.33754426941843 -96.75815,32.7182,150.31754426941842 -96.75815,32.71785,150.31754426941842 -96.75815,32.71785,120.33754426941843</coordinates>
                    </LinearRing>
                  </outerBoundaryIs>
                </Polygon>
                <Polygon>
                  <altitudeMode>absolute</altitudeMode>
                  <outerBoundaryIs>
                    <LinearRing>
                      <coordinates>-96.75815,32.71785,120.33754426941843 -96.75815,32.71785,150.31754426941842 -96.75885000000001,32.71785,150.31754426941842 -96.75885000000001,32.71785,120.33754426941843</coordinates>
                    </LinearRing>
                  </outerBoundaryIs>
                </Polygon>
              </MultiGeometry>
            </Placemark>
          </Folder>
          <Folder>
            <name>E131: uss2_core interuss.automated_testing.flight_planning.v1.UpsertFlightPlan</name>
            <Folder>
              <name>Activity Completed, flight OkToFly</name>
              <Placemark>
                <name>Volume 0</name>
                <styleUrl>#InUse_Nominal</styleUrl>
                <TimeSpan>
                  <begin>2026-05-21T14:56:22.062711+00:00</begin>
                  <end>2026-05-21T15:41:23.062711+00:00</end>
                </TimeSpan>
                <MultiGeometry>
                  <Polygon>
                    <altitudeMode>absolute</altitudeMode>
                    <outerBoundaryIs>
                      <LinearRing>
                        <coordinates>-96.75885000000001,32.7179,120.3375710140941 -96.75885000000001,32.7182,120.3375710140941 -96.7582,32.7182,120.3375710140941 -96.75815,32.71785,120.3375710140941</coordinates>
                      </LinearRing>
                    </outerBoundaryIs>
                  </Polygon>
                  <Polygon>
                    <altitudeMode>absolute</altitudeMode>
                    <outerBoundaryIs>
                      <LinearRing>
                        <coordinates>-96.75885000000001,32.7179,150.31757101409409 -96.75885000000001,32.7182,150.31757101409409 -96.7582,32.7182,150.31757101409409 -96.75815,32.71785,150.31757101409409</coordinates>
                      </LinearRing>
                    </outerBoundaryIs>
                  </Polygon>
                  <Polygon>
                    <altitudeMode>absolute</altitudeMode>
                    <outerBoundaryIs>
                      <LinearRing>
                        <coordinates>-96.75885000000001,32.7179,120.3375710140941 -96.75885000000001,32.7179,150.31757101409409 -96.75885000000001,32.7182,150.31757101409409 -96.75885000000001,32.7182,120.3375710140941</coordinates>
                      </LinearRing>
                    </outerBoundaryIs>
                  </Polygon>
                  <Polygon>
                    <altitudeMode>absolute</altitudeMode>
                    <outerBoundaryIs>
                      <LinearRing>
                        <coordinates>-96.75885000000001,32.7182,120.3375710140941 -96.75885000000001,32.7182,150.31757101409409 -96.7582,32.7182,150.31757101409409 -96.7582,32.7182,120.3375710140941</coordinates>
                      </LinearRing>
                    </outerBoundaryIs>
                  </Polygon>
                  <Polygon>
                    <altitudeMode>absolute</altitudeMode>
                    <outerBoundaryIs>
                      <LinearRing>
                        <coordinates>-96.7582,32.7182,120.3375710140941 -96.7582,32.7182,150.31757101409409 -96.75815,32.71785,150.31757101409409 -96.75815,32.71785,120.3375710140941</coordinates>
                      </LinearRing>
                    </outerBoundaryIs>
                  </Polygon>
                  <Polygon>
                    <altitudeMode>absolute</altitudeMode>
                    <outerBoundaryIs>
                      <LinearRing>
                        <coordinates>-96.75815,32.71785,120.3375710140941 -96.75815,32.71785,150.31757101409409 -96.75885000000001,32.7179,150.31757101409409 -96.75885000000001,32.7179,120.3375710140941</coordinates>
                      </LinearRing>
                    </outerBoundaryIs>
                  </Polygon>
                </MultiGeometry>
              </Placemark>
            </Folder>
          </Folder>
          <Folder>
            <name>E135: uss1_dss astm.f3548.v21.dss.queryOperationalIntentReferences</name>
            <Placemark>
              <name>area_of_interest</name>
              <styleUrl>#QueryArea</styleUrl>
              <description><![CDATA[<ul><li>uss2's Activated cf3929e6-3ecf-406c-af9e-18418ce869d9[3]</li></ul>]]></description>
              <TimeSpan>
                <begin>2026-05-21T14:56:22.062711+00:00</begin>
                <end>2026-05-21T15:41:23.062711+00:00</end>
              </TimeSpan>
              <MultiGeometry>
                <Polygon>
                  <altitudeMode>absolute</altitudeMode>
                  <outerBoundaryIs>
                    <LinearRing>
                      <coordinates>-96.75885000000001,32.71785,120.33754426941843 -96.75885000000001,32.7182,120.33754426941843 -96.75815,32.7182,120.33754426941843 -96.75815,32.71785,120.33754426941843</coordinates>
                    </LinearRing>
                  </outerBoundaryIs>
                </Polygon>
                <Polygon>
                  <altitudeMode>absolute</altitudeMode>
                  <outerBoundaryIs>
                    <LinearRing>
                      <coordinates>-96.75885000000001,32.71785,150.31754426941842 -96.75885000000001,32.7182,150.31754426941842 -96.75815,32.7182,150.31754426941842 -96.75815,32.71785,150.31754426941842</coordinates>
                    </LinearRing>
                  </outerBoundaryIs>
                </Polygon>
                <Polygon>
                  <altitudeMode>absolute</altitudeMode>
                  <outerBoundaryIs>
                    <LinearRing>
                      <coordinates>-96.75885000000001,32.71785,120.33754426941843 -96.75885000000001,32.71785,150.31754426941842 -96.75885000000001,32.7182,150.31754426941842 -96.75885000000001,32.7182,120.33754426941843</coordinates>
                    </LinearRing>
                  </outerBoundaryIs>
                </Polygon>
                <Polygon>
                  <altitudeMode>absolute</altitudeMode>
                  <outerBoundaryIs>
                    <LinearRing>
                      <coordinates>-96.75885000000001,32.7182,120.33754426941843 -96.75885000000001,32.7182,150.31754426941842 -96.75815,32.7182,150.31754426941842 -96.75815,32.7182,120.33754426941843</coordinates>
                    </LinearRing>
                  </outerBoundaryIs>
                </Polygon>
                <Polygon>
                  <altitudeMode>absolute</altitudeMode>
                  <outerBoundaryIs>
                    <LinearRing>
                      <coordinates>-96.75815,32.7182,120.33754426941843 -96.75815,32.7182,150.31754426941842 -96.75815,32.71785,150.31754426941842 -96.75815,32.71785,120.33754426941843</coordinates>
                    </LinearRing>
                  </outerBoundaryIs>
                </Polygon>
                <Polygon>
                  <altitudeMode>absolute</altitudeMode>
                  <outerBoundaryIs>
                    <LinearRing>
                      <coordinates>-96.75815,32.71785,120.33754426941843 -96.75815,32.71785,150.31754426941842 -96.75885000000001,32.71785,150.31754426941842 -96.75885000000001,32.71785,120.33754426941843</coordinates>
                    </LinearRing>
                  </outerBoundaryIs>
                </Polygon>
              </MultiGeometry>
            </Placemark>
          </Folder>
          <Folder>
            <name>E140: uss2_core astm.f3548.v21.uss.getOperationalIntentDetails</name>
            <Folder>
              <name>uss2's P0 Activated cf3929e6-3ecf-406c-af9e-18418ce869d9[3] @ ZOnCricCoPnil2WgaCqtBeENO1SnzzVl2ZnPMZeikWQ_</name>
              <Placemark>
                <name>Nominal volume 0</name>
                <styleUrl>#F3548v21Activated</styleUrl>
                <TimeSpan>
                  <begin>2026-05-21T14:56:23.099483+00:00</begin>
                  <end>2026-05-21T15:41:23.062711+00:00</end>
                </TimeSpan>
                <MultiGeometry>
                  <Polygon>
                    <altitudeMode>absolute</altitudeMode>
                    <outerBoundaryIs>
                      <LinearRing>
                        <coordinates>-96.75885000000001,32.7179,120.3375710140941 -96.75885000000001,32.7182,120.3375710140941 -96.7582,32.7182,120.3375710140941 -96.75815,32.71785,120.3375710140941</coordinates>
                      </LinearRing>
                    </outerBoundaryIs>
                  </Polygon>
                  <Polygon>
                    <altitudeMode>absolute</altitudeMode>
                    <outerBoundaryIs>
                      <LinearRing>
                        <coordinates>-96.75885000000001,32.7179,150.31757101409409 -96.75885000000001,32.7182,150.31757101409409 -96.7582,32.7182,150.31757101409409 -96.75815,32.71785,150.31757101409409</coordinates>
                      </LinearRing>
                    </outerBoundaryIs>
                  </Polygon>
                  <Polygon>
                    <altitudeMode>absolute</altitudeMode>
                    <outerBoundaryIs>
                      <LinearRing>
                        <coordinates>-96.75885000000001,32.7179,120.3375710140941 -96.75885000000001,32.7179,150.31757101409409 -96.75885000000001,32.7182,150.31757101409409 -96.75885000000001,32.7182,120.3375710140941</coordinates>
                      </LinearRing>
                    </outerBoundaryIs>
                  </Polygon>
                  <Polygon>
                    <altitudeMode>absolute</altitudeMode>
                    <outerBoundaryIs>
                      <LinearRing>
                        <coordinates>-96.75885000000001,32.7182,120.3375710140941 -96.75885000000001,32.7182,150.31757101409409 -96.7582,32.7182,150.31757101409409 -96.7582,32.7182,120.3375710140941</coordinates>
                      </LinearRing>
                    </outerBoundaryIs>
                  </Polygon>
                  <Polygon>
                    <altitudeMode>absolute</altitudeMode>
                    <outerBoundaryIs>
                      <LinearRing>
                        <coordinates>-96.7582,32.7182,120.3375710140941 -96.7582,32.7182,150.31757101409409 -96.75815,32.71785,150.31757101409409 -96.75815,32.71785,120.3375710140941</coordinates>
                      </LinearRing>
                    </outerBoundaryIs>
                  </Polygon>
                  <Polygon>
                    <altitudeMode>absolute</altitudeMode>
                    <outerBoundaryIs>
                      <LinearRing>
                        <coordinates>-96.75815,32.71785,120.3375710140941 -96.75815,32.71785,150.31757101409409 -96.75885000000001,32.7179,150.31757101409409 -96.75885000000001,32.7179,120.3375710140941</coordinates>
                      </LinearRing>
                    </outerBoundaryIs>
                  </Polygon>
                </MultiGeometry>
              </Placemark>
            </Folder>
          </Folder>
        </Folder>
        <Folder>
          <name>Plan Flight 2m</name>
          <Folder>
            <name>E149: uss1_dss astm.f3548.v21.dss.queryOperationalIntentReferences</name>
            <Placemark>
              <name>area_of_interest</name>
              <styleUrl>#QueryArea</styleUrl>
              <description><![CDATA[(no operational intent references found)]]></description>
              <TimeSpan>
                <begin>2026-05-21T14:56:22.288319+00:00</begin>
                <end>2026-05-21T15:41:23.288319+00:00</end>
              </TimeSpan>
              <MultiGeometry>
                <Polygon>
                  <altitudeMode>absolute</altitudeMode>
                  <outerBoundaryIs>
                    <LinearRing>
                      <coordinates>-96.75890000000001,32.71825,165.44754871590544 -96.75890000000001,32.7186,165.44754871590544 -96.7583,32.7186,165.44754871590544 -96.7583,32.71825,165.44754871590544</coordinates>
                    </LinearRing>
                  </outerBoundaryIs>
                </Polygon>
                <Polygon>
                  <altitudeMode>absolute</altitudeMode>
                  <outerBoundaryIs>
                    <LinearRing>
                      <coordinates>-96.75890000000001,32.71825,170.31754871590545 -96.75890000000001,32.7186,170.31754871590545 -96.7583,32.7186,170.31754871590545 -96.7583,32.71825,170.31754871590545</coordinates>
                    </LinearRing>
                  </outerBoundaryIs>
                </Polygon>
                <Polygon>
                  <altitudeMode>absolute</altitudeMode>
                  <outerBoundaryIs>
                    <LinearRing>
                      <coordinates>-96.75890000000001,32.71825,165.44754871590544 -96.75890000000001,32.71825,170.31754871590545 -96.75890000000001,32.7186,170.31754871590545 -96.75890000000001,32.7186,165.44754871590544</coordinates>
                    </LinearRing>
                  </outerBoundaryIs>
                </Polygon>
                <Polygon>
                  <altitudeMode>absolute</altitudeMode>
                  <outerBoundaryIs>
                    <LinearRing>
                      <coordinates>-96.75890000000001,32.7186,165.44754871590544 -96.75890000000001,32.7186,170.31754871590545 -96.7583,32.7186,170.31754871590545 -96.7583,32.7186,165.44754871590544</coordinates>
                    </LinearRing>
                  </outerBoundaryIs>
                </Polygon>
                <Polygon>
                  <altitudeMode>absolute</altitudeMode>
                  <outerBoundaryIs>
                    <LinearRing>
                      <coordinates>-96.7583,32.7186,165.44754871590544 -96.7583,32.7186,170.31754871590545 -96.7583,32.71825,170.31754871590545 -96.7583,32.71825,165.44754871590544</coordinates>
                    </LinearRing>
                  </outerBoundaryIs>
                </Polygon>
                <Polygon>
                  <altitudeMode>absolute</altitudeMode>
                  <outerBoundaryIs>
                    <LinearRing>
                      <coordinates>-96.7583,32.71825,165.44754871590544 -96.7583,32.71825,170.31754871590545 -96.75890000000001,32.71825,170.31754871590545 -96.75890000000001,32.71825,165.44754871590544</coordinates>
                    </LinearRing>
                  </outerBoundaryIs>
                </Polygon>
              </MultiGeometry>
            </Placemark>
          </Folder>
          <Folder>
            <name>E151: uss1_core interuss.automated_testing.flight_planning.v1.UpsertFlightPlan</name>
            <Folder>
              <name>Activity Completed, flight Planned</name>
              <Placemark>
                <name>Volume 0</name>
                <styleUrl>#Planned_Nominal</styleUrl>
                <TimeSpan>
                  <begin>2026-05-21T14:56:22.288319+00:00</begin>
                  <end>2026-05-21T15:41:23.288319+00:00</end>
                </TimeSpan>
                <MultiGeometry>
                  <Polygon>
                    <altitudeMode>absolute</altitudeMode>
                    <outerBoundaryIs>
                      <LinearRing>
                        <coordinates>-96.75890000000001,32.7183,165.44767239934487 -96.7583,32.71825,165.44767239934487 -96.7587,32.7186,165.44767239934487</coordinates>
                      </LinearRing>
                    </outerBoundaryIs>
                  </Polygon>
                  <Polygon>
                    <altitudeMode>absolute</altitudeMode>
                    <outerBoundaryIs>
                      <LinearRing>
                        <coordinates>-96.75890000000001,32.7183,170.31767239934487 -96.7583,32.71825,170.31767239934487 -96.7587,32.7186,170.31767239934487</coordinates>
                      </LinearRing>
                    </outerBoundaryIs>
                  </Polygon>
                  <Polygon>
                    <altitudeMode>absolute</altitudeMode>
                    <outerBoundaryIs>
                      <LinearRing>
                        <coordinates>-96.75890000000001,32.7183,165.44767239934487 -96.75890000000001,32.7183,170.31767239934487 -96.7583,32.71825,170.31767239934487 -96.7583,32.71825,165.44767239934487</coordinates>
                      </LinearRing>
                    </outerBoundaryIs>
                  </Polygon>
                  <Polygon>
                    <altitudeMode>absolute</altitudeMode>
                    <outerBoundaryIs>
                      <LinearRing>
                        <coordinates>-96.7583,32.71825,165.44767239934487 -96.7583,32.71825,170.31767239934487 -96.7587,32.7186,170.31767239934487 -96.7587,32.7186,165.44767239934487</coordinates>
                      </LinearRing>
                    </outerBoundaryIs>
                  </Polygon>
                  <Polygon>
                    <altitudeMode>absolute</altitudeMode>
                    <outerBoundaryIs>
                      <LinearRing>
                        <coordinates>-96.7587,32.7186,165.44767239934487 -96.7587,32.7186,170.31767239934487 -96.75890000000001,32.7183,170.31767239934487 -96.75890000000001,32.7183,165.44767239934487</coordinates>
                      </LinearRing>
                    </outerBoundaryIs>
                  </Polygon>
                </MultiGeometry>
              </Placemark>
            </Folder>
          </Folder>
          <Folder>
            <name>E155: uss1_dss astm.f3548.v21.dss.queryOperationalIntentReferences</name>
            <Placemark>
              <name>area_of_interest</name>
              <styleUrl>#QueryArea</styleUrl>
              <description><![CDATA[<ul><li>uss1's Accepted 69adfa6b-fd6c-4305-be7f-363a4642ef3c[1]</li></ul>]]></description>
              <TimeSpan>
                <begin>2026-05-21T14:56:22.288319+00:00</begin>
                <end>2026-05-21T15:41:23.288319+00:00</end>
              </TimeSpan>
              <MultiGeometry>
                <Polygon>
                  <altitudeMode>absolute</altitudeMode>
                  <outerBoundaryIs>
                    <LinearRing>
                      <coordinates>-96.75890000000001,32.71825,165.44754871590544 -96.75890000000001,32.7186,165.44754871590544 -96.7583,32.7186,165.44754871590544 -96.7583,32.71825,165.44754871590544</coordinates>
                    </LinearRing>
                  </outerBoundaryIs>
                </Polygon>
                <Polygon>
                  <altitudeMode>absolute</altitudeMode>
                  <outerBoundaryIs>
                    <LinearRing>
                      <coordinates>-96.75890000000001,32.71825,170.31754871590545 -96.75890000000001,32.7186,170.31754871590545 -96.7583,32.7186,170.31754871590545 -96.7583,32.71825,170.31754871590545</coordinates>
                    </LinearRing>
                  </outerBoundaryIs>
                </Polygon>
                <Polygon>
                  <altitudeMode>absolute</altitudeMode>
                  <outerBoundaryIs>
                    <LinearRing>
                      <coordinates>-96.75890000000001,32.71825,165.44754871590544 -96.75890000000001,32.71825,170.31754871590545 -96.75890000000001,32.7186,170.31754871590545 -96.75890000000001,32.7186,165.44754871590544</coordinates>
                    </LinearRing>
                  </outerBoundaryIs>
                </Polygon>
                <Polygon>
                  <altitudeMode>absolute</altitudeMode>
                  <outerBoundaryIs>
                    <LinearRing>
                      <coordinates>-96.75890000000001,32.7186,165.44754871590544 -96.75890000000001,32.7186,170.31754871590545 -96.7583,32.7186,170.31754871590545 -96.7583,32.7186,165.44754871590544</coordinates>
                    </LinearRing>
                  </outerBoundaryIs>
                </Polygon>
                <Polygon>
                  <altitudeMode>absolute</altitudeMode>
                  <outerBoundaryIs>
                    <LinearRing>
                      <coordinates>-96.7583,32.7186,165.44754871590544 -96.7583,32.7186,170.31754871590545 -96.7583,32.71825,170.31754871590545 -96.7583,32.71825,165.44754871590544</coordinates>
                    </LinearRing>
                  </outerBoundaryIs>
                </Polygon>
                <Polygon>
                  <altitudeMode>absolute</altitudeMode>
                  <outerBoundaryIs>
                    <LinearRing>
                      <coordinates>-96.7583,32.71825,165.44754871590544 -96.7583,32.71825,170.31754871590545 -96.75890000000001,32.71825,170.31754871590545 -96.75890000000001,32.71825,165.44754871590544</coordinates>
                    </LinearRing>
                  </outerBoundaryIs>
                </Polygon>
              </MultiGeometry>
            </Placemark>
          </Folder>
          <Folder>
            <name>E159: uss1_core astm.f3548.v21.uss.getOperationalIntentDetails</name>
            <Folder>
              <name>uss1's P0 Accepted 69adfa6b-fd6c-4305-be7f-363a4642ef3c[1] @ wO3fzj883FvmrinbjBfAnoDTkdoWykn9PN42y54UVBY_</name>
              <Placemark>
                <name>Nominal volume 0</name>
                <styleUrl>#F3548v21Accepted</styleUrl>
                <TimeSpan>
                  <begin>2026-05-21T14:56:23.334698+00:00</begin>
                  <end>2026-05-21T15:41:23.288319+00:00</end>
                </TimeSpan>
                <MultiGeometry>
                  <Polygon>
                    <altitudeMode>absolute</altitudeMode>
                    <outerBoundaryIs>
                      <LinearRing>
                        <coordinates>-96.75890000000001,32.7183,165.44767239934487 -96.7583,32.71825,165.44767239934487 -96.7587,32.7186,165.44767239934487</coordinates>
                      </LinearRing>
                    </outerBoundaryIs>
                  </Polygon>
                  <Polygon>
                    <altitudeMode>absolute</altitudeMode>
                    <outerBoundaryIs>
                      <LinearRing>
                        <coordinates>-96.75890000000001,32.7183,170.31767239934487 -96.7583,32.71825,170.31767239934487 -96.7587,32.7186,170.31767239934487</coordinates>
                      </LinearRing>
                    </outerBoundaryIs>
                  </Polygon>
                  <Polygon>
                    <altitudeMode>absolute</altitudeMode>
                    <outerBoundaryIs>
                      <LinearRing>
                        <coordinates>-96.75890000000001,32.7183,165.44767239934487 -96.75890000000001,32.7183,170.31767239934487 -96.7583,32.71825,170.31767239934487 -96.7583,32.71825,165.44767239934487</coordinates>
                      </LinearRing>
                    </outerBoundaryIs>
                  </Polygon>
                  <Polygon>
                    <altitudeMode>absolute</altitudeMode>
                    <outerBoundaryIs>
                      <LinearRing>
                        <coordinates>-96.7583,32.71825,165.44767239934487 -96.7583,32.71825,170.31767239934487 -96.7587,32.7186,170.31767239934487 -96.7587,32.7186,165.44767239934487</coordinates>
                      </LinearRing>
                    </outerBoundaryIs>
                  </Polygon>
                  <Polygon>
                    <altitudeMode>absolute</altitudeMode>
                    <outerBoundaryIs>
                      <LinearRing>
                        <coordinates>-96.7587,32.7186,165.44767239934487 -96.7587,32.7186,170.31767239934487 -96.75890000000001,32.7183,170.31767239934487 -96.75890000000001,32.7183,165.44767239934487</coordinates>
                      </LinearRing>
                    </outerBoundaryIs>
                  </Polygon>
                </MultiGeometry>
              </Placemark>
            </Folder>
          </Folder>
        </Folder>
        <Folder>
          <name>Declare Flight 2 non-conforming</name>
          <Folder>
            <name>E168: uss1_dss astm.f3548.v21.dss.queryOperationalIntentReferences</name>
            <Placemark>
              <name>area_of_interest</name>
              <styleUrl>#QueryArea</styleUrl>
              <description><![CDATA[<ul><li>uss1's Accepted 69adfa6b-fd6c-4305-be7f-363a4642ef3c[1]</li><li>uss2's Activated cf3929e6-3ecf-406c-af9e-18418ce869d9[3]</li></ul>]]></description>
              <TimeSpan>
                <begin>2026-05-21T14:56:22.527271+00:00</begin>
                <end>2026-05-21T15:41:23.527271+00:00</end>
              </TimeSpan>
              <MultiGeometry>
                <Polygon>
                  <altitudeMode>absolute</altitudeMode>
                  <outerBoundaryIs>
                    <LinearRing>
                      <coordinates>-96.75890000000001,32.71785,120.4376884122004 -96.75890000000001,32.7186,120.4376884122004 -96.7583,32.7186,120.4376884122004 -96.7583,32.71785,120.4376884122004</coordinates>
                    </LinearRing>
                  </outerBoundaryIs>
                </Polygon>
                <Polygon>
                  <altitudeMode>absolute</altitudeMode>
                  <outerBoundaryIs>
                    <LinearRing>
                      <coordinates>-96.75890000000001,32.71785,170.3176884122004 -96.75890000000001,32.7186,170.3176884122004 -96.7583,32.7186,170.3176884122004 -96.7583,32.71785,170.3176884122004</coordinates>
                    </LinearRing>
                  </outerBoundaryIs>
                </Polygon>
                <Polygon>
                  <altitudeMode>absolute</altitudeMode>
                  <outerBoundaryIs>
                    <LinearRing>
                      <coordinates>-96.75890000000001,32.71785,120.4376884122004 -96.75890000000001,32.71785,170.3176884122004 -96.75890000000001,32.7186,170.3176884122004 -96.75890000000001,32.7186,120.4376884122004</coordinates>
                    </LinearRing>
                  </outerBoundaryIs>
                </Polygon>
                <Polygon>
                  <altitudeMode>absolute</altitudeMode>
                  <outerBoundaryIs>
                    <LinearRing>
                      <coordinates>-96.75890000000001,32.7186,120.4376884122004 -96.75890000000001,32.7186,170.3176884122004 -96.7583,32.7186,170.3176884122004 -96.7583,32.7186,120.4376884122004</coordinates>
                    </LinearRing>
                  </outerBoundaryIs>
                </Polygon>
                <Polygon>
                  <altitudeMode>absolute</altitudeMode>
                  <outerBoundaryIs>
                    <LinearRing>
                      <coordinates>-96.7583,32.7186,120.4376884122004 -96.7583,32.7186,170.3176884122004 -96.7583,32.71785,170.3176884122004 -96.7583,32.71785,120.4376884122004</coordinates>
                    </LinearRing>
                  </outerBoundaryIs>
                </Polygon>
                <Polygon>
                  <altitudeMode>absolute</altitudeMode>
                  <outerBoundaryIs>
                    <LinearRing>
                      <coordinates>-96.7583,32.71785,120.4376884122004 -96.7583,32.71785,170.3176884122004 -96.75890000000001,32.71785,170.3176884122004 -96.75890000000001,32.71785,120.4376884122004</coordinates>
                    </LinearRing>
                  </outerBoundaryIs>
                </Polygon>
              </MultiGeometry>
            </Placemark>
          </Folder>
          <Folder>
            <name>E170: uss1_core interuss.automated_testing.flight_planning.v1.UpsertFlightPlan</name>
            <Folder>
              <name>Activity NotSupported, flight Planned</name>
              <Placemark>
                <name>Volume 0</name>
                <styleUrl>#InUse_OffNominal</styleUrl>
                <TimeSpan>
                  <begin>2026-05-21T14:56:22.527271+00:00</begin>
                  <end>2026-05-21T15:41:23.527271+00:00</end>
                </TimeSpan>
                <MultiGeometry>
                  <Polygon>
                    <altitudeMode>absolute</altitudeMode>
                    <outerBoundaryIs>
                      <LinearRing>
                        <coordinates>-96.75890000000001,32.7183,120.43795468550222 -96.7587,32.71785,120.43795468550222 -96.7585,32.71825,120.43795468550222 -96.7587,32.7186,120.43795468550222</coordinates>
                      </LinearRing>
                    </outerBoundaryIs>
                  </Polygon>
                  <Polygon>
                    <altitudeMode>absolute</altitudeMode>
                    <outerBoundaryIs>
                      <LinearRing>
                        <coordinates>-96.75890000000001,32.7183,148.31795468550223 -96.7587,32.71785,148.31795468550223 -96.7585,32.71825,148.31795468550223 -96.7587,32.7186,148.31795468550223</coordinates>
                      </LinearRing>
                    </outerBoundaryIs>
                  </Polygon>
                  <Polygon>
                    <altitudeMode>absolute</altitudeMode>
                    <outerBoundaryIs>
                      <LinearRing>
                        <coordinates>-96.75890000000001,32.7183,120.43795468550222 -96.75890000000001,32.7183,148.31795468550223 -96.7587,32.71785,148.31795468550223 -96.7587,32.71785,120.43795468550222</coordinates>
                      </LinearRing>
                    </outerBoundaryIs>
                  </Polygon>
                  <Polygon>
                    <altitudeMode>absolute</altitudeMode>
                    <outerBoundaryIs>
                      <LinearRing>
                        <coordinates>-96.7587,32.71785,120.43795468550222 -96.7587,32.71785,148.31795468550223 -96.7585,32.71825,148.31795468550223 -96.7585,32.71825,120.43795468550222</coordinates>
                      </LinearRing>
                    </outerBoundaryIs>
                  </Polygon>
                  <Polygon>
                    <altitudeMode>absolute</altitudeMode>
                    <outerBoundaryIs>
                      <LinearRing>
                        <coordinates>-96.7585,32.71825,120.43795468550222 -96.7585,32.71825,148.31795468550223 -96.7587,32.7186,148.31795468550223 -96.7587,32.7186,120.43795468550222</coordinates>
                      </LinearRing>
                    </outerBoundaryIs>
                  </Polygon>
                  <Polygon>
                    <altitudeMode>absolute</altitudeMode>
                    <outerBoundaryIs>
                      <LinearRing>
                        <coordinates>-96.7587,32.7186,120.43795468550222 -96.7587,32.7186,148.31795468550223 -96.75890000000001,32.7183,148.31795468550223 -96.75890000000001,32.7183,120.43795468550222</coordinates>
                      </LinearRing>
                    </outerBoundaryIs>
                  </Polygon>
                </MultiGeometry>
              </Placemark>
            </Folder>
          </Folder>
        </Folder>
      </Folder>
      <Folder>
        <name/>
        <Folder>
          <name>Cleanup</name>
        </Folder>
      </Folder>
    </Folder>
  </Document>
</kml>
